left_knee_angle,right_knee_angle,back_angle,symmetry_score,label
160.72563281011966,160.21113361209694,175.90683235075423,0.5144991980227189,perfect_squat
157.68855718167984,170.60699277051592,169.08282006538653,12.918435588836076,perfect_squat
171.30614081881123,170.74244877012876,155.30468088794996,0.5636920486824692,perfect_squat
160.34766172972948,157.995651625503,169.17779444097684,2.35201010422648,perfect_squat
157.8293246501848,151.5774888541234,170.2411403990561,6.2518357960613855,perfect_squat
148.25776515828287,149.63959450462465,154.5720919709838,1.3818293463417888,perfect_squat
149.08691134461628,151.9606185911804,139.20467595976018,2.8737072465641234,perfect_squat
148.53124629843583,151.08466344160664,139.3116059627399,2.5534171431708046,perfect_squat
134.49186798389644,145.63028060546233,125.2132561268083,11.138412621565891,perfect_squat
135.32392811030505,143.47738479750151,125.22875784224425,8.153456687196467,perfect_squat
137.9783931378603,145.06130194954684,128.00794134234235,7.082908811686536,perfect_squat
104.80729347510723,134.66369389705966,92.74396360943473,29.85640042195243,perfect_squat
118.22604467215423,129.24548251828668,102.12026095211614,11.019437846132448,perfect_squat
100.94291198052416,124.88185259377632,88.4204280966993,23.938940613252157,perfect_squat
98.34280090163334,124.98320067238829,87.47909424266423,26.640399770754954,perfect_squat
99.14212605366706,127.00132697559815,86.21365592681586,27.85920092193109,perfect_squat
113.64983414828204,120.04156355539618,97.10522123530137,6.391729407114141,perfect_squat
125.73282843098288,113.00938143609484,110.43225636189312,12.723446994888036,perfect_squat
122.57254628471173,116.44510805971973,117.66857835844573,6.127438224992005,perfect_squat
107.57688283274531,85.29644837896298,102.80678969154103,22.280434453782334,perfect_squat
88.71584678297232,83.4851670602394,84.28105548445116,5.230679722732916,perfect_squat
146.94023197056356,158.7496468615821,65.38739771194855,11.809414891018548,perfect_squat
146.19063156722646,162.22041087182143,71.08564394340112,16.029779304594967,perfect_squat
144.64420697019582,156.15022595443745,73.27829231909789,11.50601898424162,perfect_squat
132.90549375961666,140.29030465402613,74.5617260055711,7.384810894409469,perfect_squat
130.23459599852796,131.0714853499357,79.06646857517823,0.8368893514077342,perfect_squat
140.83997418582257,162.3232738284622,76.57283539662805,21.483299642639622,perfect_squat
151.96038410633628,168.80244766135453,79.59421252041962,16.842063555018257,perfect_squat
153.97567656390552,170.48490201706343,89.41190306078568,16.50922545315791,perfect_squat
164.19074148445026,175.47775359488975,100.7327630573174,11.287012110439491,perfect_squat
158.30040239634224,163.99464353592182,90.3128654414602,5.694241139579589,perfect_squat
155.62136055433527,156.61494225355267,91.3053009720592,0.9935816992174011,perfect_squat
155.54643036492405,156.75732546399425,87.6702413214401,1.2108950990701999,perfect_squat
155.9608881743741,160.19619196294136,86.25503508078413,4.235303788567251,perfect_squat
146.62571763700075,149.6795489647861,100.85877782304381,3.0538313277853604,perfect_squat
155.9937568083651,165.81549725269954,95.09511716175976,9.821740444334438,perfect_squat
168.5628151877548,174.93724266610903,90.6739253318731,6.374427478354221,perfect_squat
161.31811942401575,172.97945800591447,79.04632058579622,11.661338581898718,perfect_squat
160.9897695114575,169.21131449209904,80.46287162857413,8.22154498064154,perfect_squat
159.37248733635957,177.33812312650198,91.10209868305122,17.965635790142414,perfect_squat
157.54887138682938,162.53783470441286,162.41532124679242,4.988963317583483,perfect_squat
159.5773930874413,162.41355761197863,161.52629348563613,2.836164524537338,perfect_squat
160.28236955723972,162.12715923193298,160.9208710362631,1.84478967469326,perfect_squat
160.6894363145446,162.04691094012486,160.50482679599844,1.3574746255802665,perfect_squat
161.77869950615388,162.77926142113873,160.19774141993622,1.0005619149848428,perfect_squat
161.51547218458828,162.1317560656313,160.2802063152383,0.6162838810430173,perfect_squat
163.04120193431558,163.80794116517626,159.6403519249198,0.7667392308606793,perfect_squat
162.74849038469424,163.5719849419468,159.70120785801086,0.8234945572525589,perfect_squat
163.22931250078219,164.07202652134976,160.68395300207357,0.8427140205675698,perfect_squat
162.70918143943587,163.31418055319236,161.58419725070925,0.6049991137564916,perfect_squat
161.3802068981534,162.96931826027986,159.15113132143506,1.5891113621264594,perfect_squat
160.1537560005493,163.9708384096157,154.80389516825565,3.8170824090664155,perfect_squat
160.0455930388033,163.52052376845336,155.97547846674473,3.4749307296500547,perfect_squat
158.91980822180238,164.170829061629,152.76433462776743,5.251020839826623,perfect_squat
156.24357365245902,163.2328917374562,149.6565927912186,6.989318084997194,perfect_squat
146.2170222251055,157.51723432848644,137.30882832662778,11.300212103380943,perfect_squat
149.13756072236535,158.06258205997221,137.34735775840704,8.925021337606864,perfect_squat
151.11708067382924,161.98741960053707,138.84180797026087,10.87033892670783,perfect_squat
149.79498051247776,164.2094462820349,136.53300297491376,14.414465769557125,perfect_squat
150.91401027238035,165.04391531663202,138.20258145934912,14.129905044251672,perfect_squat
149.70306485398984,164.61207158021767,138.37269868535938,14.90900672622783,perfect_squat
149.73886038344386,164.24436576789807,138.51158088197027,14.50550538445421,perfect_squat
145.9712939895589,163.05252647531287,140.84497227914895,17.081232485753986,perfect_squat
144.668037524174,164.86108335389144,138.7993565922193,20.193045829717448,perfect_squat
144.11145059393638,165.69177921145163,137.9208372822807,21.58032861751525,perfect_squat
151.997748259297,154.21419321964055,158.8874922915052,2.2164449603435514,perfect_squat
156.84700980077932,156.59332088841595,152.84964881868723,0.25368891236337276,perfect_squat
158.42611139603702,155.1201969853587,152.22177843950465,3.3059144106783265,perfect_squat
156.4686638883796,153.22509981638134,150.3169831333294,3.2435640719982644,perfect_squat
144.8252473574843,150.91300429090072,145.42424099172146,6.087756933416415,perfect_squat
139.99245256326955,151.313690180133,139.83847422295744,11.321237616863442,perfect_squat
147.6272327697088,160.03256415052894,141.96984145042208,12.405331380820144,perfect_squat
148.76532321045337,161.46570530848481,139.60980618636643,12.70038209803144,perfect_squat
148.1124693157128,159.98596878320365,121.33078952882686,11.87349946749086,perfect_squat
148.87531505740498,159.93794757085598,121.13436418268883,11.062632513451007,perfect_squat
163.10494836023662,172.75814694632533,169.74295105402277,9.653198586088706,perfect_squat
159.26991870336477,170.5565397180542,163.47849454138375,11.286621014689445,perfect_squat
155.83804038940372,168.03137701174825,157.326847010615,12.193336622344532,perfect_squat
156.3116272380291,168.13169170371327,166.06445962120833,11.820064465684169,perfect_squat
154.44341384583996,164.96121401487693,162.0283711567686,10.517800169036974,perfect_squat
154.61675703214433,162.17760577600853,168.28332263425773,7.560848743864199,perfect_squat
159.07950450738434,168.24531774346926,174.95279640463696,9.165813236084915,perfect_squat
157.49362729770223,166.67566724867044,174.7215803174026,9.182039950968203,perfect_squat
157.11739895871207,167.02813952112749,173.91740428865037,9.910740562415413,perfect_squat
151.4217932653457,159.19819699037183,175.96025268382164,7.776403725026114,perfect_squat
151.86257753194883,160.84479725615077,173.59677376594362,8.98221972420194,perfect_squat
152.6218685540934,162.367483788676,173.87234629448238,9.745615234582601,perfect_squat
152.5839244261127,162.1062089293865,172.75102832815705,9.522284503273795,perfect_squat
151.90443169184215,160.58909736737584,176.98946243287133,8.684665675533694,perfect_squat
147.31284437526253,154.49695084858857,176.65924888640842,7.18410647332604,perfect_squat
142.45004430019642,147.55339677739678,174.03262290368693,5.10335247720036,perfect_squat
141.33258296260541,144.50868236016908,170.77217783250845,3.176099397563661,perfect_squat
141.8590238143451,143.0374504632191,169.7792078475404,1.1784266488739945,perfect_squat
142.31394248882503,141.6838368312674,168.07045489319336,0.6301056575576354,perfect_squat
142.87626167682566,142.1922489846809,167.7831373761637,0.684012692144762,perfect_squat
142.4335503340143,141.40933396033,167.8572720120231,1.024216373684311,perfect_squat
140.78175008728059,140.34699976489236,168.11639296818026,0.43475032238822564,perfect_squat
140.89717008897,140.39598739266776,168.2697809152302,0.5011826963022372,perfect_squat
139.45131977199338,139.94310201243036,167.5635626502664,0.4917822404369758,perfect_squat
138.7309629978187,138.1163754815991,167.33402402180738,0.6145875162195864,perfect_squat
139.9667197930852,139.59448230142948,166.36428471562903,0.3722374916557101,perfect_squat
140.2055829642527,142.50780799234337,163.28804319686708,2.3022250280906746,perfect_squat
140.12908396572928,143.5209250420545,162.72999661660958,3.391841076325221,perfect_squat
139.85794655971532,143.86420109514827,162.86216110317065,4.006254535432959,perfect_squat
139.76864726381567,144.27995854234666,163.05561812985252,4.511311278530997,perfect_squat
136.8070115519695,142.96963749865665,164.2274886903816,6.162625946687143,perfect_squat
133.5796902327678,141.13769700091459,166.69901535128952,7.558006768146782,perfect_squat
134.6110293549809,141.59957403170472,169.30911154293807,6.988544676723819,perfect_squat
134.45223350996096,140.85899878345484,170.3772055228064,6.406765273493875,perfect_squat
135.24673913186038,140.63030384272173,170.30287207303667,5.38356471086135,perfect_squat
134.28868950096805,138.1823574892151,171.29794337946015,3.8936679882470457,perfect_squat
141.61733127919337,143.42200136232842,174.4570516262622,1.8046700831350506,perfect_squat
142.8707246974704,144.70837000196855,171.54754651659934,1.837645304498153,perfect_squat
144.2137841119653,147.81611881308646,169.3409027728714,3.6023347011211513,perfect_squat
146.34976469601386,151.4051330707089,167.05718820936016,5.0553683746950355,perfect_squat
146.381018756401,144.01588769198398,162.1693238510039,2.365131064417028,perfect_squat
143.86968682847325,135.32126871183058,158.90032970516697,8.548418116642665,perfect_squat
143.39635008632806,132.08533821102463,157.09108187763957,11.311011875303421,perfect_squat
143.25807090840564,125.63317461648424,153.66327873421952,17.624896291921402,perfect_squat
140.553337131425,135.49483783642202,152.49626819002768,5.058499295002974,perfect_squat
142.19499908232822,139.10415584683605,142.6206745372131,3.090843235492173,perfect_squat
138.54294139430914,147.67060390522695,134.51266989851675,9.127662510917816,perfect_squat
141.09621839085204,116.65336530893948,129.0998126655748,24.44285308191256,perfect_squat
154.15242701457314,124.1525477382679,148.03655806995187,29.999879276305236,perfect_squat
140.3766320592418,162.08135288221825,144.7148617370776,21.70472082297644,perfect_squat
140.13343494269134,150.70658096049542,157.09261555318318,10.573146017804078,perfect_squat
142.79675662398432,155.38310774548265,155.8448199704127,12.586351121498325,perfect_squat
144.86515756916694,152.53411741468855,146.31780749411755,7.668959845521613,perfect_squat
141.9470550224642,147.52440427676973,144.11096178814407,5.577349254305517,perfect_squat
139.52230323117905,149.4293126749234,141.3528063636381,9.907009443744357,perfect_squat
150.6879935513249,156.8017980434302,144.7794454905026,6.1138044921053165,perfect_squat
156.720198289296,156.0712082310537,133.69593761311984,0.6489900582423047,perfect_squat
144.87445732602797,160.69044289119148,108.5104008607229,15.815985565163516,perfect_squat
123.73933544194031,154.9582222490697,75.42313210429351,31.218886807129394,perfect_squat
112.4398577022008,140.29590756743448,75.45070153457081,27.856049865233686,perfect_squat
124.76887757424478,151.23703956126286,80.05134818278619,26.468161987018078,perfect_squat
137.8859402696465,157.3461852820296,91.44200405288841,19.460245012383098,perfect_squat
140.71847693797267,163.2333422328931,96.93588397236118,22.51486529492044,perfect_squat
132.2058477524395,155.18016683588775,85.67786913136091,22.97431908344825,perfect_squat
146.5223315678091,163.1639931377074,94.56993574003171,16.641661569898304,perfect_squat
144.56204610506563,162.38543561930393,97.04968244898961,17.8233895142383,perfect_squat
144.75839927705147,161.11656117759355,98.5397644973285,16.358161900542086,perfect_squat
147.229068455946,158.51322816455362,119.82449844922398,11.284159708607632,perfect_squat
144.15055596289196,164.68206655573232,114.56753246257307,20.531510592840363,perfect_squat
141.95879799972064,156.92073135136891,114.42223181935012,14.96193335164827,perfect_squat
143.39745869765525,156.2089501631139,111.38775113376477,12.811491465458658,perfect_squat
139.15159109211427,150.15598863245236,104.97641565589915,11.00439754033809,perfect_squat
136.1328375212244,148.78959720879192,94.20351631167149,12.65675968756753,perfect_squat
134.17600312011325,152.05366735013584,94.16439656855795,17.87766423002259,perfect_squat
138.26124778944572,152.8823950497658,98.49049287652001,14.621147260320072,perfect_squat
144.52902078511187,154.36991764777233,115.52542802074923,9.840896862660458,perfect_squat
142.13867138693004,155.1354280899259,116.38985435460528,12.996756702995867,perfect_squat
142.12435864285737,156.19844323658907,115.11255150679696,14.074084593731698,perfect_squat
146.17867355372746,157.75687394604338,123.61326954905665,11.578200392315921,perfect_squat
147.65618543892145,151.73955691097362,122.5302425806675,4.083371472052164,perfect_squat
146.29713110165673,154.03285303719622,118.8232812240576,7.7357219355394875,perfect_squat
144.18921089969007,151.50304992042456,117.28371206725586,7.313839020734491,perfect_squat
143.6754803720495,145.75754963541965,115.76892978073212,2.0820692633701583,perfect_squat
141.74702526464225,142.5728676177255,108.54566070571512,0.8258423530832602,perfect_squat
131.6836968186235,133.69985950129086,99.1768638516318,2.016162682667357,perfect_squat
134.6122069717307,134.62025479686014,100.74619517281677,0.008047825129438024,perfect_squat
131.63136437279752,133.07995498185412,101.76368114214495,1.4485906090565948,perfect_squat
132.28559467600445,129.26865394234247,100.70572641551261,3.0169407336619827,perfect_squat
135.39375781523154,124.44990471618281,101.10692973788088,10.943853099048724,perfect_squat
143.00064788891305,125.5547168655629,106.0197212251623,17.445931023350155,perfect_squat
141.75275951757203,129.11781326400333,104.8598239467403,12.6349462535687,perfect_squat
140.378265688599,135.33387838923446,103.62018577296536,5.04438729936453,perfect_squat
140.63125511293734,129.92148172380456,109.40909265289342,10.709773389132778,perfect_squat
142.02289475454705,125.82906250444704,112.00303571627008,16.193832250100016,perfect_squat
147.32227344835843,120.45601365796158,111.87795919916547,26.866259790396853,perfect_squat
133.2368746162048,122.94200223812459,107.12891736647508,10.294872378080214,perfect_squat
125.53508460707886,119.14152251191743,103.49046028831575,6.393562095161428,perfect_squat
121.51951314120498,115.4999546319756,99.19499871378933,6.019558509229384,perfect_squat
119.66005692404678,115.34908963300884,97.40511394794255,4.31096729103794,perfect_squat
122.34595288108729,113.06217237114578,97.27378819538754,9.283780509941508,perfect_squat
131.54424205338796,105.80733753564333,95.53018998070677,25.736904517744634,perfect_squat
132.17346031261096,111.84203469539626,94.0517286078613,20.33142561721469,perfect_squat
132.9199106633974,112.81897314229485,93.4760821524031,20.100937521102537,perfect_squat
132.75411446146109,125.73671448347879,90.91555140625168,7.0173999779822935,perfect_squat
133.4792745760772,127.49019168966667,92.10258100298093,5.989082886410515,perfect_squat
132.42542071040108,127.54897112751233,92.08644666727425,4.876449582888753,perfect_squat
139.1178255868434,118.57155765108868,97.49136799135633,20.546267935754713,perfect_squat
143.7598484061398,113.61700444006996,98.66953449152697,30.142843966069847,perfect_squat
147.20099076420158,110.43580865129752,97.1342062699116,36.76518211290406,perfect_squat
136.038137935084,111.10123751217222,91.06574674158409,24.936900422911776,perfect_squat
132.23815556317524,119.27546499398012,94.33481537261993,12.962690569195118,perfect_squat
124.04251207050199,124.0368544208512,92.12512911333978,0.0056576496507858565,perfect_squat
114.06172623555616,136.31553698793735,97.32715070777098,22.253810752381185,perfect_squat
115.81590534901831,143.16402615559463,99.33765695059894,27.34812080657632,perfect_squat
123.86231966479416,153.22900192085274,114.11743533683966,29.36668225605858,perfect_squat
127.51391669012156,157.3362159017497,117.21543740043533,29.82229921162815,perfect_squat
133.21488882244486,156.60275686952872,124.68423079622643,23.387868047083856,perfect_squat
122.64702806543613,158.2186870147139,130.54933613850466,35.571658949277776,perfect_squat
129.46513317895875,158.92410615758638,134.04717409240416,29.458972978627628,perfect_squat
129.53307906784588,158.9681067251521,137.08630129826395,29.43502765730622,perfect_squat
138.8762707561888,155.54140006012685,143.77824235420147,16.665129303938045,perfect_squat
137.98757962207992,144.58295595009858,147.03428779948177,6.595376328018659,perfect_squat
136.11361515978103,141.36736505413637,145.935033308674,5.253749894355337,perfect_squat
147.05875322203914,156.5545736023608,161.45825522891363,9.495820380321646,perfect_squat
160.62993586652635,160.42066277438943,175.5994615841085,0.20927309213692524,perfect_squat
161.03204929909563,160.608387009021,175.80467781359386,0.4236622900746454,perfect_squat
162.38071688754286,161.68916094888576,173.45811669932672,0.6915559386571033,perfect_squat
158.8604841412218,165.75016798814244,172.0923457192672,6.889683846920633,perfect_squat
160.02982866664215,164.57526848303414,172.61844968644746,4.5454398163919905,perfect_squat
159.33700015560953,164.23295854759922,170.75856559116207,4.895958391989694,perfect_squat
159.50199154367897,163.83687683923748,167.4129221342835,4.334885295558507,perfect_squat
158.6118364147977,165.22099872440754,167.2128712668213,6.609162309609843,perfect_squat
155.69681603487473,164.20371615056945,167.7459091891442,8.50690011569472,perfect_squat
154.35475378708466,164.111032857773,169.7286986326997,9.75627907068835,perfect_squat
158.17968664887772,164.36624416652435,172.46645761642242,6.186557517646634,perfect_squat
163.3821632794765,164.15302432081876,172.07950028612234,0.7708610413422718,perfect_squat
164.2362240184284,163.8729701544593,173.23314259554317,0.3632538639691063,perfect_squat
165.01058350832503,164.27954729278392,170.69853429827253,0.7310362155411099,perfect_squat
164.55837041654974,164.17716938587836,169.84881726413096,0.38120103067137734,perfect_squat
163.8852822068277,164.08819786543233,169.58881236936497,0.20291565860463834,perfect_squat
163.77670173229023,164.47500507030128,169.07507884669153,0.6983033380110442,perfect_squat
163.56121696629242,164.52729922249537,167.98644035607103,0.9660822562029523,perfect_squat
163.5724357249333,164.47877224467337,168.88194586019472,0.9063365197400515,perfect_squat
163.46484969754425,164.3001127776415,167.82268800232598,0.8352630800972349,perfect_squat
163.31389140207833,163.903472690658,166.24591987158405,0.5895812885796659,perfect_squat
162.9615800380247,163.05701401875984,165.86272781469762,0.09543398073515164,perfect_squat
163.14339078381522,162.65176735154236,166.48193019677055,0.4916234322728599,perfect_squat
163.53929951470897,162.34971544230305,166.39869769067377,1.1895840724059212,perfect_squat
162.85940929089733,163.47972237836643,167.14461555015683,0.6203130874690999,perfect_squat
162.68271814060307,163.4832356093886,167.09656709800046,0.8005174687855288,perfect_squat
162.84808967552,163.69417651070322,167.46927755674642,0.8460868351832289,perfect_squat
162.5266277974175,163.79455052453102,167.42777482590228,1.267922727113529,perfect_squat
162.44217185679827,163.5661345843454,165.70850030377613,1.1239627275471378,perfect_squat
162.36885405219425,163.5117155508627,164.49655797653838,1.1428614986684522,perfect_squat
162.69375066120193,163.81628735641044,165.37823295081768,1.1225366952085096,perfect_squat
162.65194999284674,164.9192547491107,165.9233640756361,2.267304756263968,perfect_squat
162.5849432327166,164.8410397773166,166.3554291543425,2.2560965446000125,perfect_squat
162.84347636952938,163.94470235775367,165.3933185989591,1.1012259882242859,perfect_squat
162.99738354821332,163.9597485898068,164.82175545724644,0.9623650415934719,perfect_squat
162.8797622610014,163.87628597471542,163.1445761094749,0.9965237137140264,perfect_squat
162.6346905513862,163.96259223017663,163.6374362756422,1.3279016787904254,perfect_squat
162.49940272773813,164.1927477080396,163.16441825581353,1.6933449803014753,perfect_squat
163.08855464059585,163.78339470518097,161.70063725153264,0.6948400645851223,perfect_squat
163.2017381642053,163.82474935123182,162.24993989291934,0.6230111870265205,perfect_squat
163.15761647605333,163.631190530594,163.33013455142597,0.473574054540677,perfect_squat
162.622357089748,163.22664923987023,164.56390331189303,0.6042921501222338,perfect_squat
162.60059888467393,164.02031665707187,165.05039529471222,1.419717772397945,perfect_squat
162.61265654626925,165.74070938954827,164.80046384288872,3.128052843279022,perfect_squat
162.45982070434894,165.6275907765953,164.63295631635236,3.1677700722463555,perfect_squat
162.58483908240777,165.07268976699103,164.7456482874394,2.4878506845832646,perfect_squat
162.58499386922122,164.10718075191005,165.54055877301673,1.5221868826888283,perfect_squat
161.36853800256213,164.3140321775775,160.85909775099313,2.9454941750153694,perfect_squat
161.06850782515917,164.16267688262323,159.1845965103847,3.0941690574640575,perfect_squat
161.758244298948,164.06799816084933,160.5645918277737,2.309753861901328,perfect_squat
161.811926629171,163.66412036015373,161.63700686626777,1.8521937309827194,perfect_squat
162.15086497067924,163.26969793281708,161.91748925062902,1.1188329621378443,perfect_squat
163.03573226076492,163.50174280685513,163.08990622582218,0.4660105460902173,perfect_squat
163.32687880790223,164.011372310327,165.16165106208163,0.6844935024247718,perfect_squat
163.55813848815936,164.50508322229794,165.34175873340334,0.946944734138583,perfect_squat
164.13551120996178,165.36941236315317,164.06419550325373,1.2339011531913968,perfect_squat
164.68661348279005,165.86642936428584,165.68924124586493,1.1798158814957844,perfect_squat
165.0184056794872,166.4465455837462,166.1292459337791,1.4281399042590124,perfect_squat
164.76736708020823,167.2728885454852,165.8116271118562,2.5055214652769564,perfect_squat
164.62914460456474,167.62580528165137,165.6783825842186,2.9966606770866235,perfect_squat
164.53136795250575,167.8885671399077,165.32509033964246,3.35719918740196,perfect_squat
163.23956265227437,168.396118113305,166.0933731293693,5.156555461030621,perfect_squat
163.68093494219207,167.1285760530358,166.2052832711473,3.4476411108437333,perfect_squat
163.81985084031072,166.9513417422276,166.71208531368904,3.131490901916891,perfect_squat
163.42097025899943,165.73024085665514,167.049369700195,2.3092705976557113,perfect_squat
162.8563698528561,163.08424350682304,168.92771195178747,0.22787365396695236,perfect_squat
162.43438074898853,163.0116333879726,170.51445465389895,0.5772526389840777,perfect_squat
162.9511951570557,162.3336974407277,170.3922908014262,0.6174977163280175,perfect_squat
163.44447059535446,161.9041305449016,167.45318045859344,1.540340050452869,perfect_squat
164.01189830649815,162.93477847068678,166.82049639731724,1.0771198358113736,perfect_squat
163.8607310597786,163.2012038858388,167.1697574515971,0.6595271739398072,perfect_squat
163.53529464264105,163.3231882587183,167.4265885004139,0.21210638392275882,perfect_squat
163.69787811208354,163.9319864260799,169.07789961523636,0.23410831399635867,perfect_squat
163.81258029167304,164.1373641906374,170.67142787542844,0.32478389896436966,perfect_squat
163.2450160832418,164.14786474870942,171.15049840948652,0.9028486654676158,perfect_squat
162.43214567660317,164.34063043543472,171.9296016579263,1.9084847588315483,perfect_squat
162.3205656100986,164.8596552779824,173.08617148400725,2.539089667883786,perfect_squat
161.8462691633993,164.6220890464685,174.61968975830547,2.7758198830691754,perfect_squat
162.12495562539232,164.26938018498032,174.98715702007098,2.1444245595880034,perfect_squat
162.0117097506103,164.167614155779,172.9815184673436,2.1559044051687124,perfect_squat
161.9685203076738,164.04862042011018,173.10616523625515,2.0801001124363836,perfect_squat
162.04289500866813,163.97314614435547,172.7136275219088,1.9302511356873424,perfect_squat
162.38898476360734,163.79219950676205,171.46757877841293,1.403214743154706,perfect_squat
162.51975997604376,163.93891370127892,169.03012130458995,1.4191537252351623,perfect_squat
162.58566023813478,163.96680173098727,167.57464874008892,1.3811414928524925,perfect_squat
162.3696036905953,164.15821815351347,166.63828733274795,1.7886144629181615,perfect_squat
162.3534255381029,163.3490844975478,165.7753511768022,0.9956589594449099,perfect_squat
162.27153559732355,163.03479505098218,166.35859440366366,0.7632594536586339,perfect_squat
162.26368573805502,163.04710994056026,169.8879160397235,0.7834242025052447,perfect_squat
161.99071559491972,163.16281733494048,174.67943324125807,1.1721017400207643,perfect_squat
161.7290538587366,163.16338136327542,175.02441205959943,1.4343275045388282,perfect_squat
161.86466446136546,163.12758384266013,174.48543730761,1.2629193812946653,perfect_squat
161.8204929105367,163.32285169707373,174.11007174229337,1.5023587865370303,perfect_squat
162.0643984154619,163.28419103737448,174.3112516554185,1.2197926219125748,perfect_squat
162.1798313106988,163.47366629473086,174.04860772798654,1.2938349840320598,perfect_squat
162.23593791133243,163.25457225526333,174.09204677622085,1.0186343439308985,perfect_squat
161.98021391546868,163.26583047912513,174.57423009301624,1.285616563656447,perfect_squat
161.93964033050864,163.2924539494237,174.58044059638274,1.3528136189150644,perfect_squat
161.835518156217,163.18315300252263,175.11649556255304,1.347634846305624,perfect_squat
161.84632501482372,163.11139371676165,175.80398700140267,1.2650687019379347,perfect_squat
162.16125036999065,163.37662540045116,175.87654348937198,1.2153750304605069,perfect_squat
162.3208977592409,163.5986782328063,172.62896009914982,1.2777804735654001,perfect_squat
162.35623676867732,163.61223879216746,170.6579309876054,1.2560020234901401,perfect_squat
162.51481275529412,163.6726537043978,170.29724884044276,1.1578409491036723,perfect_squat
162.4698240412408,163.88080431103756,170.42123898535786,1.4109802697967666,perfect_squat
162.28401425648033,163.37004271190057,170.59443543254488,1.0860284554202337,perfect_squat
162.69368045712062,163.1945174180267,173.01271248498546,0.5008369609060708,perfect_squat
162.35586774921717,163.05125516026854,173.08813757473584,0.6953874110513709,perfect_squat
162.02739389006112,162.98464930015763,174.1452382852672,0.9572554100965078,perfect_squat
161.8728615166046,162.8512263813066,174.0869117307301,0.9783648647020016,perfect_squat
162.11484084817508,162.99013527552316,172.82650191442764,0.8752944273480807,perfect_squat
161.95624388991047,163.22322672461374,172.50451647711913,1.2669828347032706,perfect_squat
162.31309941182116,163.4610305582502,171.7680567774516,1.1479311464290447,perfect_squat
162.59970070826603,162.91033105220774,170.9688569126074,0.3106303439417104,perfect_squat
162.2321688596463,163.1126897182023,170.76801304440983,0.8805208585559967,perfect_squat
162.5278682249459,163.99016795598692,169.44746859733152,1.4622997310410142,perfect_squat
161.8930938846376,164.25813374091305,168.60569970915688,2.3650398562754447,perfect_squat
161.74589896813163,164.132160647543,168.46286670734324,2.3862616794113762,perfect_squat
162.0674064942154,164.34879300907107,168.93590310897707,2.281386514855683,perfect_squat
162.17803015856566,164.21213968292497,169.06500328203794,2.034109524359309,perfect_squat
162.11114721952734,164.16948749169234,169.87297106398145,2.0583402721649975,perfect_squat
162.10561806740216,163.18808535861706,169.54183654829205,1.082467291214897,perfect_squat
162.17968665697245,163.1891548951411,169.9463131852252,1.0094682381686368,perfect_squat
162.10499441192894,162.81114171541753,169.1368076248063,0.7061473034885921,perfect_squat
162.2009722647273,162.42172815032356,167.9718424821745,0.22075588559624748,perfect_squat
162.47991633701514,162.4581549950036,167.4335011996235,0.021761342011529905,perfect_squat
162.57162701659013,162.5036831507969,167.21432165966274,0.06794386579323941,perfect_squat
162.82215927235572,162.7863826786833,166.74272982098879,0.03577659367240926,perfect_squat
162.83475655318517,162.9505999100934,167.2913956838784,0.1158433569082149,perfect_squat
162.40013343886505,163.05028654522977,167.74839518858013,0.6501531063647121,perfect_squat
162.54231210718893,163.0978228308432,168.3801210379379,0.5555107236542653,perfect_squat
162.66934607101987,163.02872618124985,168.3566268543203,0.35938011022997784,perfect_squat
162.72021709893215,163.1146584549151,167.30571801965522,0.3944413559829343,perfect_squat
162.70045310305252,163.13591916547418,167.42078066215822,0.43546606242165353,perfect_squat
162.61356953377793,163.15142085584608,167.42491725249673,0.5378513220681498,perfect_squat
162.60482222092693,163.51778210696673,167.04173850529395,0.9129598860398005,perfect_squat
162.86749140058157,164.02293084822765,166.86027882542447,1.1554394476460743,perfect_squat
163.3266293756817,163.87563370436172,167.14387443163508,0.549004328680013,perfect_squat
163.1157763205132,163.93954518283348,167.68597271273572,0.8237688623202928,perfect_squat
163.31741533668284,163.90301383766317,167.87745643660512,0.5855985009803248,perfect_squat
163.50264039264712,163.44681912422647,167.91648115709484,0.05582126842065804,perfect_squat
163.49191816055625,163.16058589392577,167.70223643827063,0.33133226663048276,perfect_squat
162.64789550849315,163.48191430956356,166.0172365659231,0.8340188010704139,perfect_squat
162.25417432254895,163.78132898321456,164.8447600571798,1.527154660665616,perfect_squat
162.11285436734636,164.1993181766001,164.56995004898926,2.086463809253729,perfect_squat
162.03489178036406,164.08297234282546,164.22434360759428,2.0480805624613936,perfect_squat
162.10233732146455,164.0155245581912,164.14108644053644,1.9131872367266567,perfect_squat
162.15904473579073,164.01732166537172,163.1970511565289,1.8582769295809953,perfect_squat
162.16951926356586,163.72751623695206,163.46049142700886,1.5579969733861958,perfect_squat
162.14211799863497,163.6596447659957,163.61762824269067,1.517526767360721,perfect_squat
162.07554739021293,163.68494559505575,166.53672906046359,1.6093982048428188,perfect_squat
161.5611745670847,163.58959147560913,167.60332734391397,2.0284169085244343,perfect_squat
161.99110957320426,163.66207974882713,167.89735566725457,1.6709701756228696,perfect_squat
162.07018836482527,163.6571183144762,168.21586814870707,1.586929949650937,perfect_squat
162.12907149132644,163.5698907940079,170.682337031185,1.4408193026814615,perfect_squat
162.27125233302658,163.6643662161067,172.49323650302685,1.393113883080133,perfect_squat
162.64379983509932,163.78445847708426,172.49432652097022,1.1406586419849418,perfect_squat
163.15484769098,163.6897935071721,172.2325302249013,0.5349458161921063,perfect_squat
163.20902538533107,163.70132835908217,172.057384425049,0.49230297375109444,perfect_squat
162.94764908385233,163.84555541147134,171.95274762527143,0.8979063276190118,perfect_squat
162.76838268727045,163.86207220401172,171.91430509147756,1.0936895167412786,perfect_squat
162.54294127210727,163.87975680810453,171.29607406532375,1.3368155359972604,perfect_squat
162.3817592299252,163.79831999313288,171.19676388056604,1.4165607632076842,perfect_squat
162.2936471252324,164.0513052972426,171.16572415311276,1.7576581720101956,perfect_squat
160.19594732990342,163.37011312478194,167.68071861257155,3.174165794878519,perfect_squat
152.77006503972538,163.45749179470178,163.0365028748468,10.6874267549764,perfect_squat
147.87943500676658,162.56903847698413,160.47003501128617,14.689603470217548,perfect_squat
133.45715240327598,152.5214425617569,150.25765251285299,19.06429015848093,perfect_squat
131.9404408935715,147.10394482888267,146.21303580453332,15.163503935311184,perfect_squat
129.6356188188318,141.56688471060033,144.24051185907229,11.931265891768533,perfect_squat
126.94116832261031,132.9769468889151,141.10562606641935,6.035778566304799,perfect_squat
124.59355376911468,129.12458725496762,140.3604829947969,4.531033485852944,perfect_squat
123.29595149082677,125.40230464296515,139.6849843258905,2.1063531521383823,perfect_squat
122.65861163211625,123.75626823967687,137.9213959263803,1.0976566075606229,perfect_squat
112.52017141613102,107.78854755203852,128.60218838844952,4.731623864092498,perfect_squat
109.755250712035,107.5241253489963,126.05831237902227,2.2311253630387,perfect_squat
106.48233329817182,104.2579299112586,123.24587248651503,2.224403386913224,perfect_squat
104.32363339373796,103.91998527655149,120.46018517375639,0.40364811718647786,perfect_squat
104.77149105955532,100.25448042350833,119.50904164588175,4.51701063604699,perfect_squat
103.32188730900585,100.19834783869713,118.43371212101064,3.123539470308714,perfect_squat
100.57910452560117,96.68191828637546,117.74307258421209,3.8971862392257037,perfect_squat
94.91676852880222,93.4601835594356,114.84714299265626,1.4565849693666166,perfect_squat
93.35913128305246,92.14126280640852,115.03252790268374,1.2178684766439432,perfect_squat
90.81031523961867,87.9333384442384,113.95062275153393,2.8769767953802727,perfect_squat
88.7175244712588,85.36472680063693,110.72275915414241,3.352797670621868,perfect_squat
88.13516943527662,84.3672770325224,105.56516469890558,3.767892402754228,perfect_squat
88.35064164965087,83.44031022052131,100.49681454634417,4.910331429129556,perfect_squat
85.77718776093892,82.59846074311525,99.71225529256067,3.178727017823661,perfect_squat
78.22658111558808,76.45582110298673,91.76595726239194,1.7707600126013432,perfect_squat
73.87766420490107,71.60259911340951,85.21717643004881,2.2750650914915553,perfect_squat
72.12642932487027,68.38327748544899,80.60928542676251,3.7431518394212873,perfect_squat
69.50117149427666,67.90568173100144,76.96205724675579,1.595489763275225,perfect_squat
65.17038948935338,65.4702564869776,71.87224240584145,0.2998669976242212,perfect_squat
62.306583303268475,63.10698197070828,68.47545186997365,0.8003986674398078,perfect_squat
59.92408375684034,60.182576665606526,67.78278589480753,0.25849290876618625,perfect_squat
57.88640943169837,55.846015180429006,65.88347639556942,2.040394251269362,perfect_squat
57.657421377273536,54.31533628649763,67.7984441721949,3.342085090775903,perfect_squat
51.16898383706464,49.9108012712514,64.32027695479267,1.258182565813236,perfect_squat
50.6560626009914,47.53948773685556,61.10904252169572,3.116574864135835,perfect_squat
50.97214488437325,47.84490182755831,63.731833930111385,3.1272430568149403,perfect_squat
51.79101071408307,47.22312369844322,63.30783959712802,4.5678870156398546,perfect_squat
52.55227611688467,46.221014657013036,64.05429151896898,6.331261459871634,perfect_squat
51.68935388845507,46.036050272241,69.9459118015247,5.6533036162140675,perfect_squat
52.33793661787573,44.16626853236683,67.59679208809825,8.171668085508898,perfect_squat
54.89322332686946,44.90564039395372,66.43676066771181,9.987582932915743,perfect_squat
53.05396895454486,46.86273819644869,74.95680323888364,6.191230758096168,perfect_squat
52.28546796778979,46.80470653910597,75.12345598715665,5.48076142868382,perfect_squat
52.1356486698589,47.4620022023387,72.67332079151801,4.6736464675202,perfect_squat
52.5439747436487,48.318404817365646,68.98998491547772,4.22556992628305,perfect_squat
53.49461744573118,48.81540362513441,59.466409169670584,4.679213820596772,perfect_squat
58.37207382998433,51.274940606483604,59.57767148372646,7.097133223500727,perfect_squat
59.24087056408285,51.546142599442064,62.77739091792482,7.694727964640784,perfect_squat
61.6592418907318,52.903402447336184,64.63773180862228,8.755839443395615,perfect_squat
59.614757429155105,53.497707432800595,66.67965780743683,6.11704999635451,perfect_squat
62.84229332768099,56.80574537498417,73.08559886370718,6.0365479526968215,perfect_squat
63.55286035210429,59.69069824979107,75.16414659333351,3.8621621023132207,perfect_squat
63.50614358842275,63.2035117348578,73.00609090105071,0.3026318535649537,perfect_squat
64.83090409312591,65.43995306299922,74.61255048776506,0.6090489698733137,perfect_squat
70.23060004308388,69.26923947009249,81.6754195122972,0.9613605729913957,perfect_squat
74.26811372587005,72.30350834999051,85.8916194033253,1.9646053758795432,perfect_squat
75.54102711108604,72.77185932580136,86.23044827869965,2.7691677852846794,perfect_squat
77.9729256426594,74.74517729378485,89.76448683561044,3.227748348874556,perfect_squat
79.62469883944964,77.74264260541109,93.34785798923598,1.8820562340385436,perfect_squat
85.92789547978153,83.73152784483406,99.71931759907399,2.196367634947464,perfect_squat
90.90392420436962,90.64197116928545,103.46064095627919,0.26195303508416146,perfect_squat
92.98523198929864,94.15302976849642,105.90891724102825,1.1677977791977838,perfect_squat
103.25870443405252,104.38577941032342,110.45877822032685,1.1270749762709045,perfect_squat
110.82197836047801,112.36665292607496,119.31574038379904,1.5446745655969494,perfect_squat
116.20929310673667,113.5440775579595,122.64806561624846,2.6652155487771694,perfect_squat
118.5337417898638,116.15844490638656,121.99942262638304,2.3752968834772332,perfect_squat
118.64657826574457,116.39645531183,122.80824877383787,2.2501229539145697,perfect_squat
116.60841161640252,116.09615731289084,123.12400870182027,0.512254303511682,perfect_squat
121.61246335904642,125.783070414707,126.23207373814803,4.170607055660582,perfect_squat
122.0074224476849,127.79683655435271,127.36446430278194,5.789414106667806,perfect_squat
132.14947619252726,144.5229699090372,134.34637525951945,12.373493716509927,perfect_squat
132.6963255173513,149.82442448143473,133.3448129751109,17.12809896408342,perfect_squat
131.18088947481766,151.87574221136998,134.969471128419,20.69485273655232,perfect_squat
125.95231351705137,152.65391528166066,133.93748589167504,26.701601764609293,perfect_squat
121.33782368726887,150.63378319913443,132.19078484386785,29.29595951186556,perfect_squat
114.29417908911901,150.21485576049156,130.28872560581297,35.92067667137255,perfect_squat
106.02904403564884,148.85138744356877,129.03229558498734,42.82234340791993,perfect_squat
102.39775834259642,149.77037888780083,129.33602805306123,47.37262054520441,perfect_squat
103.25276455100077,149.8572491061713,129.88249659123036,46.604484555170544,perfect_squat
106.27029293126898,150.17284606007735,130.7841885128174,43.902553128808364,perfect_squat
107.7889526762816,150.46233428475782,131.1860070705018,42.67338160847622,perfect_squat
109.76164339245476,150.8704261445131,132.41506100622405,41.10878275205833,perfect_squat
114.77707989302206,151.7028704406343,134.9930279750575,36.92579054761225,perfect_squat
124.05198193468377,153.0466194938127,140.2936972674842,28.994637559128932,perfect_squat
138.19814375363302,156.06780619262724,147.3578462813155,17.869662438994226,perfect_squat
154.22123744831913,161.43142201591635,157.8507979835386,7.210184567597224,perfect_squat
157.60444534681673,162.92690398937302,161.0031211934429,5.322458642556285,perfect_squat
158.1078499713078,163.2594287157609,162.47079837372962,5.151578744453104,perfect_squat
159.001343524563,163.54315221467954,163.88409806501008,4.5418086901165395,perfect_squat
160.03709265969724,163.23862388278394,165.69155918447308,3.201531223086704,perfect_squat
160.17312358848613,163.04470834985352,166.09504310519495,2.8715847613673873,perfect_squat
156.92959711511855,162.94241366141085,166.2117257623394,6.012816546292299,perfect_squat
156.571713727035,161.22689728523878,165.3709341490553,4.655183558203788,perfect_squat
154.49743986138125,160.56238604346365,165.08036923636118,6.064946182082394,perfect_squat
154.809690386681,160.1740617298886,164.9524377155622,5.36437134320758,perfect_squat
154.37386213797987,159.28996108631262,164.40763607818084,4.9160989483327455,perfect_squat
152.720500754324,158.37616190620233,163.3321190783398,5.65566115187832,perfect_squat
156.50366770352926,161.54596983915928,164.0165683950668,5.042302135630024,perfect_squat
155.93686410964764,161.79806261935556,163.47828734388156,5.8611985097079184,perfect_squat
161.1438736860022,162.84733702832818,162.86242749495057,1.703463342325989,perfect_squat
160.233530067718,163.8187795120925,162.62122415314428,3.5852494443745115,perfect_squat
159.8831527563472,164.06436520676058,162.5206016367338,4.181212450413398,perfect_squat
161.48516682291566,164.47475934094092,163.7623113209291,2.989592518025262,perfect_squat
162.9475920984563,164.49849581468297,164.4886131862435,1.5509037162266566,perfect_squat
162.42234577534794,164.8690111788038,165.09402259939503,2.446665403455853,perfect_squat
162.19669104007258,165.01223513395408,165.28754433364628,2.815544093881499,perfect_squat
162.033091958504,165.29124030624166,165.84286821894236,3.2581483477376594,perfect_squat
162.43350781458136,165.25745242317763,168.92837227003926,2.823944608596264,perfect_squat
162.4292881246727,165.2189968256255,170.74637465132687,2.789708700952815,perfect_squat
162.39082709469147,164.7216545445349,172.2271074805293,2.33082744984344,perfect_squat
160.6996635561611,163.92208669601789,172.5924095369697,3.2224231398567724,perfect_squat
161.41087847108588,164.22839063617835,172.88098267100096,2.8175121650924666,perfect_squat
162.10501708275976,164.31906443245254,173.34985222044185,2.214047349692777,perfect_squat
162.9726971053716,164.2911556990788,173.31089826987204,1.3184585937071915,perfect_squat
162.69000460856827,164.9763329203989,172.1124631934733,2.28632831183063,perfect_squat
162.16912932766067,164.92660305381034,170.59722726401165,2.7574737261496693,perfect_squat
161.684174172488,165.51588041599965,169.78371481123077,3.8317062435116327,perfect_squat
161.37930459877077,165.72742706867362,169.20368022544656,4.348122469902847,perfect_squat
161.53147257333308,165.55580423973817,169.31354849384215,4.024331666405089,perfect_squat
161.65593001361427,165.33760553065778,169.36109747360283,3.681675517043516,perfect_squat
161.25847749257545,165.03848121334832,169.37641453673817,3.780003720772868,perfect_squat
160.77629865563043,165.081597213684,169.3986413990073,4.305298558053579,perfect_squat
160.59298002612786,164.05255784316566,169.17238002797322,3.459577817037797,perfect_squat
158.37310228037137,163.99065601297391,166.54574838626013,5.617553732602545,perfect_squat
154.00253487600185,161.69001693468232,163.8139201830666,7.687482058680473,perfect_squat
153.2419178077784,160.32581184965866,162.7575398820306,7.0838940418802565,perfect_squat
150.02538562431573,156.7651297875443,161.16209925418832,6.739744163228579,perfect_squat
149.33582355714546,156.87423421735303,160.1747452811137,7.538410660207575,perfect_squat
145.27133343970146,153.70312233297759,157.7980483436702,8.43178889327612,perfect_squat
142.53754384595692,154.85255322699257,156.4730975804009,12.315009381035651,perfect_squat
141.6818149816991,153.0551074961315,152.65773852148035,11.373292514432421,perfect_squat
139.51393585902937,152.78658774618242,151.71718888627126,13.272651887153046,perfect_squat
140.14401706271704,151.99756109172998,151.8653600998822,11.853544029012937,perfect_squat
138.53773215183273,146.08644915167068,150.35723287785459,7.54871699983795,perfect_squat
137.3961891037843,143.22945083511297,148.52337935487577,5.833261731328662,perfect_squat
137.6030135184414,144.35960108688386,146.99775297821344,6.7565875684424554,perfect_squat
133.46525120012222,139.00890536620722,144.4658040931163,5.543654166084991,perfect_squat
129.30510250013185,131.51718490930557,142.05246902493258,2.2120824091737177,perfect_squat
117.09455472978236,117.63540641117676,133.63060864872324,0.5408516813944004,perfect_squat
115.75286168145365,116.23357243375267,129.97838323734908,0.48071075229901794,perfect_squat
109.00024298463866,112.52320939888342,129.0892965450203,3.522966414244763,perfect_squat
105.79103955147241,108.9176483014697,129.07083781179077,3.1266087499972883,perfect_squat
105.18633892804203,106.29861744085837,127.75666794234265,1.1122785128163315,perfect_squat
100.69550442359761,101.32874979159787,123.90035469681699,0.6332453680002601,perfect_squat
92.48115328521988,92.75721779464003,115.7495178542491,0.27606450942015215,perfect_squat
88.12029793055378,90.61625126266527,116.89170195640018,2.4959533321114975,perfect_squat
88.21343787454943,89.65762705376558,114.89423420007631,1.4441891792161528,perfect_squat
89.83725087833812,89.5405086287251,114.48764281587222,0.2967422496130183,perfect_squat
89.81021065340366,89.26304261029479,112.4207102613978,0.5471680431088686,perfect_squat
84.97926002069089,85.1557746606938,109.09745888510791,0.17651464000290673,perfect_squat
82.52485121681345,81.39915291319768,102.77336723700392,1.1256983036157635,perfect_squat
80.94855238183091,79.82647760540505,103.9229990349946,1.1220747764258618,perfect_squat
73.82879726113599,72.64119435138517,98.43399542908419,1.1876029097508223,perfect_squat
70.93288447059885,69.48679297842077,96.22398097877578,1.446091492178084,perfect_squat
65.72376868161912,66.23532669986844,95.55053599706362,0.5115580182493176,perfect_squat
65.42725901755469,66.83812149230558,92.81871859113373,1.4108624747508856,perfect_squat
61.15320253473087,64.03290962983756,89.6657586382911,2.8797070951066885,perfect_squat
59.25421503373711,61.88415728175309,88.32745179870163,2.629942248015979,perfect_squat
58.56220653115836,61.319643050650996,88.87359286956254,2.757436519492636,perfect_squat
57.870259906423755,60.15181413466496,86.32853573234479,2.2815542282412054,perfect_squat
51.12700116658408,54.67424539798827,81.92638574296248,3.5472442314041928,perfect_squat
50.19564471324125,52.85275115997612,83.39899566281038,2.657106446734872,perfect_squat
49.01817220981521,51.306393842987696,81.68391960203294,2.2882216331724834,perfect_squat
48.6421244005186,50.66007250485754,81.87670926430462,2.0179481043389416,perfect_squat
46.92690484687609,47.40707166526772,80.03969108052905,0.48016681839163056,perfect_squat
49.11187784162994,48.5721465339375,76.79737576457583,0.5397313076924419,perfect_squat
48.63164079589476,47.12137953541113,74.29868664812854,1.510261260483631,perfect_squat
48.05871918889415,49.56717202263719,74.06309888622181,1.5084528337430356,perfect_squat
47.577202195160254,50.28021722842522,73.62193567649624,2.7030150332649683,perfect_squat
48.89217275296478,51.5497809835593,75.35142838319302,2.6576082305945192,perfect_squat
47.40503282247383,51.4105836621461,73.01758152258785,4.005550839672274,perfect_squat
47.799281765116376,50.59298627470202,74.55533334212134,2.7937045095856448,perfect_squat
47.85553980193549,50.252335220839825,75.5324558197203,2.3967954189043326,perfect_squat
51.41321807444861,48.90139556506684,81.38479047214854,2.5118225093817657,perfect_squat
58.36988320801007,50.14239096995181,88.75776551219086,8.227492238058261,perfect_squat
59.6999606790632,51.92412196720336,88.57350347836402,7.775838711859841,perfect_squat
61.72418406323507,56.53579005695749,80.2922533424,5.1883940062775835,perfect_squat
58.73698835503351,57.93230145010639,81.55503136045675,0.8046869049271237,perfect_squat
59.60887824187702,58.529160324149345,84.33980093856326,1.0797179177276774,perfect_squat
66.64479332002085,67.35920067251,88.76855950015762,0.7144073524891468,perfect_squat
69.18524191161846,70.28254384127064,88.00371391250923,1.0973019296521755,perfect_squat
75.20879166156152,75.33961054009264,90.26584978381759,0.13081887853111596,perfect_squat
80.76672054153656,80.23461157484007,94.88091823611741,0.5321089666964838,perfect_squat
90.2152633549554,90.70917915641465,104.12099849261006,0.4939158014592522,perfect_squat
90.4606901481308,93.93151040095738,106.79787645674419,3.4708202528265844,perfect_squat
93.82339694123422,98.7981897325521,114.09199891759035,4.974792791317881,perfect_squat
98.58671151637449,103.24079041129107,119.80029245440156,4.65407889491658,perfect_squat
102.63265894909294,107.28879785267004,124.8189567015574,4.6561389035771015,perfect_squat
113.43507953007762,114.60747875900354,131.5127827855479,1.1723992289259257,perfect_squat
122.50491502544335,131.73575333308986,139.82274418163234,9.230838307646508,perfect_squat
134.95359040210704,148.84566389488955,145.4381716496511,13.892073492782515,perfect_squat
136.23839765446334,149.7646142252408,149.25741777785328,13.52621657077745,perfect_squat
151.18164075896237,155.84433020290743,161.89007170107976,4.662689443945055,perfect_squat
153.67797935401387,158.2221949217074,167.4883472425682,4.544215567693527,perfect_squat
154.81339620917848,159.9992209412453,169.56175306451388,5.185824732066834,perfect_squat
155.33612479757548,160.96085474260047,170.6801991087497,5.6247299450249955,perfect_squat
157.88142166775387,161.8134849430799,171.35062909444355,3.932063275326044,perfect_squat
157.8685717892324,161.27332849622994,175.49491471903875,3.4047567069975457,perfect_squat
159.16674997680798,161.83509497126906,175.33869633525796,2.66834499446108,perfect_squat
160.9989181258828,162.2359871482304,174.9511427005802,1.2370690223476117,perfect_squat
162.8210065514895,162.81275939785772,175.37046345535222,0.008247153631771198,perfect_squat
161.4064025334857,162.70676884070164,175.4665142495008,1.3003663072159384,perfect_squat
161.50268034161064,162.53547121874945,175.27278447640103,1.0327908771388081,perfect_squat
161.14719090224696,162.27682319711866,175.02658693718917,1.1296322948716977,perfect_squat
161.91827076174286,162.14911488616886,174.61720563970982,0.23084412442599955,perfect_squat
163.15405711944695,162.44188387394786,174.3066583747362,0.7121732454990877,perfect_squat
163.01685557533477,162.85732273093737,174.06989056593667,0.159532844397404,perfect_squat
162.76668754292308,163.1347124203107,173.6889402918895,0.3680248773876258,perfect_squat
164.66156112290207,163.40789217004485,173.65483748030113,1.2536689528572253,perfect_squat
164.40489592105615,163.37527305604087,173.26840146379055,1.029622865015284,perfect_squat
164.08570740812726,163.44516446110956,173.25450058692564,0.6405429470177069,perfect_squat
163.7975659016554,163.57630459852032,173.81980636834612,0.22126130313506565,perfect_squat
163.7449097335127,163.56614557351915,174.20341812496036,0.17876415999356254,perfect_squat
163.8446350681124,163.52294991769995,174.17618883736225,0.32168515041246337,perfect_squat
163.71322483591263,163.8215649429518,174.1264990242215,0.10834010703916874,perfect_squat
163.68517444825923,163.7521400417341,173.57859349222136,0.06696559347486186,perfect_squat
163.72189058773162,163.92239997732975,173.5899883248962,0.2005093895981247,perfect_squat
162.85137551427937,163.89393152324513,174.4329815572021,1.0425560089657608,perfect_squat
152.95670522936678,162.59926383870453,169.8258618809845,9.642558609337755,perfect_squat
151.3833334198307,161.73287743876722,166.38480495966039,10.349544018936513,perfect_squat
143.00787648532793,159.9954854139407,157.6161222410238,16.987608928612786,perfect_squat
141.9333371246197,156.85257169044314,156.08922210797382,14.919234565823444,perfect_squat
133.41281316181977,147.20075503435257,152.15520239099365,13.787941872532798,perfect_squat
127.04239765873007,136.02539261377407,146.688509661313,8.982994955044006,perfect_squat
125.65834793151151,133.80146128443306,145.5722817005329,8.143113352921546,perfect_squat
113.71774877602029,114.34482265492063,137.1176750744918,0.6270738789003474,perfect_squat
110.70272113916128,111.04204330563812,132.00986047207368,0.33932216647683333,perfect_squat
105.31486953188417,107.6336131025414,127.98913371876428,2.318743570657233,perfect_squat
102.96376689710966,104.64680695899806,124.9566466109104,1.6830400618883914,perfect_squat
103.16574082190623,102.9664613874574,123.75439966846108,0.199279434448826,perfect_squat
105.18374033167032,103.15266675515575,122.5047777925727,2.031073576514572,perfect_squat
100.74457479385428,100.11194484523095,120.06618693513637,0.6326299486233324,perfect_squat
99.08075329570373,98.84952280783222,118.27298991911121,0.2312304878715139,perfect_squat
84.32463128126064,86.87879235244546,111.27693505146979,2.554161071184822,perfect_squat
80.59783402563414,83.03611152557072,105.99101479791439,2.438277499936575,perfect_squat
78.1979545256351,78.53782772530847,102.40794960735676,0.33987319967337726,perfect_squat
74.81850282262145,75.44051784250624,98.26409687826708,0.6220150198847847,perfect_squat
75.03259719944215,76.54639817804043,97.49824718410267,1.513800978598283,perfect_squat
74.84202757008809,76.37027492881576,96.68881351607092,1.5282473587276684,perfect_squat
71.75677881902163,69.91556645968491,91.45455060185697,1.8412123593367227,perfect_squat
59.681579856067195,63.37540045767217,83.2898171940393,3.693820601604976,perfect_squat
56.01983914633983,60.171939099017926,79.43815353145727,4.1520999526781,perfect_squat
54.24354725695461,57.32280448542608,79.03154458074485,3.0792572284714694,perfect_squat
52.14857747507258,56.697779539879,76.87844425691716,4.549202064806423,perfect_squat
51.21172931611713,55.1773092011845,76.39511650672452,3.9655798850673705,perfect_squat
49.33984081224414,53.60020444450993,74.12499985292011,4.260363632265786,perfect_squat
48.70767373184871,52.06970604147263,73.05710336318353,3.3620323096239204,perfect_squat
46.47850905446703,50.980369332634,74.8033489010226,4.501860278166966,perfect_squat
47.62330138348919,50.58196022143916,76.0952894119227,2.9586588379499688,perfect_squat
48.127490486539344,48.88917531818479,75.3295760428446,0.7616848316454465,perfect_squat
47.71430000166666,47.08838593831991,74.70673351870022,0.6259140633467482,perfect_squat
46.701685718197844,45.81739429570797,73.84669129696735,0.8842914224898735,perfect_squat
44.39107228725282,45.305548057016075,73.23727657712708,0.9144757697632571,perfect_squat
42.69445154683363,44.890212360789626,68.36295388289554,2.1957608139559923,perfect_squat
43.31236196090816,44.984635380469626,67.7459596430732,1.6722734195614635,perfect_squat
43.48462205231568,44.45562925323858,68.8114958036444,0.971007200922898,perfect_squat
43.722765794785026,45.08127699775338,69.23810040122615,1.3585112029683515,perfect_squat
43.65154394407425,44.74518812715784,70.38038271969161,1.0936441830835903,perfect_squat
46.13735419995816,43.25262018659477,77.44432934277076,2.884734013363392,perfect_squat
48.889337620266055,44.53655448100931,81.85144233468233,4.3527831392567435,perfect_squat
51.91499191640412,45.869445018462,87.49226303392992,6.045546897942117,perfect_squat
56.619908994437694,52.21960542300613,93.16730224244742,4.400303571431564,perfect_squat
60.70540948387496,54.795209382850636,92.04631307175396,5.910200101024323,perfect_squat
65.12339227315051,62.94480634939744,92.13925330883828,2.178585923753076,perfect_squat
68.52342593963434,68.7578000330132,94.97369627344946,0.23437409337886095,perfect_squat
76.09810103121666,72.87204591633255,102.20923661089321,3.2260551148841046,perfect_squat
81.698229704039,75.18813456223656,105.67001908614023,6.510095141802438,perfect_squat
82.68641245955334,79.66682520488011,106.4001683672188,3.019587254673226,perfect_squat
85.36996291098521,84.50812379034122,110.85837140296482,0.8618391206439924,perfect_squat
88.31849679018747,87.13918008948977,114.00184295419257,1.1793167006976972,perfect_squat
92.2072078558052,95.00306328012844,121.63245998329697,2.79585542432325,perfect_squat
97.30274721816153,100.20928546349687,128.12224688010437,2.9065382453353408,perfect_squat
106.75543998153097,106.77839808467233,133.51748528684485,0.02295810314136304,perfect_squat
108.91149744759846,108.40841590457661,136.50466985741974,0.5030815430218496,perfect_squat
113.30980102849236,110.78913289961972,139.9535902863145,2.520668128872643,perfect_squat
116.0541192289915,119.56161620390517,142.12546386139755,3.5074969749136784,perfect_squat
120.96774542860602,125.83811834836534,144.411016840341,4.870372919759319,perfect_squat
130.81024202380178,134.8919149986936,149.47985308917762,4.081672974891831,perfect_squat
157.84236195602915,159.55001487591784,165.0826943267633,1.7076529198886874,perfect_squat
161.63836778903678,163.65745631075765,167.7450491624265,2.0190885217208745,perfect_squat
160.53303239656495,164.40237565228077,171.02358916494853,3.869343255715819,perfect_squat
161.50922151239178,164.17607805643345,174.00982813848066,2.6668565440416785,perfect_squat
161.3316031123463,165.08236921855024,175.3345527577301,3.7507661062039404,perfect_squat
161.54282906355138,165.2915743153459,175.68651637967727,3.7487452517945314,perfect_squat
163.3950726399683,164.09670503146805,174.29195262851982,0.7016323914997429,perfect_squat
162.22569393735247,163.0451217118868,173.40933299812912,0.8194277745343186,perfect_squat
163.59359078347936,163.1983458137833,172.18089202944543,0.3952449696960514,perfect_squat
163.7368965555882,163.18429129369238,171.9973794549117,0.5526052618958204,perfect_squat
163.9683588721289,163.4993348841277,172.26802055863368,0.46902398800119727,perfect_squat
163.02728419776375,163.046496535257,172.63268042784077,0.01921233749325779,perfect_squat
162.79163191025506,163.2394111446995,173.00776887027092,0.44777923444442536,perfect_squat
163.28622527831138,163.4266807240133,172.96078312921986,0.14045544570191737,perfect_squat
163.43227878587146,163.37814717915472,172.74497217506658,0.054131606716737224,perfect_squat
163.24279200520428,163.22689120882845,172.5392486713295,0.015900796375831305,perfect_squat
163.58952238665998,163.21024200818187,172.66141832578103,0.37928037847811424,perfect_squat
164.49874808454237,164.37735089711128,172.62616225466337,0.12139718743108574,perfect_squat
164.24668725273426,164.20431516182703,172.95293516989327,0.042372090907235815,perfect_squat
164.40190087258486,163.9543564335342,173.06308396221797,0.44754443905065955,perfect_squat
162.24673421778076,163.1842331811145,173.8635519415777,0.937498963333752,perfect_squat
161.721901845603,163.80334484048046,174.35807531377822,2.081442994877449,perfect_squat
162.02700543766787,164.20628281698293,174.84758508677749,2.1792773793150673,perfect_squat
160.75875893512392,163.76286936567868,175.26045002596223,3.0041104305547606,perfect_squat
161.06688244382477,163.875424881004,175.2119230671711,2.808542437179227,perfect_squat
160.87445621981274,163.7145952414621,174.17685108206695,2.8401390216493496,perfect_squat
159.41950611651595,163.15777878494544,172.16038207181188,3.738272668429488,perfect_squat
156.84028210154753,162.15323047826118,171.25888466189377,5.312948376713649,perfect_squat
152.8761338865232,161.06596061816626,168.12099648734088,8.189826731643052,perfect_squat
149.66055446236015,158.88816305073192,165.40841378113979,9.227608588371766,perfect_squat
130.774686423196,136.16666272864268,149.35467919097215,5.39197630544669,perfect_squat
128.07585339093325,127.18745121974925,147.04404595557114,0.8884021711839978,perfect_squat
124.92704170317552,122.09349999608436,144.67388757696298,2.8335417070911575,perfect_squat
123.33479780173298,120.07698781315881,141.7775241951102,3.2578099885741665,perfect_squat
117.37955486658484,116.00194380640062,138.79562875936904,1.377611060184222,perfect_squat
106.75297671589247,107.98617341740984,129.4022680072555,1.2331967015173717,perfect_squat
99.58020919121644,101.66018240908873,123.01461363288347,2.0799732178722934,perfect_squat
98.09741432786412,103.31259933111,120.93690607926949,5.215185003245878,perfect_squat
98.39902968902345,102.30692758459752,121.60434548901998,3.9078978955740666,perfect_squat
96.32283991040077,100.98390832194526,121.31753108660294,4.661068411544491,perfect_squat
94.83655675458571,98.71777083797,121.51452480136564,3.881214083384279,perfect_squat
90.38886200397718,95.31718087422445,118.49949506343074,4.928318870247267,perfect_squat
86.33670072990054,89.86069861914076,115.12825963535239,3.5239978892402206,perfect_squat
71.53665630269536,76.29268078220703,97.26427817210573,4.756024479511666,perfect_squat
72.67326649839121,75.16026287634605,95.50336218173517,2.4869963779548385,perfect_squat
72.49436510347996,71.43440410654492,90.00505585237121,1.0599609969350468,perfect_squat
64.87224953241399,67.9865899389225,82.74674372605394,3.114340406508518,perfect_squat
63.224828000979144,66.07488964920645,82.5781946425718,2.8500616482273102,perfect_squat
61.91002559952297,65.0236275867831,87.40106905409961,3.1136019872601395,perfect_squat
60.79882052535934,63.113492320809165,85.43140038529587,2.3146717954498257,perfect_squat
57.52996778508236,60.89714273313602,85.20361363669362,3.367174948053659,perfect_squat
53.11775145622368,56.72986400376093,81.89991829598789,3.612112547537251,perfect_squat
48.12760582738297,52.896337181183576,80.5730876357899,4.768731353800604,perfect_squat
45.503536101533236,49.64016332214495,81.26528779144222,4.1366272206117145,perfect_squat
43.534550717637615,45.58135051698078,81.80325173544257,2.0467997993431624,perfect_squat
42.6112361450157,44.69545621541546,80.15162943843269,2.084220070399759,perfect_squat
41.62521793606317,43.051783076102986,79.9367011396566,1.4265651400398127,perfect_squat
44.35309058238841,44.03115064190864,79.25034607440357,0.3219399404797727,perfect_squat
45.205826597595454,43.64420565055415,77.1846661827677,1.5616209470413054,perfect_squat
45.96558698563538,44.80348884843147,77.62201583115306,1.1620981372039125,perfect_squat
46.39706858203701,44.932709105749375,77.48212744631704,1.4643594762876333,perfect_squat
48.20765227279179,46.39537051540097,76.91645342662969,1.8122817573908208,perfect_squat
46.54954367258824,46.29270850981289,73.60215496328581,0.2568351627753529,perfect_squat
45.98419953281451,46.69359591584385,72.53556538713521,0.7093963830293433,perfect_squat
47.03722984869804,47.499403147833505,73.19934498032663,0.4621732991354648,perfect_squat
47.32906054745305,46.881133961622794,75.39066644522616,0.4479265858302526,perfect_squat
49.032508182987506,45.38168001332115,77.1680314663618,3.6508281696663545,perfect_squat
51.381164958584804,47.485702928074005,79.87295072716185,3.8954620305107994,perfect_squat
54.74451889473652,48.87313294467214,84.2386392887889,5.871385950064379,perfect_squat
55.54216038976434,51.413806657800514,87.29598351823195,4.128353731963827,perfect_squat
54.192259020899286,52.35576249568603,86.21879511287594,1.8364965252132563,perfect_squat
58.013636054801154,54.84832551078549,83.56394005026299,3.165310544015661,perfect_squat
65.21383677589661,64.05566770418555,89.66040733363337,1.1581690717110575,perfect_squat
69.96618765687218,70.44862836527855,91.47883766622118,0.4824407084063722,perfect_squat
75.65121004407264,73.72564897708202,91.79808962213211,1.9255610669906247,perfect_squat
79.75988485050846,78.90773490911519,94.60788284841655,0.8521499413932645,perfect_squat
83.59577451048081,81.5961715028091,97.07229613658518,1.999603007671709,perfect_squat
86.70469707164409,84.26179625500491,100.95721249690884,2.442900816639181,perfect_squat
87.85427429281317,86.75402195321936,103.59293983467927,1.1002523395938084,perfect_squat
93.66068684706259,93.21807079583361,112.40906373971728,0.4426160512289812,perfect_squat
97.98342950886482,99.29201751626921,115.61114179149578,1.3085880074043956,perfect_squat
98.9794457231214,102.08219748363314,122.99178664231788,3.1027517605117367,perfect_squat
106.36018998226297,106.18315235707152,127.04479718563414,0.1770376251914456,perfect_squat
105.81081407305346,109.17167506823826,128.0196575552312,3.360860995184794,perfect_squat
109.89860178759874,110.74670090909062,130.75929613672338,0.8480991214918845,perfect_squat
111.05567874685613,114.83556405443257,130.69890436394186,3.7798853075764356,perfect_squat
124.1999836656308,129.745850090953,142.25324493612968,5.545866425322217,perfect_squat
142.2888180583497,149.44839078536188,153.26155976925747,7.159572727012176,perfect_squat
156.01712173583127,158.0544477598241,162.75956521323675,2.0373260239928186,perfect_squat
156.67216282897533,161.37720696397295,166.50797491948444,4.705044134997621,perfect_squat
158.33489903864012,164.24359606812487,169.63280474095953,5.908697029484756,perfect_squat
157.30324983318098,164.31295731288662,170.68944517139215,7.009707479705639,perfect_squat
157.9580454130081,163.87145280908703,174.7800676531314,5.913407396078924,perfect_squat
159.05915731301548,162.16373033974043,175.81604126587393,3.1045730267249496,perfect_squat
160.99913004224715,162.42811236482768,174.85367922286562,1.4289823225805378,perfect_squat
160.30067692811102,161.6571266721477,175.0411783850212,1.356449744036695,perfect_squat
160.48222395489728,161.32615186366735,174.5959994660956,0.8439279087700697,perfect_squat
161.310944567865,161.41408255559313,174.64972408188765,0.10313798772813243,perfect_squat
160.32308468068254,162.2472487452433,174.91201738102512,1.924164064560756,perfect_squat
160.39584659913294,161.3824671776096,175.04412897192,0.9866205784766748,perfect_squat
162.47967247621548,162.04545038455015,175.11088519631463,0.4342220916653332,perfect_squat
163.10650987974225,162.1983498821078,174.95861343813309,0.9081599976344421,perfect_squat
163.38403450905082,162.46220156080872,174.51223298736576,0.9218329482420984,perfect_squat
162.94440695721187,162.73804580996946,174.0873950779219,0.20636114724240429,perfect_squat
162.6876243304993,162.981633407029,173.22911139072536,0.2940090765297043,perfect_squat
162.90024970721484,163.08385912475046,173.29592617644224,0.18360941753562088,perfect_squat
162.719367848949,163.06519281413247,172.74122859998477,0.34582496518348194,perfect_squat
163.4423843697094,163.63380248564872,172.37653553038248,0.1914181159393138,perfect_squat
163.36261450194257,163.5655644748589,171.92179274981777,0.2029499729163149,perfect_squat
163.13045507108427,163.40117756871774,171.9491818290851,0.27072249763347145,perfect_squat
162.86942189247202,163.0061280476172,172.57124837375065,0.13670615514519113,perfect_squat
162.90986772739652,163.09725564341116,172.71642334470897,0.187387916014643,perfect_squat
161.92260413189172,162.81379199234647,172.80945298059947,0.8911878604547496,perfect_squat
162.15929116517347,163.01498741883248,172.77023080895208,0.8556962536590049,perfect_squat
162.22452628780886,163.0399242140164,172.68194288821877,0.8153979262075381,perfect_squat
162.5041855913672,163.01886296598164,173.0901172113373,0.5146773746144504,perfect_squat
161.30564705025736,162.71371722783863,173.11025291096547,1.4080701775812656,perfect_squat
159.846020847647,162.2000536680736,174.08271557526476,2.354032820426596,perfect_squat
158.9558233317357,162.02730487325735,174.23398809983104,3.071481541521649,perfect_squat
159.23140284380688,162.55285978374008,174.14673793980333,3.3214569399331992,perfect_squat
160.40806404964337,163.73433056887902,174.22371475126965,3.326266519235645,perfect_squat
161.92679780400653,163.90727731743866,174.01862836880724,1.9804795134321296,perfect_squat
162.84063314147406,163.92989882413693,173.6756637322034,1.0892656826628695,perfect_squat
162.9646534387428,163.95243245829502,171.70469250371457,0.9877790195522209,perfect_squat
162.86296048625348,163.88410776684458,170.7870776427545,1.0211472805910944,perfect_squat
162.83006596115604,163.86333168750744,170.19333251256106,1.0332657263514022,perfect_squat
163.24643461347554,164.0026083681383,169.47750634155662,0.7561737546627683,perfect_squat
163.63119438816048,164.01532172093772,168.72226122258283,0.38412733277723987,perfect_squat
163.4896291963308,163.97529822316542,168.63267372925395,0.4856690268346142,perfect_squat
163.3568328154283,163.91547558340406,168.2423276042922,0.5586427679757549,perfect_squat
163.00993551614013,163.88654400130667,167.62651526629378,0.8766084851665426,perfect_squat
162.87034614435854,163.8378604159046,166.99020364022522,0.9675142715460652,perfect_squat
162.96556325873226,163.84463925075045,167.0634804262538,0.879075992018187,perfect_squat
161.59163762771797,163.711758153248,166.94419154230278,2.120120525530041,perfect_squat
160.12059991670904,163.52030689345628,166.0038538367108,3.3997069767472397,perfect_squat
158.87731629066752,162.0663865725185,165.0373352060246,3.1890702818509737,perfect_squat
156.39699530387182,158.6860015305559,162.54786469460083,2.28900622668408,perfect_squat
152.52827535992685,156.31235188586425,160.10743721203434,3.784076525937394,perfect_squat
134.14638349548306,143.8691032933657,148.91027815470696,9.722719797882633,perfect_squat
130.40288956026075,139.41096828128778,144.3217846138867,9.008078721027033,perfect_squat
122.29880173308456,132.41097786850875,140.57247250193097,10.112176135424193,perfect_squat
118.10359489907441,125.52462434073993,137.95322770480266,7.4210294416655245,perfect_squat
112.51788827852273,117.32466189019847,135.20913859780885,4.806773611675737,perfect_squat
107.88745526349717,113.38916871250257,131.4600987676045,5.501713449005393,perfect_squat
104.10294083160284,110.52847483716936,127.59599555931553,6.425534005566519,perfect_squat
95.72771980182611,96.50142452413226,122.13880850407365,0.7737047223061495,perfect_squat
91.48722767965184,92.79826211748507,119.08349468216765,1.3110344378332286,perfect_squat
91.15575998766785,91.8455358964312,114.31209602483906,0.6897759087633517,perfect_squat
88.30808732299056,89.45091834491265,109.4830503205738,1.1428310219220918,perfect_squat
86.53708043076927,88.37417036752511,110.95655712837562,1.837089936755845,perfect_squat
82.47162958379333,86.07641789299092,109.24390392311761,3.6047883091975876,perfect_squat
76.92146485895819,83.02925183307265,106.94259212701293,6.107786974114461,perfect_squat
68.7237053238336,76.64056440769518,97.62168466851084,7.916859083861581,perfect_squat
67.34725291591246,72.62333254416396,97.4471314141218,5.276079628251495,perfect_squat
69.38965105516424,72.80696847499772,94.491096906911,3.4173174198334806,perfect_squat
69.50648427419166,72.50745298688967,89.42812181646217,3.000968712698011,perfect_squat
67.33781006140632,70.5845510278304,87.03864503157999,3.2467409664240847,perfect_squat
64.53310870259133,67.49440131752834,85.44855089846057,2.9612926149370082,perfect_squat
62.01184839969597,64.4835641654119,83.66372145945766,2.4717157657159348,perfect_squat
57.32278266587201,61.76087236007996,76.74910235418251,4.438089694207946,perfect_squat
54.93398882624312,59.35211418436594,73.36444105958192,4.418125358122815,perfect_squat
53.537979807255034,56.93598566506548,71.6839908783028,3.398005857810446,perfect_squat
51.64108280783167,54.754434502696114,69.99607013531796,3.1133516948644413,perfect_squat
50.07773902077115,54.007038015644056,68.11507998627557,3.9292989948729087,perfect_squat
47.70113895988881,51.827758057260596,66.30459636068865,4.126619097371787,perfect_squat
44.89858139284376,50.42870156261214,65.11630742651128,5.530120169768381,perfect_squat
44.1321944700297,49.52853934226718,63.077465231899914,5.396344872237478,perfect_squat
44.17765530097759,48.18033965525179,64.53631483342879,4.002684354274201,perfect_squat
43.2529895238594,47.17528651879124,65.56420255834826,3.922296994931841,perfect_squat
44.3581370146493,46.434132803901186,65.03020233613783,2.075995789251884,perfect_squat
45.80849799925705,45.6830792985612,64.509447964017,0.12541870069584604,perfect_squat
45.06402476666953,45.88677553826799,63.71143353168013,0.8227507715984572,perfect_squat
46.40693966411343,46.01076928025619,64.31125919182118,0.396170383857239,perfect_squat
46.47638162591778,45.71584025534614,67.17554944183873,0.7605413705716444,perfect_squat
45.61920000527206,45.56215851649865,65.23084142637111,0.05704148877341453,perfect_squat
44.86543162984197,45.936079172275356,62.460203797271404,1.0706475424333846,perfect_squat
44.68391909500418,45.098710469489056,63.55389031164574,0.4147913744848779,perfect_squat
45.13189071868823,45.52378160625462,62.594699250702384,0.39189088756639023,perfect_squat
45.91203902315429,45.96329646428003,61.96847290452121,0.051257441125734715,perfect_squat
46.25455138484242,46.02066725545948,60.24558407182826,0.23388412938294323,perfect_squat
46.66291238414315,47.12169748680956,61.72793113018639,0.45878510266641115,perfect_squat
46.63754187095405,47.92952781401777,61.41601587877201,1.2919859430637146,perfect_squat
46.59298220066388,48.5851833591622,62.05101106564564,1.9922011584983181,perfect_squat
46.50398879114493,49.453351113254335,60.25092065256816,2.9493623221094083,perfect_squat
46.976234158162676,49.89707809947918,55.29061273987729,2.9208439413165053,perfect_squat
45.684164596038855,49.79561787269993,55.89482138656016,4.111453276661074,perfect_squat
47.959689160943014,49.93026711100953,58.40698260506299,1.970577950066513,perfect_squat
47.73108944660624,49.369446713055865,61.47979311573662,1.6383572664496242,perfect_squat
49.14729806354417,50.64811134443488,62.251309417268224,1.5008132808907106,perfect_squat
50.77439875679763,53.21443025152923,64.72991225897336,2.440031494731599,perfect_squat
53.11733549485415,57.978031536723215,73.26118965978604,4.860696041869062,perfect_squat
60.59201813669598,63.1878748186037,78.20904385789042,2.5958566819077262,perfect_squat
64.36171141714803,66.40618653724421,79.05650547488155,2.0444751200961804,perfect_squat
67.96659466703238,72.41788525985311,79.87900413920596,4.451290592820726,perfect_squat
68.4693108192285,74.65153273959496,80.38291762142119,6.182221920366459,perfect_squat
68.6363730105951,73.66392844743,84.61823731867209,5.027555436834902,perfect_squat
71.98203013375208,75.6542166478737,87.30680612246036,3.67218651412162,perfect_squat
74.07255661471365,77.40140729407447,90.40967179442275,3.3288506793608263,perfect_squat
84.46083711218074,88.63011752879396,104.36825214680569,4.169280416613219,perfect_squat
86.44701913383103,90.74887597903457,108.71132144201694,4.301856845203531,perfect_squat
84.94918753089699,90.42858756908466,111.98469799057283,5.479400038187663,perfect_squat
87.22298189337107,97.40558264285185,117.76001471374398,10.182600749480784,perfect_squat
88.90997359772379,99.4633692297123,122.04089745623658,10.553395631988508,perfect_squat
90.79751045051165,102.21516734645819,123.44604304052012,11.417656895946536,perfect_squat
108.82920983769111,114.24900293722544,135.53155375970195,5.419793099534331,perfect_squat
121.53211935349698,121.90205133929531,140.45823558157235,0.3699319857983312,perfect_squat
127.58057484910971,134.71093533121459,145.18111964036848,7.1303604821048765,perfect_squat
129.24124483601534,133.83525569370872,146.8460786270941,4.594010857693377,perfect_squat
133.46476586131615,141.10468834892896,150.18353386958603,7.639922487612807,perfect_squat
136.71930433202587,148.5853189476463,151.38608071544115,11.86601461562043,perfect_squat
145.8951354659857,154.8239525312958,158.64265951237255,8.928817065310085,perfect_squat
150.5253771380349,156.56042270111993,163.6966683630049,6.035045563085021,perfect_squat
154.43751056958408,160.6629426130373,172.51757157319133,6.225432043453225,perfect_squat
158.49022768993188,162.19074933558736,174.6281900751294,3.7005216456554706,perfect_squat
159.35077518014248,163.56869653831458,175.5685649241456,4.217921358172106,perfect_squat
159.1005923702299,163.18193721585874,175.35409114475914,4.081344845628848,perfect_squat
156.5683442148516,162.12972353816474,176.41598704306793,5.561379323313133,perfect_squat
156.44081389702,160.89915781838093,175.9561653303007,4.458343921360921,perfect_squat
158.64689060790377,161.0695532926156,175.48853791771577,2.422662684711838,perfect_squat
163.02583181144934,161.85757037668452,175.52899484524883,1.1682614347648155,perfect_squat
163.60412536563103,162.33872550106645,175.11561679668716,1.2653998645645856,perfect_squat
163.56655371036214,162.46212506135652,175.03500715433572,1.1044286490056265,perfect_squat
163.85922916337782,162.69413744065577,175.08257902603324,1.1650917227220532,perfect_squat
163.60531436274204,162.73271601154707,175.19813899896394,0.8725983511949664,perfect_squat
161.85891428777313,161.52608892384845,174.88920118673207,0.33282536392468387,perfect_squat
161.62156829380513,161.5970799281503,174.86244192166527,0.024488365654832478,perfect_squat
161.49280973325116,161.70420111529984,175.25840612039394,0.21139138204867436,perfect_squat
161.5354955780041,162.062093074916,175.31816301413934,0.5265974969119043,perfect_squat
161.66428956324341,162.03089129346097,175.36677860282066,0.36660173021755327,perfect_squat
162.29089566932385,162.00524713746435,176.00337942595823,0.28564853185949346,perfect_squat
163.6365259301802,162.7052256403398,176.43016726408254,0.9313002898404079,perfect_squat
162.42556599209024,162.79487757375398,176.81037118577214,0.36931158166373734,perfect_squat
160.2914625478593,162.62101232870071,176.88954280179948,2.329549780841404,perfect_squat
158.54164613801774,162.1021575340814,177.03990982959422,3.5605113960636743,perfect_squat
158.39230444272076,162.198358105023,177.32018462072725,3.806053662302247,perfect_squat
155.90506959487277,161.14181182924676,175.22868503594512,5.236742234373992,perfect_squat
154.40198938708306,160.31831080967868,172.2766526309071,5.916321422595615,perfect_squat
152.30013420006233,160.20959852981954,170.88543171529923,7.909464329757213,perfect_squat
152.17761997970558,160.11075883170685,170.25581060228822,7.933138852001264,perfect_squat
146.9867972205249,159.05840021553706,167.05216647016124,12.07160299501217,perfect_squat
140.65696419463086,156.80256278126123,160.5143167988813,16.14559858663037,perfect_squat
133.17273843861122,151.92852341549846,154.9497895911108,18.75578497688724,perfect_squat
129.06331450248197,145.2376012143601,152.77344736257953,16.174286711878125,perfect_squat
114.8872514282324,122.31262485804858,143.14699022786598,7.425373429816176,perfect_squat
113.09117492675779,115.0731629302652,139.65846996108863,1.9819880035074107,perfect_squat
112.1011847923907,116.5933274841991,136.99652326370472,4.492142691808397,perfect_squat
111.00315890953121,115.79371974758861,136.89791041874696,4.790560838057402,perfect_squat
107.36614748704545,110.63832470634647,134.79754897334334,3.272177219301014,perfect_squat
107.15918269402046,109.94293389204726,132.3707311646833,2.783751198026806,perfect_squat
98.48748086231394,101.18753792695578,123.79721292770301,2.7000570646418396,perfect_squat
95.4743403322797,99.36935110377848,119.86198760404997,3.8950107714987894,perfect_squat
93.64888131148608,97.6752856113494,119.61294591872145,4.026404299863316,perfect_squat
90.31181427299228,96.04483292062717,117.44161476681458,5.733018647634893,perfect_squat
88.82219354647735,95.55350945769128,116.29306467117861,6.731315911213926,perfect_squat
86.55401759264134,92.55701333938529,111.85263360893742,6.002995746743949,perfect_squat
83.29141694581071,90.2287738869058,107.18820605095668,6.937356941095089,perfect_squat
80.24902102152225,87.59581372048753,103.98873698558661,7.346792698965274,perfect_squat
79.03815374212373,85.38405510389852,103.13642182018744,6.345901361774793,perfect_squat
74.20627587278379,81.37442658858569,93.81922831343584,7.1681507158019,perfect_squat
72.55454503742668,78.79181323985715,88.01851050646508,6.237268202430471,perfect_squat
69.97705097890011,78.10189535288109,85.51575557860671,8.124844373980977,perfect_squat
69.20783875740811,78.39414904403583,84.56774904130711,9.186310286627716,perfect_squat
66.42855470661442,75.96022682487559,84.29371622437358,9.53167211826117,perfect_squat
64.5788076729841,73.59609240627361,82.47483844285914,9.017284733289515,perfect_squat
62.547946305040355,70.54928403168604,80.11910277116372,8.001337726645687,perfect_squat
60.603939655472296,72.33648232799584,76.10783992036235,11.732542672523543,perfect_squat
59.498560740408315,68.63009992708443,76.03795698235479,9.131539186676115,perfect_squat
55.528069719865805,63.9622687005735,71.35155106513098,8.434198980707698,perfect_squat
53.919078658239876,63.771847818403984,68.9776824913468,9.852769160164108,perfect_squat
54.33116508189125,63.301637515483364,71.05189497042721,8.970472433592114,perfect_squat
49.89898804215632,59.93098923573535,68.95360184028962,10.032001193579035,perfect_squat
51.26569573704433,59.31917291067999,68.90457318128156,8.053477173635656,perfect_squat
50.56797417340643,56.702921398276494,66.84782543115003,6.134947224870068,perfect_squat
51.41131814381575,55.01914262768852,66.7293830226512,3.6078244838727684,perfect_squat
52.353701406737265,54.85242358647133,65.61238982841324,2.4987221797340666,perfect_squat
53.30685698313751,53.672148361288016,65.95668570448632,0.36529137815050916,perfect_squat
53.83251696123319,54.43248303724929,65.6401095104726,0.5999660760161021,perfect_squat
53.827379053227155,54.82382303674273,65.06557899456452,0.9964439835155758,perfect_squat
53.68218496197355,55.27160900234467,64.71200313637293,1.5894240403711208,perfect_squat
52.55201196959545,55.299070998386696,65.90031749251014,2.7470590287912486,perfect_squat
54.83534677335777,58.29367962934426,67.76745776061527,3.458332855986491,perfect_squat
61.96097663590718,66.42770465749157,74.63862952442834,4.4667280215843945,perfect_squat
65.82239966992336,72.82930981990086,78.74851727347807,7.0069101499775,perfect_squat
68.76291572681382,75.21246300536896,81.70023941395313,6.449547278555144,perfect_squat
70.75126587100061,76.24137145825067,85.6866094857546,5.490105587250056,perfect_squat
71.43159789934512,74.62293350240192,87.24574143176544,3.1913356030567996,perfect_squat
74.98733819483967,79.00312195225526,91.62746587020068,4.015783757415591,perfect_squat
76.21502106810215,79.75721529422111,93.10640172443196,3.5421942261189656,perfect_squat
81.51139641109648,86.40214747216017,95.62178486289991,4.890751061063682,perfect_squat
82.38623676815605,89.41141246481442,98.22894237522176,7.025175696658366,perfect_squat
86.8236466354452,95.08151401995651,101.6208868461193,8.257867384511314,perfect_squat
88.99359980065874,96.5891328941184,103.92240224606115,7.5955330934596645,perfect_squat
89.25541555549785,99.2268333746193,106.3280422533697,9.971417819121456,perfect_squat
90.76530217473051,100.3969883617736,108.34432625151547,9.631686187043087,perfect_squat
90.48437080730045,103.18399435066837,111.67086134096174,12.69962354336792,perfect_squat
98.4458870553455,108.5305693777784,115.90737297099592,10.084682322432911,perfect_squat
103.84517401453637,110.20475165531498,120.52168535027182,6.35957764077861,perfect_squat
113.58056779734642,118.83951062497992,129.23017434608224,5.258942827633504,perfect_squat
124.84355595907324,131.44724613049095,139.93507057808952,6.6036901714177105,perfect_squat
135.11708713497515,141.0222277739366,145.95477789944448,5.905140638961456,perfect_squat
140.10791106856854,147.46887396704017,151.2905168782823,7.360962898471627,perfect_squat
147.71201702331533,152.02632519416812,156.165040305079,4.314308170852797,perfect_squat
143.578174828107,150.07092149775042,154.677112761672,6.492746669643424,perfect_squat
147.60075244033746,156.21103368586222,157.88539237521817,8.61028124552476,perfect_squat
159.55849381909374,163.0987884697265,169.12921539044697,3.5402946506327453,perfect_squat
160.38630910346544,163.92690047114385,173.97090659151021,3.5405913676784166,perfect_squat
161.5039984141706,164.03777614947344,175.47932481894617,2.5337777353028343,perfect_squat
162.21991675110098,163.8739534520073,175.84999830219624,1.6540367009063175,perfect_squat
162.03435023828484,164.4304312061208,175.7916360201513,2.3960809678359567,perfect_squat
162.00691396443833,164.51310678776514,175.80448977280588,2.5061928233268134,perfect_squat
162.46064614317825,164.5705127064998,175.54664521396703,2.1098665633215603,perfect_squat
161.28000032508618,163.66442959779488,175.67082642921187,2.384429272708701,perfect_squat
160.5734095296905,163.37237334149475,176.14678219092193,2.798963811804242,perfect_squat
158.7300282125289,162.95967369733665,176.81146084783805,4.229645484807747,perfect_squat
158.31582817033487,162.92121741837664,176.6967344661261,4.605389248041774,perfect_squat
158.64694717586949,162.8763081737987,176.50699515050331,4.229360997929206,perfect_squat
159.32368323869838,162.79342942118268,176.2873292149418,3.4697461824843003,perfect_squat
160.70555405355046,163.17409526809115,176.13569765656527,2.468541214540693,perfect_squat
161.12823607138566,163.12404992374948,176.01355151982116,1.995813852363824,perfect_squat
161.35561612959387,163.49654148453507,175.8769822407116,2.140925354941203,perfect_squat
162.44593218240485,164.50896977862615,175.42449668839862,2.0630375962213066,perfect_squat
162.29518459159402,164.5387895616227,174.87509289800556,2.2436049700286844,perfect_squat
162.57059229660692,164.83380113276243,172.3362148358671,2.2632088361555134,perfect_squat
157.23999521642386,164.05650852842427,165.6877389294081,6.81651331200041,perfect_squat
152.17337353944035,161.8582174208531,159.9521187790854,9.684843881412746,perfect_squat
145.7518681643094,160.30126228804238,153.2132181519129,14.54939412373298,perfect_squat
128.5324631904038,146.46331972012146,143.8483764025619,17.93085652971766,perfect_squat
124.03799207541962,137.544158515791,140.05388996918228,13.506166440371373,perfect_squat
117.59298011854473,130.20239396240765,135.1825418207207,12.609413843862924,perfect_squat
116.18882848071931,126.30698574404246,133.4147624845596,10.118157263323155,perfect_squat
116.09186174804789,122.22312283838207,131.37818384438913,6.131261090334178,perfect_squat
112.25499784774695,119.48040844387934,129.73839127234305,7.225410596132392,perfect_squat
102.03928122506636,110.11018262332767,123.50036943915167,8.070901398261313,perfect_squat
96.19015066850044,101.9252865208477,119.53961586425741,5.73513585234727,perfect_squat
93.69883376144065,100.39202905256847,116.41827669743132,6.693195291127822,perfect_squat
93.42450898098025,99.10450243822083,115.64672044613872,5.679993457240585,perfect_squat
92.92057465159397,96.1792246703656,115.87528232216071,3.2586500187716325,perfect_squat
92.07936138366001,94.99061145768046,112.96586346832362,2.911250074020444,perfect_squat
89.0795974566148,93.29797207872254,111.24452276283398,4.218374622107731,perfect_squat
86.23446358198319,90.88000001457371,109.73420281723263,4.645536432590518,perfect_squat
77.93181716368593,82.01827178198835,100.87778200498103,4.086454618302412,perfect_squat
74.49688451233277,79.42411236685503,98.25863441782533,4.927227854522258,perfect_squat
71.35052190012564,77.62837835032653,95.83489047454472,6.277856450200886,perfect_squat
69.40876344119889,76.65875389046607,93.4932667973895,7.249990449267187,perfect_squat
67.56051443353657,72.96105694828773,91.90066027401996,5.400542514751166,perfect_squat
68.24151541123534,71.99593090663862,91.04637686892912,3.754415495403279,perfect_squat
67.40368933481322,69.93145574119691,87.35691471856717,2.527766406383691,perfect_squat
68.7565191571464,70.25037582857372,84.71731481951872,1.4938566714273236,perfect_squat
62.27544462145079,67.01042778314111,76.6715391943504,4.734983161690323,perfect_squat
61.192785107910666,65.2146242064718,73.48789760679773,4.021839098561131,perfect_squat
57.264508858003595,63.04582496672555,69.69786484247824,5.781316108721953,perfect_squat
55.11934913927542,61.12509647743066,65.86998386928725,6.005747338155238,perfect_squat
53.27857829778181,59.92560740846044,64.77306111711991,6.647029110678631,perfect_squat
52.10936045041526,58.757010540389565,65.32531257780282,6.647650089974306,perfect_squat
52.02303989046434,58.899208639796406,64.71839049765646,6.8761687493320665,perfect_squat
49.294455018055814,54.59680602353002,63.877884296971736,5.302351005474208,perfect_squat
50.01228634538748,55.13847053909435,65.57407259179512,5.1261841937068695,perfect_squat
48.07738837158252,51.515872122223406,76.48424181002915,3.4384837506408843,perfect_squat
47.53783826937538,51.1627832046121,73.50644507850787,3.6249449352367193,perfect_squat
46.858776499489124,50.25877157582708,74.14930407173014,3.3999950763379587,perfect_squat
45.233913257082456,49.80707780301357,73.60261520065345,4.573164545931114,perfect_squat
45.614485428230815,49.364313012409056,75.04620471481165,3.7498275841782416,perfect_squat
44.866632773446014,49.024987307483286,75.05023175985242,4.158354534037272,perfect_squat
44.65965793618363,48.25022898706944,76.94856514671602,3.5905710508858135,perfect_squat
43.54141595207476,47.672051378897166,76.16950313354121,4.130635426822408,perfect_squat
43.369825596670516,46.73868940181953,76.30475956880211,3.3688638051490116,perfect_squat
45.841718929835636,46.84905502369787,72.71197467624646,1.0073360938622358,perfect_squat
45.8317672855098,46.14138864069276,73.23632540573945,0.3096213551829621,perfect_squat
45.969364568729056,46.29360555289298,71.17762666528051,0.32424098416392155,perfect_squat
46.654775990901044,46.32973329684976,67.84577598910019,0.32504269405128383,perfect_squat
48.70945788535266,46.92499676993649,72.22730783808275,1.7844611154161711,perfect_squat
54.83432443963932,54.25031691561913,70.61811609795397,0.584007524020187,perfect_squat
59.33646607792922,60.68146525857885,69.84346144580925,1.34499918064963,perfect_squat
60.02045291370907,63.51609100008298,72.0620119386564,3.4956380863739085,perfect_squat
65.332343212335,70.09334623790213,71.40763051218335,4.7610030255671205,perfect_squat
66.96768260558761,74.25565043353045,72.5922441435418,7.287967827942836,perfect_squat
68.6027332384398,77.16775394698848,74.00723374607266,8.565020708548687,perfect_squat
71.66800873936447,79.30175218385924,76.51047151401129,7.633743444494769,perfect_squat
75.11251735828723,83.05065791131017,82.85939493414904,7.938140553022933,perfect_squat
77.12473216875658,85.939689458111,84.37532553481086,8.814957289354425,perfect_squat
81.47632940328805,89.47742315513881,91.15497747772,8.00109375185076,perfect_squat
82.80008962273074,91.03053896790001,94.36886946083247,8.230449345169276,perfect_squat
81.94807410101484,91.88824650993107,98.31579653621075,9.940172408916226,perfect_squat
82.2313239614429,92.87303321231964,101.80966582999741,10.641709250876744,perfect_squat
83.25950806653302,96.39670624457892,105.68508002189606,13.137198178045907,perfect_squat
99.86569374572869,111.90290942505578,126.3557072713037,12.03721567932709,perfect_squat
111.01748158752487,123.89130519783039,132.33316526136696,12.873823610305521,perfect_squat
118.24337316749066,128.91636493492604,138.2109810567593,10.672991767435377,perfect_squat
120.62065165527002,130.13335418230906,140.72352322571152,9.512702527039039,perfect_squat
124.10088724072912,136.05680221420923,143.80087424892088,11.955914973480105,perfect_squat
138.24464635548662,147.8820853832781,153.8643269300848,9.637439027791487,perfect_squat
145.28748061290145,154.68680578726315,158.2350007598009,9.399325174361707,perfect_squat
160.59027583111902,162.55512484343953,173.54215541867572,1.9648490123205136,perfect_squat
156.77879692351505,161.89104870899064,175.69424187351171,5.112251785475593,perfect_squat
157.92373780591294,162.40100315923303,176.14265190880715,4.477265353320092,perfect_squat
159.38251818263797,163.11010126375194,175.67296282615501,3.727583081113977,perfect_squat
161.2268062211571,163.81704157653485,176.7689956917962,2.5902353553777573,perfect_squat
161.05112331311372,163.14839693694796,176.8449131468492,2.0972736238342407,perfect_squat
161.65225101924722,161.8290875578055,176.149639445504,0.17683653855829107,perfect_squat
163.21057823788595,161.78676436913156,174.73376322544738,1.4238138687543938,perfect_squat
162.1554832359091,161.2102363118506,174.29859387692125,0.9452469240584946,perfect_squat
161.98615728562496,161.0275812104964,174.3906654266643,0.9585760751285477,perfect_squat
161.67601135413807,161.23201717811753,174.39259480686127,0.4439941760205386,perfect_squat
162.3061102498118,161.50277476202925,174.33338588743288,0.8033354877825616,perfect_squat
161.476698762693,161.49518070913413,174.38998509259648,0.018481946441141872,perfect_squat
160.9150163797019,161.30922586482853,174.50111596176458,0.39420948512662335,perfect_squat
160.8833182361283,161.27523962772707,174.39685941993235,0.39192139159877115,perfect_squat
161.15815862388098,161.29518674676615,174.6392857473188,0.13702812288516952,perfect_squat
162.09585134334182,161.59939876959317,175.82591291289552,0.49645257374865537,perfect_squat
162.88116892372372,162.14606171908466,176.52944445550742,0.7351072046390641,perfect_squat
162.95305638767593,163.22071473868138,177.93752245010862,0.2676583510054513,perfect_squat
162.83176628209313,163.2023660709183,177.79474417448378,0.3705997888251602,perfect_squat
160.5392545366818,162.598179918324,177.84263457050017,2.0589253816422115,perfect_squat
160.19683498435978,162.4399303859291,177.85752961577174,2.2430954015693203,perfect_squat
159.8477156178176,162.674238056393,177.27673312366414,2.826522438575381,perfect_squat
145.55281834154627,160.53193854693217,162.42761337080296,14.979120205385897,perfect_squat
140.85685971717885,157.13698258100217,157.15043755663746,16.280122863823323,perfect_squat
136.8471413804238,155.52523181585445,154.8713881363552,18.678090435430647,perfect_squat
131.212048607006,152.62133130441023,151.91541800942758,21.409282697404223,perfect_squat
127.53499169520221,150.80212852547942,148.24366731099013,23.26713683027721,perfect_squat
124.98194598153779,145.22762406306336,145.17563945268577,20.24567808152557,perfect_squat
119.56695141502964,134.84547257499435,142.3446448183775,15.278521159964711,perfect_squat
116.7992984285552,129.3844468005281,140.99397826625017,12.585148371972906,perfect_squat
103.4704433208572,108.2107731731279,132.83579366500885,4.740329852270705,perfect_squat
102.30067224411219,103.84069374057437,130.18156583697035,1.540021496462174,perfect_squat
99.72914772256085,100.84239055972614,127.54302633752842,1.1132428371652878,perfect_squat
99.11553266119647,99.14974091754675,126.7764446304372,0.034208256350282795,perfect_squat
94.60102638427392,95.1155875902385,120.57167055070029,0.5145612059645828,perfect_squat
91.06351778196536,92.79324717883574,115.0469934559844,1.7297293968703826,perfect_squat
89.67687982274683,92.49112490538056,111.99381190452605,2.8142450826337324,perfect_squat
85.82807173820468,90.74720051417623,110.21152024519722,4.919128775971544,perfect_squat
81.23870941668973,87.83403169894513,107.52767848070073,6.595322282255395,perfect_squat
75.63318091261806,85.15027630863925,102.0433135931721,9.51709539602119,perfect_squat
72.46259422935634,80.97733982231719,100.32092891090777,8.51474559296085,perfect_squat
72.01377063775874,79.84148221731046,97.74662536248739,7.827711579551718,perfect_squat
69.21251874609351,77.07755272019199,92.86024416437134,7.8650339740984805,perfect_squat
67.32219679032877,74.61763852398025,91.26775761781207,7.295441733651472,perfect_squat
65.7226473566618,70.14436295561562,86.24795235341527,4.421715598953824,perfect_squat
62.877210538603165,69.00862552629009,82.71483851662349,6.131414987686924,perfect_squat
64.20622603117947,69.52548382020474,79.43899806848098,5.319257789025272,perfect_squat
61.5636083686639,66.42493780564855,77.36721592621532,4.861329436984654,perfect_squat
58.418869093281074,64.54373632392235,76.4419420673166,6.1248672306412715,perfect_squat
58.0335219056672,63.72518303478413,73.34119820088318,5.69166112911693,perfect_squat
55.49843508968839,62.33236524677716,71.29754932463761,6.833930157088766,perfect_squat
54.160367505765464,60.61709335099295,71.17830626632293,6.4567258452274885,perfect_squat
48.119462282869804,54.620781894449685,70.21925187404403,6.501319611579881,perfect_squat
48.04512345800671,53.20054357372218,70.78128782936562,5.155420115715472,perfect_squat
48.064499842474014,52.50854855897743,68.17874475442142,4.444048716503417,perfect_squat
48.10561391804613,51.94473046960059,67.45288420128308,3.8391165515544614,perfect_squat
46.06955894482476,50.520034162267095,65.99818873590345,4.450475217442332,perfect_squat
45.42124451564374,49.30088055139121,65.74425527012492,3.879636035747467,perfect_squat
45.24894880036412,48.9795102688119,65.60891265540242,3.7305614684477817,perfect_squat
46.91861320050295,47.545910932296245,70.09240483508106,0.6272977317932913,perfect_squat
45.14364285438668,46.83169633033786,69.02948278935841,1.688053475951186,perfect_squat
44.43127214596611,45.396711406202144,68.89354205273884,0.9654392602360318,perfect_squat
44.76560391729534,45.642815960390784,69.34719280470763,0.8772120430954473,perfect_squat
45.15487653699349,45.8795750212514,71.50461669332294,0.7246984842579067,perfect_squat
44.74421670938911,45.862810854395605,75.36302460977524,1.1185941450064973,perfect_squat
44.85330891927355,46.1436756453751,75.39513505357738,1.2903667261015457,perfect_squat
44.541749208748655,46.28279700452482,81.91089440658702,1.7410477957761614,perfect_squat
47.225380474920975,49.991508804280635,71.80063075888637,2.7661283293596597,perfect_squat
51.26462726022765,51.47691058936686,73.43190170724473,0.21228332913921122,perfect_squat
52.78246392738913,53.198973659864215,75.59406695539626,0.4165097324750846,perfect_squat
56.203794280622326,54.212959198063345,75.06106762111946,1.9908350825589807,perfect_squat
57.8268621887955,55.50959876711022,76.23847915559512,2.3172634216852828,perfect_squat
59.17714644310616,58.74931970059521,75.11208232340496,0.4278267425109519,perfect_squat
62.758951814238614,66.86997469620277,79.16742298288506,4.1110228819641605,perfect_squat
63.42357676438081,67.87142882114622,78.2526787757736,4.447852056765413,perfect_squat
66.69364762937117,71.07261618463342,78.76444708822801,4.378968555262247,perfect_squat
68.80160018523567,72.73453038174878,81.36466068757251,3.9329301965131123,perfect_squat
71.44258847212934,77.13692049094226,83.99277371539264,5.694332018812915,perfect_squat
75.34210849872566,80.15469500029889,88.07452414873428,4.812586501573222,perfect_squat
77.58425747032699,82.96810579403167,90.24605973009842,5.383848323704683,perfect_squat
80.35889740015888,86.76302525139896,94.89722638548547,6.4041278512400766,perfect_squat
81.4126370603814,89.33449384164909,98.19182718420666,7.921856781267692,perfect_squat
90.88469296204615,105.5890795045284,114.85099644993002,14.704386542482254,perfect_squat
103.37636787433387,113.44098619772542,124.96657224266156,10.064618323391556,perfect_squat
110.8718272881552,118.49161747735502,129.0206326121967,7.6197901891998185,perfect_squat
119.4406571648921,127.74435905223751,133.24835090645593,8.303701887345412,perfect_squat
122.79305465558403,133.9675876513144,134.7795093880969,11.174532995730374,perfect_squat
124.46174832139886,142.16194747896162,134.65014421131767,17.700199157562764,perfect_squat
128.9889451637695,148.3737158713616,138.86550781333665,19.38477070759211,perfect_squat
142.73165050667765,155.29323389329028,148.11436058730706,12.561583386612625,perfect_squat
155.59171128257083,161.49580167530075,165.67256031930162,5.904090392729927,perfect_squat
157.7555913700648,162.6288746336167,171.03191452817126,4.873283263551912,perfect_squat
154.079690989351,161.15404042073575,172.9681831691833,7.074349431384746,perfect_squat
155.8614599903773,162.95161700216366,173.09304328299183,7.090157011786346,perfect_squat
162.11607917631875,163.3539032939086,174.70199568523643,1.2378241175898381,perfect_squat
163.39924752339454,162.28737196721312,173.9921810255999,1.1118755561814169,perfect_squat
164.15384451438803,162.40854043380514,173.30434319932186,1.7453040805828834,perfect_squat
163.2494196538338,161.80731821792747,174.19521753367616,1.4421014359063236,perfect_squat
162.13015099544376,161.22093519782683,174.32495675044123,0.9092157976169233,perfect_squat
161.1062901918255,160.00264784397206,172.07569397591726,1.1036423478534516,perfect_squat
160.77801268436872,160.16139689055376,171.94627289578767,0.6166157938149581,perfect_squat
161.10029347629958,160.82313899157373,171.64005002146706,0.27715448472585535,perfect_squat
161.56131529629627,161.2880227615779,171.61896629268378,0.27329253471836523,perfect_squat
163.1232809010589,162.21333010439258,171.76595180287097,0.9099507966663225,perfect_squat
163.57950166949803,162.24151162046417,172.2599271181353,1.3379900490338628,perfect_squat
163.25321639601358,162.62313154345014,171.91554128957753,0.6300848525634422,perfect_squat
163.038526958447,162.47220289286398,172.16696761727994,0.566324065583018,perfect_squat
164.16873131086365,163.61369548610338,173.4156235662437,0.5550358247602674,perfect_squat
164.83718157999925,163.79434172371012,173.0356212947137,1.0428398562891346,perfect_squat
163.00507163264308,163.19180379679614,173.9289655232857,0.1867321641530566,perfect_squat
163.43557461762202,163.7627893086801,175.67719273872234,0.32721469105808865,perfect_squat
147.63310410392413,158.45030740410888,162.845075773406,10.817203300184758,perfect_squat
138.5098664902417,152.840675032789,156.9773542406351,14.330808542547288,perfect_squat
131.31836480251584,150.04539900132613,151.92461015994098,18.727034198810287,perfect_squat
126.6278447980174,146.15166154680955,147.8781159609407,19.523816748792143,perfect_squat
123.36895918066685,139.38797888708316,144.8886940920467,16.019019706416316,perfect_squat
120.00326412599019,136.34029867855685,142.22439693123215,16.337034552566664,perfect_squat
114.42075091552182,124.40509376870058,137.77064849622644,9.98434285317876,perfect_squat
111.95842809581964,117.56815086527848,135.45642613366746,5.609722769458841,perfect_squat
101.12909944574727,103.66944959094502,125.96528527409103,2.540350145197749,perfect_squat
93.03759449495656,96.53548178978711,118.52122099110554,3.497887294830548,perfect_squat
92.72188879309839,95.63610707600593,112.72892899325947,2.914218282907541,perfect_squat
89.999792224427,94.60999529689525,109.18984105760191,4.610203072468252,perfect_squat
86.07670010137929,93.24503133691815,105.45802157967601,7.168331235538858,perfect_squat
81.57696814525924,89.92057309117065,102.76939310680336,8.343604945911409,perfect_squat
74.48880638992792,80.42844803335403,98.45549321931158,5.939641643426114,perfect_squat
71.03762802116374,76.61991433433732,92.61041546803642,5.582286313173583,perfect_squat
71.34678441230149,76.15178263029621,89.23390894747558,4.804998217994722,perfect_squat
69.31835880214884,74.3964112455129,85.80164898883453,5.078052443364058,perfect_squat
67.76173800340366,73.89507607340306,80.43614177897557,6.133338069999397,perfect_squat
65.55223644950613,70.81871816230368,78.97793600064374,5.266481712797557,perfect_squat
63.832023159424615,68.40583900375037,77.04055197875985,4.5738158443257575,perfect_squat
63.49629218801896,67.2761781394494,76.64910803275487,3.779885951430437,perfect_squat
55.60165577568622,60.41805656370704,68.73797215519826,4.816400788020822,perfect_squat
52.27566852950238,56.28244431682581,70.66866569767319,4.006775787323427,perfect_squat
53.47060314025994,54.557587238581355,78.99717904628399,1.086984098321416,perfect_squat
51.57254096468427,50.46776882287927,80.531840610268,1.1047721418050003,perfect_squat
49.796162170570696,50.080295399365305,77.76673881741102,0.2841332287946088,perfect_squat
49.246362350553206,49.89760082688357,77.74948078373795,0.6512384763303629,perfect_squat
48.59269485413924,48.70866493735973,82.04534978540094,0.11597008322048907,perfect_squat
45.35663076399908,46.378951737993695,82.93711674212759,1.022320973994617,perfect_squat
45.16264284996954,45.91147128980612,79.55933967761713,0.7488284398365863,perfect_squat
45.42366992092524,46.55712659979581,81.1010105779828,1.1334566788705658,perfect_squat
45.28734438486164,47.5747663287833,81.0631818012808,2.2874219439216574,perfect_squat
45.18760392392378,47.423928874234385,80.31005160289634,2.2363249503106033,perfect_squat
45.92560375978105,46.726539589286105,78.97831857154098,0.8009358295050575,perfect_squat
46.486597825872686,46.56703848913606,79.6225998479999,0.08044066326337429,perfect_squat
46.46810978114176,46.76819266002539,77.79838203420557,0.3000828788836287,perfect_squat
46.68058542093663,46.92104113309592,79.33949114277942,0.24045571215928874,perfect_squat
50.493882333604226,49.61910183014582,75.10717897436528,0.8747805034584033,perfect_squat
53.22673534300103,53.603472314360836,73.16004157737346,0.37673697135980433,perfect_squat
54.45124861250793,54.193657459058485,71.24917931053447,0.2575911534494466,perfect_squat
56.92746795390259,57.61062973976778,70.06858887197038,0.6831617858651882,perfect_squat
57.229638459236824,58.287584024684705,71.41369136727647,1.0579455654478807,perfect_squat
59.457224898280614,60.49300425251655,70.82847586706974,1.0357793542359346,perfect_squat
68.92820618777732,69.43154303269725,79.28182912053703,0.5033368449199287,perfect_squat
71.92664293113037,73.66739679067214,81.4878538769069,1.740753859541769,perfect_squat
74.30568629341067,79.29265444732043,85.46837976425655,4.986968153909757,perfect_squat
75.60884438779796,82.99231835832143,86.46759805324933,7.383473970523468,perfect_squat
77.76755888207992,85.54231030981872,88.38531603864371,7.774751427738792,perfect_squat
81.35246524660327,88.42117561802499,93.91016353682623,7.068710371421716,perfect_squat
79.83050521777248,89.93549829737711,96.46599526125593,10.104993079604625,perfect_squat
79.17862218340758,91.68406568822643,100.93446008744333,12.505443504818842,perfect_squat
85.92854678295117,97.15308331142751,110.62310587935414,11.224536528476335,perfect_squat
89.68925053814257,102.25969138730382,116.58845618374622,12.570440849161244,perfect_squat
94.87192090166853,108.5802646847999,121.60806090642372,13.708343783131369,perfect_squat
103.90444576254781,112.06910210100438,129.43773576121544,8.164656338456567,perfect_squat
113.60127796668387,119.02647151562513,135.08115288762485,5.425193548941266,perfect_squat
122.45080019006872,131.6822962718619,138.41614906441544,9.231496081793182,perfect_squat
125.29706935499074,133.84388748075872,140.95065224646072,8.546818125767984,perfect_squat
131.30568623293183,141.55835180708792,145.4228660429987,10.252665574156083,perfect_squat
155.88769252292357,160.0360267699773,165.6966327071857,4.148334247053725,perfect_squat
156.76410047219142,162.35619087323707,172.1407014822621,5.5920904010456525,perfect_squat
161.40938411455517,164.28956955104468,174.1639186769871,2.880185436489512,perfect_squat
162.0243779096371,163.48853747456127,174.76549916046034,1.4641595649241594,perfect_squat
163.25311167722143,163.89253981112546,175.27996830801757,0.6394281339040333,perfect_squat
163.9463811326953,163.73289530171553,176.19920538634614,0.2134858309797778,perfect_squat
164.16318950828514,163.65267872513346,176.65219477203354,0.5105107831516875,perfect_squat
164.37842359321905,163.72010751598927,176.52554690079288,0.6583160772297845,perfect_squat
163.9311065257214,163.19783371638022,177.10946018507974,0.7332728093411731,perfect_squat
163.94715960167048,162.3910330387014,176.6589968775006,1.5561265629690695,perfect_squat
158.9354196503144,160.37072474174545,176.44112198877565,1.4353050914310472,perfect_squat
159.18078105850864,160.922150823286,175.92749009382803,1.741369764777346,perfect_squat
160.80478948936644,161.7104682061169,175.79910130418014,0.9056787167504581,perfect_squat
162.0610479208714,162.25118448369898,175.95395183836885,0.19013656282757552,perfect_squat
161.77230902223855,162.18745194787326,176.63686216982433,0.41514292563471145,perfect_squat
161.5636505787097,163.5915926938803,176.7339125678203,2.027942115170589,perfect_squat
161.61153627983296,163.32674709519557,175.94562957293502,1.7152108153626102,perfect_squat
161.70033192158397,163.75606184352569,176.1035327746646,2.055729921941719,perfect_squat
162.56876401278956,164.12308571062613,176.534926715482,1.5543216978365706,perfect_squat
162.5945747272318,164.35254990446893,176.68663427719642,1.7579751772371424,perfect_squat
162.60170612138822,164.1848645050756,176.75561418663037,1.5831583836873904,perfect_squat
162.3146048937418,164.09279789149025,176.74459929066686,1.778192997748448,perfect_squat
162.72269515416087,164.2917945684731,177.59702573576655,1.5690994143122339,perfect_squat
163.21619945864413,164.02093654044648,176.54574810769472,0.804737081802358,perfect_squat
163.3484270037412,163.74421141980778,176.02302670701104,0.39578441606659,perfect_squat
163.25434291632556,163.37572244369497,176.1668714475135,0.12137952736941315,perfect_squat
163.0675284801479,163.215463609247,175.65662464954409,0.14793512909909623,perfect_squat
161.92016230924213,162.62028763586375,176.3239085634246,0.7001253266216168,perfect_squat
161.4757399706588,162.46298110276643,176.67370107520549,0.9872411321076413,perfect_squat
156.32409541114956,161.97361716374624,174.08211665294354,5.649521752596684,perfect_squat
147.28261244919617,159.86622829446685,163.98995467355078,12.583615845270685,perfect_squat
137.52579151674368,154.3095880391334,156.8643141091428,16.783796522389707,perfect_squat
132.6097663961386,151.43606780748695,151.50523628126825,18.82630141134834,perfect_squat
122.26018266010416,145.2366421666326,145.90801454739363,22.976459506528442,perfect_squat
116.1319474167822,132.78567579795313,142.43994778023617,16.653728381170936,perfect_squat
118.03899452367072,131.44335120518974,140.99648073369704,13.404356681519019,perfect_squat
107.04509400701225,112.76801246817698,126.17197507903641,5.722918461164724,perfect_squat
98.13366926400926,102.36362014361627,116.4131445164,4.229950879607017,perfect_squat
94.76708400176422,100.06431661200541,111.79775855454018,5.2972326102411955,perfect_squat
95.44014392078378,101.66841149061652,109.91413723567122,6.228267569832738,perfect_squat
93.87566633904503,98.14901586297131,109.92078589870462,4.273349523926285,perfect_squat
90.1171106999941,95.51721750629189,108.41979793648284,5.400106806297785,perfect_squat
80.38988276800475,86.56698191838193,99.30692599388945,6.177099150377174,perfect_squat
75.70072271290162,85.46121875114721,96.3917849734102,9.760496038245591,perfect_squat
74.87786258995382,84.29148066577797,94.4351725572392,9.413618075824147,perfect_squat
71.648163294585,80.14628900158425,92.50676377562584,8.498125706999247,perfect_squat
72.54596991830228,78.51107068246564,88.63513378951428,5.965100764163367,perfect_squat
69.32290775754102,74.99454174552267,83.61249797298221,5.67163398798165,perfect_squat
67.32074041231394,71.6197714664512,81.84655567684497,4.299031054137259,perfect_squat
64.78351866169692,68.63287659962589,77.85601758836924,3.8493579379289713,perfect_squat
60.6677798630448,65.39745546373099,72.79163122927444,4.729675600686193,perfect_squat
57.316432004116905,65.5132466213965,71.02024805999407,8.1968146172796,perfect_squat
54.93714683142458,63.48414345280371,68.76814060796842,8.54699662137913,perfect_squat
53.899849766535674,61.704678263626484,66.11882209142428,7.80482849709081,perfect_squat
51.54951170887652,60.37385718933787,64.20874086890409,8.824345480461346,perfect_squat
49.04948848130694,56.61349075890824,62.155472191698685,7.564002277601304,perfect_squat
46.70757293182275,55.11476359641429,60.27761910210496,8.407190664591539,perfect_squat
47.74038751924826,56.02754723514316,57.81430241492107,8.287159715894902,perfect_squat
44.76078260359469,52.531164683204295,58.06657537986471,7.770382079609604,perfect_squat
46.04143975079519,51.167454540705755,59.918255961269836,5.126014789910563,perfect_squat
43.217680455662986,49.053627379593905,62.81604636166138,5.835946923930919,perfect_squat
45.37954538048111,47.202723326251665,65.21728133479178,1.8231779457705528,perfect_squat
46.79753653121832,48.327233854403154,63.5916073237999,1.529697323184834,perfect_squat
46.67818597987125,48.71799284410218,66.45958806370334,2.0398068642309255,perfect_squat
46.79821480625324,49.122223512868175,65.87736174998568,2.324008706614933,perfect_squat
46.503084682623914,48.85803549496858,66.44811358072896,2.3549508123446685,perfect_squat
47.16158012839691,48.543205620492905,72.148905348836,1.381625492095992,perfect_squat
47.51454367541955,49.648450310210684,71.69792513678432,2.1339066347911313,perfect_squat
53.07828247863191,52.25385311317835,77.09808795936083,0.824429365453561,perfect_squat
53.49891646363112,54.88671896330352,65.57818710758823,1.3878024996724037,perfect_squat
54.15271714339257,57.24244670729491,67.69402323384048,3.0897295639023383,perfect_squat
57.449069363444394,60.128514826355286,69.50046409616785,2.6794454629108913,perfect_squat
62.20014760790216,69.35071329082317,80.13232237030653,7.150565682921005,perfect_squat
69.20488672313121,77.2455734017754,83.50486223906879,8.040686678644192,perfect_squat
70.97809279791417,81.0358763850503,85.57312160983358,10.057783587136129,perfect_squat
72.7628821626868,84.29564416654145,89.059734389044,11.532762003854657,perfect_squat
74.09489406415845,87.04866520522391,91.98486176062478,12.95377114106546,perfect_squat
77.81017641281906,90.07606563780854,94.77296222075533,12.265889224989479,perfect_squat
79.8603341026361,93.40324972821267,96.90860945281118,13.542915625576569,perfect_squat
80.79710635548658,95.72650443712627,98.98189823604883,14.92939808163969,perfect_squat
91.56315448324732,104.44103227618912,111.06086791936096,12.877877792941803,perfect_squat
93.64146153136932,106.72109514600506,113.5497413343377,13.079633614635739,perfect_squat
95.80290281317369,111.44447300433573,115.5372720202329,15.641570191162046,perfect_squat
97.71764239752882,114.52432249650224,120.17635083170057,16.806680098973416,perfect_squat
97.71873824296516,115.81308351864165,120.8024435705164,18.09434527567649,perfect_squat
103.32328814374985,117.36493546824968,123.16540842792652,14.041647324499834,perfect_squat
110.09222119721258,121.31698739938709,127.97194510879747,11.224766202174507,perfect_squat
116.68078886500805,127.62702274178339,135.14735791289687,10.946233876775338,perfect_squat
129.24440204841827,145.99921935318315,144.4258713525523,16.754817304764885,perfect_squat
140.74486011592086,156.20360889638962,154.47899215323383,15.458748780468767,perfect_squat
145.76799767888448,158.93831217695558,160.24854209233482,13.170314498071093,perfect_squat
152.22634046404784,162.33728714542605,166.2237993574574,10.11094668137821,perfect_squat
158.8492466917733,163.73127916102473,170.6018277985114,4.882032469251442,perfect_squat
156.81564706020654,162.59970734690464,172.69191712702897,5.784060286698093,perfect_squat
160.78056286782524,162.3909268281106,174.88731447281305,1.6103639602853548,perfect_squat
162.512454867255,162.42806698048946,174.60261880396624,0.08438788676554054,perfect_squat
163.05732862852278,162.27932781393233,174.4254924834424,0.778000814590456,perfect_squat
162.68887749768984,162.3257663985414,175.45584185464136,0.36311109914845474,perfect_squat
162.88102274415536,162.56020033004333,175.55512216862365,0.3208224141120297,perfect_squat
163.54482853947374,162.43541054193562,175.43551928095317,1.1094179975381167,perfect_squat
163.6071266384896,162.68466536554257,175.2468122485366,0.9224612729470323,perfect_squat
163.27973849596316,162.70579953501147,173.5205747645354,0.5739389609516934,perfect_squat
163.28639969260564,162.881180948241,171.00522116548106,0.405218744364646,perfect_squat
163.33169544337858,162.89702339217928,171.1920857733129,0.43467205119929986,perfect_squat
163.3885251015873,162.83330340888978,171.0933064795728,0.5552216926975291,perfect_squat
163.54886924039457,162.74837914439632,171.42305471253832,0.8004900959982422,perfect_squat
163.63238852252894,162.78762025026236,171.00162074441909,0.8447682722665775,perfect_squat
163.40126885051254,162.7822734220535,170.94408251173562,0.6189954284590442,perfect_squat
163.39598296865094,162.80844659152442,170.5530621932873,0.5875363771265256,perfect_squat
163.38062056016457,162.77435148944977,171.43793086389044,0.6062690707148022,perfect_squat
163.50596737359442,162.77669519929668,171.9886514517184,0.7292721742977335,perfect_squat
163.57507019947164,162.72083371080595,172.40787052712344,0.8542364886656912,perfect_squat
163.6608097318711,162.83282672350896,174.47883329722882,0.8279830083621391,perfect_squat
163.64932031535812,162.81960667514747,175.01622502399698,0.829713640210656,perfect_squat
162.43054956948794,162.47773432394172,175.16555675507973,0.0471847544537809,perfect_squat
162.59646416382873,162.76879507538806,174.68341740490942,0.17233091155932811,perfect_squat
158.12489658274058,162.19479134514233,175.1555411440308,4.069894762401759,perfect_squat
149.47494189147739,159.1529857510536,171.39375897735025,9.678043859576206,perfect_squat
129.00126867590308,139.7127541074722,153.95016517384622,10.711485431569116,perfect_squat
126.16151203635332,135.40101804584765,148.46793947894406,9.239506009494335,perfect_squat
120.67633268033573,124.52264315233529,145.3839346288631,3.8463104719995584,perfect_squat
119.74289352803953,124.10530860591906,144.0644360598006,4.3624150778795325,perfect_squat
123.22265174587959,123.87466402214844,139.19146864800757,0.6520122762688487,perfect_squat
121.45710491176638,121.08765598304426,136.7049530555854,0.36944892872212165,perfect_squat
112.95931658290259,114.18388426532769,129.88974381388903,1.2245676824251035,perfect_squat
104.5720794009225,108.47734197062465,123.86894082931336,3.9052625697021455,perfect_squat
96.21444012489188,102.4896557356025,116.65757774483544,6.275215610710617,perfect_squat
92.20685731054486,100.78984451336923,114.49279795687424,8.58298720282437,perfect_squat
89.39234026304361,101.25759899828373,109.56964952929235,11.865258735240118,perfect_squat
82.94329389349281,96.0078507588742,106.9368527012729,13.064556865381391,perfect_squat
81.5239425562084,93.08174732800056,105.9968314825934,11.557804771792163,perfect_squat
80.57327583971865,91.5426175294321,104.04829191650808,10.96934168971346,perfect_squat
79.10918293527101,90.90029159625952,102.58183987527715,11.791108660988513,perfect_squat
73.14477363641677,80.7652044796896,97.33770095905834,7.620430843272828,perfect_squat
70.47909210916464,77.36532135132127,93.41454739213628,6.886229242156631,perfect_squat
68.1208902732147,77.22382916641658,86.95830736335567,9.10293889320188,perfect_squat
66.88376959371747,75.63149032352352,81.87720512703413,8.747720729806048,perfect_squat
63.121923778498214,72.46861370727378,79.3894998791753,9.346689928775561,perfect_squat
61.81844621846167,70.97651428023978,74.68970365904941,9.15806806177811,perfect_squat
60.03209140404696,70.28793542378725,71.88138465999705,10.255844019740287,perfect_squat
54.757429821006085,63.299322762643804,69.4063957399088,8.54189294163772,perfect_squat
52.27279126425714,58.05229325408506,68.16879244755383,5.779501989827921,perfect_squat
52.11709842660248,57.12431174411869,69.85218574618695,5.007213317516211,perfect_squat
49.1487437656071,54.231450107519564,67.51385384991661,5.082706341912463,perfect_squat
48.329204044280594,56.365490346290244,65.64781758861248,8.03628630200965,perfect_squat
49.691679404835206,54.31746001377057,64.45119787056058,4.625780608935365,perfect_squat
50.671636326482044,55.50296952870662,63.29064271079135,4.831333202224577,perfect_squat
47.67570043606094,53.980258812313316,63.79476621407987,6.304558376252373,perfect_squat
47.53354930005654,53.88169384866762,63.4116427200122,6.348144548611074,perfect_squat
46.80678660056492,53.17703015302861,65.30397551279218,6.370243552463691,perfect_squat
46.44894258895725,51.81928264654385,71.4295902056867,5.370340057586596,perfect_squat
47.29035958960061,52.51772555005777,73.24504909869421,5.227365960457156,perfect_squat
47.19285916630092,51.44353000317848,86.32347143746182,4.2506708368775605,perfect_squat
47.724063788923345,51.33058948186502,81.17034664704127,3.6065256929416734,perfect_squat
56.017237578472944,56.84741373946751,74.8051715206528,0.8301761609945686,perfect_squat
61.1570316674232,61.19396477756914,75.16578918671182,0.036933110145945136,perfect_squat
63.23635107036921,65.47950900031142,75.15111985953095,2.243157929942214,perfect_squat
64.99932886169358,70.25705983192768,76.75828475233618,5.257730970234093,perfect_squat
66.36180135613218,73.81056601478598,77.4981179795936,7.4487646586538006,perfect_squat
67.54389053288271,77.38848499637612,78.44092637175878,9.844594463493408,perfect_squat
69.57256329962028,80.3919018073235,81.20408678267613,10.819338507703222,perfect_squat
76.43036673546683,86.93867471728105,87.10015029093977,10.508307981814212,perfect_squat
80.133764569723,90.74842752860144,95.51579942672151,10.61466295887844,perfect_squat
80.13419598378323,94.0934026773557,97.47422792197456,13.959206693572469,perfect_squat
82.35971528897475,97.34919597349688,98.45692249310935,14.989480684522121,perfect_squat
80.53061744325923,96.79790884434311,99.31176353523983,16.26729140108388,perfect_squat
80.33513536173189,96.13063254071322,100.84453456131598,15.795497178981336,perfect_squat
83.26720434358575,98.30692609458859,108.63104583873088,15.039721751002844,perfect_squat
84.665245801488,98.13551049168507,109.17989846984447,13.47026469019707,perfect_squat
103.02195508129726,112.8238384885626,126.65888216460367,9.801883407265336,perfect_squat
116.34144614511303,123.63604071945079,134.94408536696818,7.294594574337765,perfect_squat
119.29118756241432,126.46878163070507,136.03371583996048,7.177594068290745,perfect_squat
122.39812881166101,128.2864431258481,138.06208818683294,5.888314314187099,perfect_squat
120.41349448490158,131.7061270989872,137.64685525376726,11.292632614085619,perfect_squat
123.12317795551643,137.66307605980074,137.94781064181655,14.539898104284319,perfect_squat
131.27188024744598,143.0090053580344,145.0370064837358,11.737125110588408,perfect_squat
149.08617897209328,151.47153719296563,160.30106422802027,2.385358220872348,perfect_squat
154.19429312276876,155.6813299393833,165.7781263792353,1.487036816614534,perfect_squat
158.150266737048,159.7369147570857,169.91445031167484,1.5866480200376998,perfect_squat
160.7237659134438,162.60460067519506,172.846301028321,1.8808347617512595,perfect_squat
161.2300625965086,162.9656251761571,173.9636498442841,1.7355625796485015,perfect_squat
161.82700744509776,163.0433636995949,174.939984403116,1.2163562544971285,perfect_squat
162.7066446968675,163.19291219096098,175.44687619882438,0.48626749409348236,perfect_squat
162.72181591655485,162.5134992124112,176.53705396006595,0.20831670414364112,perfect_squat
161.71880373173627,161.96171703360926,177.1405189700294,0.24291330187298854,perfect_squat
163.65124611929755,161.95384150096376,177.73355841505662,1.6974046183337919,perfect_squat
163.10569388546745,162.0441996268988,177.02844135079846,1.0614942585686435,perfect_squat
162.90439501257686,162.09791824500047,176.30986974774282,0.8064767675763846,perfect_squat
163.3623574142744,162.0350325127934,177.25420122953872,1.3273249014810062,perfect_squat
163.6825508025358,161.9804722028065,177.55114364158828,1.7020785997292762,perfect_squat
163.87182630925867,161.9458080776063,177.55274332731426,1.926018231652364,perfect_squat
163.7854439867988,162.2087920913094,177.62636110525037,1.5766518954894195,perfect_squat
163.2038735793018,162.29306569814204,177.7953284700131,0.9108078811597693,perfect_squat
162.8987571450085,162.29389464228856,178.54984894611667,0.604862502719925,perfect_squat
162.67186978846277,162.0447056547001,178.73478780699642,0.6271641337626761,perfect_squat
161.92270698480698,161.4170390086622,178.6659641027186,0.5056679761447924,perfect_squat
162.00961599401327,161.49044146489925,178.39883563287498,0.5191745291140251,perfect_squat
162.22870955139052,161.5405634027728,178.15494891743015,0.6881461486177329,perfect_squat
162.35081703845714,161.63772861045598,178.36024099743068,0.7130884280011571,perfect_squat
161.96219088234457,161.451822992429,178.29956081746846,0.5103678899155852,perfect_squat
162.1539964171724,161.5671417723612,178.22728375300213,0.5868546448112113,perfect_squat
161.7807138937235,161.645827078085,178.015572595103,0.13488681563848104,perfect_squat
162.12036737884995,161.59967885084043,178.18694728360464,0.520688528009515,perfect_squat
161.56796289121132,161.52550772420864,178.31755590284513,0.04245516700268581,perfect_squat
160.56600964967495,161.24350949610348,178.37942777846527,0.6774998464285318,perfect_squat
160.54924862873497,161.26817710041405,177.86832566051083,0.718928471679078,perfect_squat
161.21946278831015,161.53828405758495,177.60460217053927,0.3188212692747925,perfect_squat
161.62756769055525,162.03459018626808,177.54931633609164,0.40702249571282323,perfect_squat
161.71016889972694,162.02204232544986,177.68939088290765,0.3118734257229221,perfect_squat
162.17437658921847,162.1021469816859,177.47825816864065,0.07222960753256302,perfect_squat
161.86369242414233,162.05047402255252,177.45879665431113,0.18678159841019237,perfect_squat
161.56901361455024,161.94549297085555,177.40289030964578,0.3764793563053104,perfect_squat
160.78871692367275,161.67515700354957,177.31847517012463,0.8864400798768202,perfect_squat
160.9032572051671,161.68325005786818,177.6984429076083,0.7799928527010707,perfect_squat
161.03037431075592,161.92939484334846,177.5600763999397,0.8990205325925444,perfect_squat
160.94292482580371,161.83487877489097,177.62032580236001,0.8919539490872523,perfect_squat
160.9779250150767,161.81104064948192,177.70326771914864,0.8331156344052317,perfect_squat
161.03114380482396,161.84589544379932,177.69806335844518,0.8147516389753662,perfect_squat
160.95467976391936,161.79852781917472,177.59122878736008,0.8438480552553642,perfect_squat
160.5246508736308,161.35935501866865,177.7210221058232,0.834704145037847,perfect_squat
160.16186407441776,161.295276593815,177.82623724594077,1.1334125193972397,perfect_squat
160.31335866507553,161.30184366675348,177.79612893453904,0.988485001677958,perfect_squat
161.33339224282247,161.27437559238024,177.76586848917046,0.059016650442231366,perfect_squat
161.9625885309093,161.34295531048548,177.26965128109327,0.6196332204238217,perfect_squat
162.05732610453694,161.2880915156903,176.38914185118836,0.7692345888466434,perfect_squat
162.19657909134742,161.3424168489676,176.45102445518143,0.8541622423798287,perfect_squat
162.88090496021434,161.40857210423135,176.06282656290156,1.4723328559829838,perfect_squat
163.07877508425676,161.50551384628298,175.28320783146566,1.5732612379737816,perfect_squat
162.6250137822653,161.39233205795202,175.33151562161356,1.232681724313295,perfect_squat
162.67141504374027,161.37668873519522,174.33878052150672,1.2947263085450516,perfect_squat
161.90477949554668,161.0895986324663,174.5684314251073,0.8151808630803714,perfect_squat
162.05044485889934,161.1082892213219,173.99226989511922,0.9421556375774287,perfect_squat
162.0196600496537,160.7499475047218,174.0845138402917,1.269712544931906,perfect_squat
161.56088311526392,160.3342730194051,174.07311960194627,1.226610095858831,perfect_squat
161.62444115252703,160.29760936686492,174.57062430418526,1.3268317856621081,perfect_squat
163.13899304363702,160.56624662109786,175.64900313000953,2.5727464225391543,perfect_squat
162.53617995752793,159.97522654607297,175.83376506090715,2.5609534114549604,perfect_squat
163.55013097192935,160.69650473644796,176.10811795925278,2.8536262354813857,perfect_squat
164.43749364833388,161.39667433350337,176.63644557883364,3.0408193148305145,perfect_squat
163.1305023549413,160.47446950933224,176.5617670870883,2.656032845609076,perfect_squat
162.84931250545665,160.52162449377218,176.77424664571583,2.3276880116844723,perfect_squat
162.76448514777115,160.4426131286573,177.0841062723841,2.3218720191138402,perfect_squat
162.40902679570695,160.64730359770894,177.07232662868273,1.761723197998009,perfect_squat
160.96106888398953,160.57242379595445,176.88457553818392,0.38864508803507647,perfect_squat
162.52204005616645,161.52519610808963,176.910997894831,0.9968439480768154,perfect_squat
163.57307761607495,162.5293213529118,176.5002353695495,1.0437562631631465,perfect_squat
162.71259629993745,162.37809438898992,175.9276976413015,0.33450191094752313,perfect_squat
163.6709899568459,163.23232643594625,175.4020334864414,0.4386635208996381,perfect_squat
162.36264933208187,163.02430797422042,175.04793059163902,0.6616586421385477,perfect_squat
162.31035144208235,162.81950868678427,174.43173285041544,0.5091572447019246,perfect_squat
162.26717289668343,162.64864692174373,174.29144524474344,0.3814740250602995,perfect_squat
162.12275521931696,162.55300282670413,174.27330741753096,0.43024760738717305,perfect_squat
162.08207620530325,162.4626809356713,174.7222705026494,0.38060473036804865,perfect_squat
161.8464659174497,162.33431699786408,176.4406663701094,0.487851080414373,perfect_squat
161.48142345669282,162.28053339278418,177.23228314684036,0.7991099360913552,perfect_squat
162.1222940713852,162.4264831846208,177.4860876492299,0.3041891132355943,perfect_squat
162.14218160800866,162.41612915607593,177.82662926231728,0.2739475480672695,perfect_squat
160.2340309398018,162.1654399200065,178.21112044250225,1.9314089802046794,perfect_squat
158.88068540683835,161.43343059298587,178.86216049992706,2.5527451861475186,perfect_squat
157.36527698294557,160.81053685718572,179.57914829705368,3.4452598742401506,perfect_squat
156.24070718847847,159.76738047531592,179.8448430951971,3.5266732868374504,perfect_squat
156.4068657635082,159.80025443373134,179.74222117230022,3.393388670223146,perfect_squat
156.19779658490893,159.67853096912086,179.574029285803,3.480734384211928,perfect_squat
156.04307967019705,159.573108181741,179.32444158911773,3.5300285115439465,perfect_squat
156.04153957059282,159.6769654737514,179.29337379718123,3.635425903158591,perfect_squat
157.37730961199622,160.03381001637538,178.6244644383795,2.656500404379159,perfect_squat
159.09624056607566,160.7581686333769,177.66885782129182,1.6619280673012327,perfect_squat
159.65572394445005,160.86438585992929,177.7656674388117,1.2086619154792402,perfect_squat
160.1121341141273,161.0894199484255,177.8013616071396,0.9772858342982147,perfect_squat
159.95781819025513,161.28366088822386,178.35200585637517,1.3258426979687385,perfect_squat
160.54751486659657,161.6925615703746,177.6392195345471,1.1450467037780356,perfect_squat
160.73519069394766,161.99896938813248,176.2214232691349,1.263778694184822,perfect_squat
160.17061332070097,161.89447634499354,174.4464914835747,1.7238630242925694,perfect_squat
158.8254117920733,161.64907237945698,173.1089580564296,2.823660587383671,perfect_squat
130.99162965226816,146.3215246964488,153.65996194985308,15.329895044180631,perfect_squat
127.81426986777849,135.15666628111353,147.26790921372296,7.342396413335038,perfect_squat
122.48962440625806,127.36551955929373,143.69188658887165,4.875895153035671,perfect_squat
119.80675453626627,121.34199005559815,140.99376052974455,1.5352355193318772,perfect_squat
115.94220752061236,119.14769318062505,137.00087175510185,3.205485660012698,perfect_squat
113.99041107186471,115.84328981806594,132.43025820908917,1.8528787462012275,perfect_squat
110.94163882836962,112.20509121074915,127.56380834278758,1.2634523823795263,perfect_squat
99.89105149132482,104.05660618984943,123.44681015988711,4.165554698524616,perfect_squat
90.79577076821957,98.74585378617316,115.89558795581154,7.950083017953588,perfect_squat
91.75892874036313,100.07433632655467,115.51154159253866,8.31540758619154,perfect_squat
87.72683294735039,99.40321751986359,113.8940106803765,11.6763845725132,perfect_squat
86.50772251930178,97.2192424697932,110.74608839254681,10.711519950491422,perfect_squat
86.50403934032951,96.10368815315636,109.31125414815898,9.599648812826842,perfect_squat
83.37044948143227,93.78362541326594,107.40927319794118,10.413175931833663,perfect_squat
72.10342265643702,80.76054917923283,99.09831352614376,8.657126522795807,perfect_squat
69.50462711803624,76.40740011626897,94.50108179868826,6.902772998232734,perfect_squat
69.88851248934704,74.82386914813914,89.76622755150443,4.935356658792102,perfect_squat
69.00258873686177,74.87968062993892,85.68031586631582,5.87709189307715,perfect_squat
67.36441810290522,72.96395717221036,82.52244448677578,5.599539069305138,perfect_squat
67.31227810883097,73.77494943625963,81.76263377152152,6.462671327428666,perfect_squat
67.04279387126402,71.9511747664456,80.0860567296415,4.90838089518158,perfect_squat
59.79043669181984,65.44955214771741,76.57059936803229,5.65911545589757,perfect_squat
53.45754907217135,57.59087611170026,78.85273965004706,4.133327039528908,perfect_squat
48.59247445839967,56.331835254517365,87.47555881920566,7.739360796117694,perfect_squat
48.97024685290221,53.03442692828807,88.34741538380115,4.064180075385863,perfect_squat
44.1350100943353,49.72524171998772,90.5239875340948,5.590231625652422,perfect_squat
42.19101656420462,47.619940713999085,86.80665076850681,5.428924149794469,perfect_squat
41.74702217932933,43.326687945289486,85.3989876289118,1.5796657659601578,perfect_squat
41.25494717608617,42.958901062153785,83.62471635732086,1.703953886067616,perfect_squat
41.28803628791882,43.51232498403858,82.84440172012192,2.224288696119757,perfect_squat
40.67003237444,42.001893155887,80.64818897105717,1.3318607814469985,perfect_squat
43.83238629012573,44.81496444432054,81.90990054994408,0.9825781541948047,perfect_squat
43.68377790988436,45.74225246774167,82.72167374424293,2.058474557857309,perfect_squat
42.00020475939883,45.511555880496076,83.75874523665532,3.511351121097249,perfect_squat
41.0838419557807,45.2413724003479,84.33663406668467,4.1575304445672,perfect_squat
41.363534666117744,44.05237622873192,85.31592584398614,2.6888415626141793,perfect_squat
45.828153420729436,47.53397165422573,90.76079194801119,1.705818233496295,perfect_squat
51.67665737663833,50.989908056381815,79.29380688897314,0.6867493202565171,perfect_squat
63.22160420884572,64.22342804781935,83.94334031625728,1.0018238389736354,perfect_squat
71.31430459464369,70.76256575877031,88.81457518061063,0.5517388358733797,perfect_squat
74.44513808794261,73.84569673910542,89.59936134599997,0.599441348837189,perfect_squat
78.91132747749211,78.3731914119741,92.59789239439986,0.5381360655180032,perfect_squat
84.66962796692589,85.91456051775857,95.95580940011324,1.2449325508326865,perfect_squat
89.0338114686134,91.45841734197714,101.18318833230617,2.4246058733637454,perfect_squat
96.35187480137995,99.09905742204494,107.08151625854283,2.7471826206649865,perfect_squat
96.51350976884575,101.15514469947249,110.78192195560442,4.641634930626736,perfect_squat
93.81499870960768,101.10170788784545,113.18393216789467,7.286709178237771,perfect_squat
94.60076954291638,101.23621532738522,112.51245253274773,6.635445784468843,perfect_squat
95.04583279477079,102.00347611228331,112.36019625359884,6.95764331751252,perfect_squat
97.59636069758382,104.73392925495811,115.01085307360432,7.137568557374294,perfect_squat
100.57579396295404,104.9201229584399,118.79118134633747,4.344328995485867,perfect_squat
100.86551002938589,106.46398557051869,121.45244014870269,5.5984755411327995,perfect_squat
101.87113723845152,108.6302394163918,123.20149295508186,6.759102177940278,perfect_squat
104.45113528401009,112.71516160989253,124.6718197484423,8.26402632588244,perfect_squat
119.37286557714673,131.9454376448119,132.17564977894506,12.572572067665178,perfect_squat
133.1757343866475,143.93437049928474,142.33253566187193,10.758636112637248,perfect_squat
142.34455473187322,147.71684027174885,148.92978398944948,5.372285539875634,perfect_squat
152.83936522499323,153.77169130192445,158.84685237892475,0.9323260769312185,perfect_squat
158.7689458635956,159.7070030556314,164.3223989232016,0.9380571920357852,perfect_squat
159.9693074177544,161.96056093054352,168.95004203188458,1.9912535127891147,perfect_squat
156.89071032313853,161.22923144177298,171.08445974001648,4.338521118634446,perfect_squat
162.78492739952515,162.79454819301236,173.49034261895895,0.009620793487215451,perfect_squat
163.5833970956236,163.34512105645987,174.33718108470293,0.2382760391637362,perfect_squat
163.82479737448463,163.65068134026288,174.56408125532698,0.17411603422175403,perfect_squat
164.2194022676522,163.77592251267671,174.97372403436125,0.44347975497549896,perfect_squat
163.5186467227732,163.24473095950782,175.58610093335804,0.2739157632653928,perfect_squat
163.83805699178205,162.9058810232483,175.59291598734558,0.9321759685337554,perfect_squat
164.35901373958518,162.88412388047453,176.26633712542736,1.4748898591106467,perfect_squat
164.023967081083,163.05554390785616,176.19826508234758,0.9684231732268245,perfect_squat
164.26108537053952,163.15003017949147,176.13950888439135,1.1110551910480524,perfect_squat
164.43652357285788,163.03077383332925,176.23964380628746,1.4057497395286305,perfect_squat
163.6429940598331,162.97170739411422,176.50812285885135,0.671286665718867,perfect_squat
163.28927432526305,162.82473017232883,176.82567495965074,0.4645441529342236,perfect_squat
162.9865827485351,162.9598599259995,177.03089083296956,0.026722822535617752,perfect_squat
162.9435088655638,163.37383512269776,176.99163637207306,0.4303262571339417,perfect_squat
163.9101089420447,163.74647684680468,176.90609219569612,0.16363209524001832,perfect_squat
163.79637041965552,163.87135693256812,176.95048077294362,0.07498651291260217,perfect_squat
163.0244468955675,163.78250955160127,177.14760166884813,0.7580626560337578,perfect_squat
163.01442796764357,163.69938030770027,177.1386215931859,0.6849523400566966,perfect_squat
163.0774176031085,163.61603991674573,177.12450041875962,0.5386223136372337,perfect_squat
163.16284028884508,163.55807861648475,177.10169088720718,0.3952383276396745,perfect_squat
163.22528507061676,163.42852462512894,177.16185962204776,0.20323955451218012,perfect_squat
162.4186579604399,163.13472350268276,177.31833439628653,0.716065542242859,perfect_squat
162.57635423284978,163.2212261809624,177.3176874665473,0.6448719481126091,perfect_squat
162.5063250112793,163.09957028581377,177.10371679463907,0.5932452745344676,perfect_squat
162.09616715192178,162.88706550521366,176.86115652450445,0.7908983532918796,perfect_squat
162.06453238594108,162.72156407152303,176.48878772913548,0.6570316855819556,perfect_squat
163.31109981310394,163.47479650890673,176.40971353007296,0.16369669580279833,perfect_squat
162.73848206659048,163.5267363209799,176.1221823003451,0.7882542543894147,perfect_squat
159.47310027211714,162.7422417871623,174.52516371519567,3.2691415150451633,perfect_squat
146.24759153125092,158.63013382820105,166.14307473977004,12.382542296950135,perfect_squat
126.6184722206937,137.5549733711962,150.3872939287886,10.936501150502508,perfect_squat
123.12617892059207,128.54487406088984,145.2631952497765,5.418695140297771,perfect_squat
122.16205117135343,124.57290968037012,142.33909252246625,2.410858509016691,perfect_squat
118.78748937528607,121.43150410598908,141.8819161406609,2.644014730703006,perfect_squat
114.53323797849181,117.03453532472676,136.85955332272988,2.5012973462349493,perfect_squat
104.373844093063,110.11768847568977,128.12416967315968,5.743844382626776,perfect_squat
101.10280086842339,107.59442072731393,124.79895577261506,6.4916198588905445,perfect_squat
100.17237149355181,106.64375191681485,122.48049795887863,6.471380423263042,perfect_squat
100.50517509073443,106.02891736278279,122.57530297726763,5.523742272048366,perfect_squat
100.69952706909407,104.89167913431223,120.89720502542013,4.192152065218153,perfect_squat
97.21045929157205,102.40274336803036,119.94635696047331,5.192284076458307,perfect_squat
87.14134204046962,97.20327687313093,114.49882494271881,10.061934832661308,perfect_squat
86.07274893572533,94.31269720827213,113.10953192524343,8.239948272546798,perfect_squat
83.00117858418342,92.07022959742008,112.59741057979393,9.06905101323666,perfect_squat
80.2161389788453,89.19712188921768,110.03860412004563,8.98098291037239,perfect_squat
79.60456174961931,88.34112470076975,107.44268832564275,8.736562951150447,perfect_squat
78.17732591159391,87.89461605122808,102.56721907836163,9.717290139634173,perfect_squat
76.53178875856733,87.68404844991905,100.63253274763208,11.152259691351716,perfect_squat
74.27075160409429,85.78426503154492,99.77949979135897,11.513513427450633,perfect_squat
73.20457770859277,85.08765195938098,98.95142697976574,11.883074250788212,perfect_squat
72.27129817794717,83.49135784168593,98.42110625887838,11.220059663738752,perfect_squat
71.09535792399981,82.46449144063247,94.03244738712608,11.369133516632658,perfect_squat
72.32586933200682,82.33502200524934,92.2209293239078,10.009152673242525,perfect_squat
70.61325906418833,79.50893477568279,89.02493340420197,8.895675711494462,perfect_squat
69.6210369399812,78.21715716683191,87.44033499891651,8.596120226850715,perfect_squat
69.3864202056155,78.01135045421192,86.06843921946354,8.624930248596428,perfect_squat
70.00046563125916,77.7091848174954,85.31456860148259,7.708719186236237,perfect_squat
69.24345883575495,77.56703866089127,87.44207545690476,8.32357982513632,perfect_squat
68.31135174546507,75.82583514865846,91.46416860263847,7.514483403193381,perfect_squat
67.95266017974652,75.51254905651743,88.13393605559499,7.559888876770913,perfect_squat
68.39862272277524,75.34697585509966,88.904204289132,6.948353132324414,perfect_squat
69.21528001712974,75.90919303008423,88.27571593676338,6.693913012954482,perfect_squat
69.6622609088976,76.16490458046044,85.60198002040852,6.502643671562851,perfect_squat
70.94299842400073,77.56934018684915,82.66231669418661,6.626341762848412,perfect_squat
72.94651530848206,79.3117896939621,84.1181101280451,6.365274385480035,perfect_squat
76.21454104322797,84.1965656492088,87.02736027549024,7.9820246059808255,perfect_squat
82.25900899812866,93.0591698373787,99.42840980958388,10.80016083925004,perfect_squat
85.98424779415963,96.67725482837957,103.63625924765765,10.693007034219946,perfect_squat
85.81004924826793,99.23268746810011,107.36992759030763,13.42263821983218,perfect_squat
86.63712103509975,100.51145706852209,113.17841939160725,13.874336033422338,perfect_squat
88.51708816174572,100.77739425228495,116.96976473077983,12.260306090539231,perfect_squat
93.33421307743602,104.31222130841742,119.0419087109269,10.978008230981402,perfect_squat
104.08137431044184,110.65514437763255,128.76875615813907,6.573770067190708,perfect_squat
106.17938393393537,117.91147196644508,136.0597953460012,11.732088032509708,perfect_squat
112.20678022801187,122.55351856601426,137.20196501511975,10.346738338002396,perfect_squat
117.55719750408863,126.93096731668776,140.64720193639744,9.373769812599122,perfect_squat
122.27276107975145,135.43519187861884,144.46243362361184,13.16243079886739,perfect_squat
126.5535908918904,144.25503182770714,147.52988866139506,17.70144093581675,perfect_squat
135.033131673517,152.10045778082818,152.52377054283204,17.067326107311175,perfect_squat
142.90636390938786,154.73381294116933,158.59362671528058,11.82744903178147,perfect_squat
158.91520497716346,163.61693545919334,171.38234641783671,4.7017304820298875,perfect_squat
158.4318225613944,162.87130232849725,175.00072347419135,4.439479767102853,perfect_squat
155.67189849357973,160.47137069536615,176.82440998266878,4.799472201786415,perfect_squat
161.45135888178223,161.69331887829512,176.99688470143892,0.24195999651288957,perfect_squat
162.65529736698622,162.30411753706323,175.92739714654917,0.3511798299229838,perfect_squat
164.17382080730675,162.57080682999634,175.3372246704111,1.603013977310411,perfect_squat
164.65126839276925,162.70242783468396,175.13984791275288,1.948840558085294,perfect_squat
164.47507848818316,162.62248342010125,174.62280487079974,1.8525950680819108,perfect_squat
162.4760896307324,161.70750459234236,172.19198283312681,0.7685850383900288,perfect_squat
162.02995291063536,161.45990980493983,171.32651590638048,0.5700431056955324,perfect_squat
161.50512690338667,160.98630998418582,171.71480170576953,0.5188169192008445,perfect_squat
161.731549888099,161.36925073339262,171.3477119283306,0.36229915470639185,perfect_squat
162.02112585724603,161.41595632030266,171.78771339908508,0.6051695369433787,perfect_squat
162.02928916922306,161.3960885340871,171.87942235326304,0.6332006351359496,perfect_squat
161.93787900228253,161.67127040246714,171.8728978519426,0.26660859981538465,perfect_squat
162.22287955393722,161.9865840758667,172.3936660927247,0.23629547807053086,perfect_squat
162.10113192696517,161.94017056160547,172.42708807790677,0.16096136535969663,perfect_squat
162.10543825218556,161.97240109443433,172.3624676313719,0.13303715775123237,perfect_squat
161.61034630587082,161.5276708203653,172.54797587861228,0.08267548550551851,perfect_squat
161.56744642473936,161.139354377467,172.45845279203812,0.42809204727237216,perfect_squat
161.0219989098302,161.17769435688353,172.93733018735446,0.15569544705334692,perfect_squat
160.36956759655564,161.24068606039754,173.0392076506477,0.8711184638418956,perfect_squat
159.37575938749242,160.86632224291697,174.44561631936344,1.4905628554245425,perfect_squat
158.22685486065126,160.69609418192098,175.67939555339504,2.4692393212697255,perfect_squat
160.42328081777197,162.09655497544347,175.85302997048416,1.6732741576715,perfect_squat
158.21763468223102,161.7478695857791,175.29699346834147,3.5302349035480916,perfect_squat
155.31438956709195,160.56757602054512,172.10510817250182,5.253186453453168,perfect_squat
155.73915844542321,160.58903195949253,171.06122712380258,4.849873514069316,perfect_squat
152.4539832779518,158.87783255098844,168.82470725393924,6.423849273036637,perfect_squat
133.89144676806535,151.86388672167683,156.84522619452528,17.972439953611484,perfect_squat
128.8398510184511,145.40309665642644,151.99880358677007,16.563245637975342,perfect_squat
121.9778552447885,128.97984128826147,146.3357000573505,7.001986043472968,perfect_squat
122.62894591708613,127.09875591388025,143.99261304088233,4.469809996794126,perfect_squat
120.26018572486988,121.3920430512126,138.22800790646306,1.1318573263427112,perfect_squat
114.26409217216572,115.0056861869807,135.77788221848107,0.7415940148149787,perfect_squat
110.40928046808753,111.35528349918181,133.77252463756068,0.9460030310942784,perfect_squat
106.26322922211037,107.35280030742994,129.41424025516812,1.0895710853195766,perfect_squat
101.63796334320824,102.27935691706968,127.69769978495668,0.6413935738614356,perfect_squat
87.80281264681503,94.80146991102461,116.99261597693618,6.998657264209584,perfect_squat
89.12574729260966,96.58324080658558,114.24077301959957,7.457493513975919,perfect_squat
90.23345794023145,97.04949819537939,114.51692994157021,6.816040255147939,perfect_squat
87.59072551365527,96.11975120073221,112.31878969295056,8.529025687076938,perfect_squat
87.6216957344895,95.4720503227585,111.94849887023655,7.850354588268999,perfect_squat
85.99137309340318,94.60002126515289,111.16539774293115,8.608648171749707,perfect_squat
82.55845798278479,92.2938483269885,108.8069818691215,9.735390344203708,perfect_squat
81.18951012840343,91.09366765186996,107.28419411015904,9.904157523466537,perfect_squat
75.89035604876264,85.2908888777245,102.17734683336452,9.400532828961857,perfect_squat
74.62404617694804,86.3057174324105,101.07772738007031,11.681671255462462,perfect_squat
73.41258508673826,86.70722614280614,98.48709364429004,13.294641056067874,perfect_squat
71.75413838825241,83.86290386556621,95.53624486086159,12.108765477313796,perfect_squat
71.2706404320205,83.46573724750165,94.3116921715946,12.19509681548115,perfect_squat
71.66684047961058,82.24468995957355,93.86384917365535,10.577849479962964,perfect_squat
70.02943525925474,77.5372002802992,91.89219151095394,7.507765021044463,perfect_squat
65.39907930183485,74.90852554402232,86.82326315749629,9.50944624218748,perfect_squat
65.24521495796279,75.35585779080637,82.68105639140266,10.110642832843581,perfect_squat
66.84630213768382,75.2043922393606,81.9159506867024,8.35809010167678,perfect_squat
67.83715795843224,77.21830579375793,82.20797794953884,9.381147835325692,perfect_squat
67.4062805925095,76.77510679178103,80.92057373939205,9.368826199271524,perfect_squat
66.30869030350223,75.33367163281545,81.00129509883311,9.02498132931322,perfect_squat
65.77532880686253,75.12763988563248,80.73823213870563,9.352311078769944,perfect_squat
64.54878370648717,72.92391728234445,78.48675794639573,8.375133575857276,perfect_squat
63.32008893096665,72.26981465926997,77.71819324001196,8.94972572830332,perfect_squat
63.010803985819635,72.58616263625402,76.80751193708365,9.575358650434382,perfect_squat
63.134452453335996,72.99031320356474,76.87321348957643,9.855860750228743,perfect_squat
63.101521071997176,72.65298936990399,76.2340777474482,9.551468297906816,perfect_squat
62.93313005825891,72.26968100488808,76.2729174415853,9.336550946629174,perfect_squat
62.56392424412474,71.09262044931484,76.27938223739368,8.528696205190094,perfect_squat
62.647416654745435,71.0639307813502,76.240569063606,8.41651412660476,perfect_squat
64.81070169539149,74.55276196543205,78.42090182814476,9.742060270040568,perfect_squat
66.35653682675293,77.38043740973741,79.59072087896443,11.023900582984481,perfect_squat
71.3093503378532,81.18764135735896,84.60515386208642,9.878291019505753,perfect_squat
74.129399121977,82.85085536005184,89.5835997739006,8.721456238074836,perfect_squat
78.05641614723318,86.61437340524849,92.42213981286905,8.557957258015307,perfect_squat
81.00106267040952,89.5462993714926,94.25957390354715,8.54523670108307,perfect_squat
97.00165015605617,105.67878134189449,109.18271444838527,8.67713118583832,perfect_squat
99.77980603175493,110.19397287577709,111.98945504826747,10.414166844022162,perfect_squat
101.86245875003846,114.72724963396526,114.7117698781058,12.864790883926801,perfect_squat
107.71654940203639,119.00873426377176,118.68784171093016,11.292184861735365,perfect_squat
107.67980294550286,118.3527003660803,125.79373197048055,10.672897420577442,perfect_squat
108.88042624428417,119.66427967697832,127.88258031234241,10.783853432694158,perfect_squat
112.39574875166635,122.61032900654854,131.58127003243985,10.214580254882193,perfect_squat
112.75008721225213,123.65954528872925,132.18166911282162,10.909458076477122,perfect_squat
135.57429686097353,149.25990783045438,148.5447460223561,13.685610969480848,perfect_squat
152.23571620711837,160.16895714500995,160.50630321146522,7.933240937891583,perfect_squat
160.08054652736936,164.46334638603815,168.51242843100985,4.38279985866879,perfect_squat
155.02791909317003,160.64764080681488,172.43420623913505,5.61972171364485,perfect_squat
153.24719695749044,159.0311613250294,172.91390504908085,5.7839643675389425,perfect_squat
153.26263542598346,158.64132665011894,173.25195476175946,5.37869122413548,perfect_squat
159.09051324255333,160.42457978284398,173.89350234335478,1.3340665402906495,perfect_squat
160.52318856646866,160.70923133838232,173.98550670251842,0.18604277191366236,perfect_squat
162.20836993102284,161.4777844338905,173.94141692763353,0.7305854971323527,perfect_squat
160.13942879786734,161.97023602204308,173.10379518181128,1.830807224175743,perfect_squat
162.3152981455506,162.27236248181853,173.53444565332433,0.04293566373206659,perfect_squat
163.46955997822772,162.30168667279221,173.68278845785477,1.1678733054355064,perfect_squat
163.36926737030134,162.3551762021947,173.66871123749291,1.0140911681066314,perfect_squat
163.44059374850357,162.275937844442,173.48173037376475,1.1646559040615614,perfect_squat
163.1148976281271,162.18101824096217,172.8282078590461,0.9338793871649216,perfect_squat
163.2580485332361,162.27274311200776,172.7861024925042,0.9853054212283325,perfect_squat
163.7161471798641,162.44701302201534,172.00889902458775,1.2691341578487538,perfect_squat
163.2274845472434,162.57701674841528,171.5130683034565,0.6504677988281173,perfect_squat
162.9568710829067,162.60966963965367,171.28598124847142,0.34720144325302726,perfect_squat
162.8404522087084,162.5227148042839,171.3499889793986,0.3177374044244914,perfect_squat
161.28269347042465,161.8807953890353,171.54965181042655,0.5981019186106664,perfect_squat
162.320127607949,162.21888823640103,171.98899609074945,0.10123937154796181,perfect_squat
162.37851334193638,162.31147023662072,172.74032534813782,0.06704310531566193,perfect_squat
162.52564691088782,162.23754474893784,172.8660369381644,0.28810216194997906,perfect_squat
162.5856649300842,162.06838179556811,174.8395587182409,0.5172831345160773,perfect_squat
163.03272022785472,163.05655939810237,175.7389375676858,0.023839170247640595,perfect_squat
161.35460947423837,163.6972812586461,175.66054604525672,2.342671784407713,perfect_squat
151.1959253351072,161.52282306106184,172.27597195663347,10.326897725954638,perfect_squat
140.5418648314889,157.0078315400418,165.7860699004921,16.465966708552884,perfect_squat
128.00476949909964,151.69450410731145,156.36854373821376,23.689734608211808,perfect_squat
127.06376015747325,146.060387915091,152.48020994883717,18.99662775761776,perfect_squat
124.9523553289586,138.47824059489537,149.07031349791416,13.525885265936765,perfect_squat
114.86194322879292,118.64395031317207,134.6729556992071,3.7820070843791456,perfect_squat
111.64356125319115,114.41970576931239,128.02073624032442,2.776144516121235,perfect_squat
108.97750620251074,112.66269156462296,124.36784987574546,3.6851853621122217,perfect_squat
102.65682160490151,108.47524039172185,121.91608464227178,5.818418786820345,perfect_squat
96.84772607095267,103.67530891920502,118.95945813232815,6.827582848252348,perfect_squat
93.90675984253748,101.49923032444765,117.77979927248153,7.592470481910169,perfect_squat
92.08868843824112,99.1071088480233,113.56737871548592,7.0184204097821805,perfect_squat
85.36841651998049,89.32600805426279,106.8362021126491,3.957591534282301,perfect_squat
82.69776102610487,88.87245966973973,104.24603414219179,6.174698643634855,perfect_squat
78.67404261735257,86.89194674907002,102.55229417063222,8.217904131717447,perfect_squat
78.20799403824321,86.79934720970617,99.65964238279273,8.591353171462956,perfect_squat
75.52685640592651,83.69942141013243,99.0446998171013,8.172565004205921,perfect_squat
73.10923377865875,80.70568374543488,96.95772716045121,7.5964499667761345,perfect_squat
70.67439760965276,78.69552231573738,95.49737406263607,8.02112470608462,perfect_squat
61.234736460430334,70.80912774979596,83.31985539629736,9.574391289365629,perfect_squat
60.573750456212544,66.51752137518105,77.08978990718643,5.943770918968504,perfect_squat
58.49526943593949,64.28143662850738,76.26751429036692,5.786167192567888,perfect_squat
56.87875994416158,63.638666828303066,69.79427374532855,6.759906884141486,perfect_squat
54.40362443119854,62.210368249629084,74.64576619272947,7.806743818430547,perfect_squat
53.357704721406655,60.36388606881065,72.93502194005666,7.006181347403995,perfect_squat
52.42138919379569,59.17370216511134,70.30367878659969,6.7523129713156465,perfect_squat
51.35793469263145,56.7073841209938,64.41346640645524,5.349449428362348,perfect_squat
53.32460770428639,58.73996679456714,65.3024251080635,5.415359090280745,perfect_squat
54.51560909521105,59.7619343853802,65.70000322267681,5.246325290169153,perfect_squat
54.389195095717064,59.69316527064881,71.51671156910912,5.303970174931749,perfect_squat
55.23825202100523,59.20807087922279,74.57764398712898,3.9698188582175575,perfect_squat
60.67631502545183,62.813585939623955,77.72316761221329,2.1372709141721273,perfect_squat
63.390950528013875,66.07038460623258,81.10144102891876,2.679434078218705,perfect_squat
64.59676260620844,68.57975498907105,83.64322477319406,3.982992382862605,perfect_squat
67.28838221808125,74.15998664329283,83.67370599650887,6.871604425211572,perfect_squat
69.38745699923625,76.50369479050156,85.60665818634213,7.116237791265306,perfect_squat
78.02974043472315,83.70127964252366,91.96215997818857,5.671539207800507,perfect_squat
79.62839026920093,86.8090313103413,93.45954078244354,7.180641041140362,perfect_squat
86.46727211540133,94.75848322566975,102.36128069046165,8.29121111026842,perfect_squat
88.25637952434288,97.69395172250194,108.19728651144041,9.43757219815906,perfect_squat
90.62377099490173,100.15689477441477,110.26833358196066,9.533123779513033,perfect_squat
92.78972330830602,101.51183372255872,115.46106130867656,8.722110414252697,perfect_squat
92.60900297651132,104.01316815032918,120.32394598722612,11.404165173817859,perfect_squat
98.90943695627297,110.70453376854758,128.03939362951573,11.795096812274608,perfect_squat
104.98481397349121,117.76190545131325,130.77367114784985,12.77709147782204,perfect_squat
107.41931020079944,118.57376035567218,134.47887792443774,11.154450154872734,perfect_squat
118.14728078450295,128.11631322486056,138.8214031051288,9.969032440357608,perfect_squat
148.29350648815864,157.0997053390495,154.4950260309282,8.806198850890866,perfect_squat
155.03548416533192,161.45921617471095,161.5490993132614,6.423732009379023,perfect_squat
159.49554153365642,164.09548352063644,166.92811098580415,4.5999419869800136,perfect_squat
156.97884825894198,163.23177166056593,169.29966768951368,6.252923401623946,perfect_squat
158.13235255588367,162.9950026106982,170.12944520017106,4.862650054814537,perfect_squat
159.54872324479226,163.62113045591246,170.37220436802144,4.072407211120208,perfect_squat
157.32748063316032,164.9895236068459,170.61809708412966,7.662042973685573,perfect_squat
158.13665633475313,163.99437597667645,171.9679592485456,5.857719641923325,perfect_squat
161.11802633677638,164.28512415114207,172.88919730262276,3.1670978143656896,perfect_squat
159.60927497533433,163.66737522761633,172.80625593500565,4.058100252282003,perfect_squat
161.09384053722977,164.1361283791244,173.0147106937456,3.0422878418946198,perfect_squat
161.4156526092331,164.4929336707165,172.902084929591,3.0772810614834043,perfect_squat
160.99288291636967,164.39092391227746,172.69033169078287,3.3980409959077917,perfect_squat
160.2102457623586,164.30545564547415,172.66469274875334,4.095209883115558,perfect_squat
159.0714514230744,163.34909187047376,172.44834780398787,4.277640447399364,perfect_squat
160.1656535559292,163.19680532856665,171.98814269582056,3.0311517726374575,perfect_squat
164.3973259895076,164.97613273224388,171.72598037619372,0.5788067427362762,perfect_squat
163.0720321629647,165.61672882015873,172.95289721322862,2.544696657194038,perfect_squat
163.31373271394065,165.49711674084492,174.00472395842797,2.183384026904264,perfect_squat
163.3468397331121,165.99434007111955,174.91723894564495,2.647500338007461,perfect_squat
162.93852415308214,165.86375210344357,175.74433622652646,2.925227950361432,perfect_squat
162.43304027418648,164.74409798309088,173.891363244231,2.3110577089044,perfect_squat
160.71620762985341,162.51322017207494,170.5072260385376,1.7970125422215233,perfect_squat
158.4458551347812,159.80992732381355,166.61909076321365,1.3640721890323562,perfect_squat
156.43344348732623,159.0564800688469,164.01973294384476,2.6230365815206653,perfect_squat
154.61974714292901,156.8140568657137,163.08790272108695,2.1943097227846806,perfect_squat
153.82822320131262,156.11901411652315,164.00359907941453,2.290790915210522,perfect_squat
154.37344288122748,152.4664604115312,163.6986066418858,1.9069824696962883,perfect_squat
155.46874766219145,153.84660406551856,162.4256117926344,1.6221435966728848,perfect_squat
155.56732354953462,152.20667456776536,162.157300533697,3.360648981769259,perfect_squat
154.4431810074661,148.6165665636668,159.8923793484499,5.826614443799315,perfect_squat
149.3293975203044,142.66140281983593,154.7364666955643,6.667994700468483,perfect_squat
147.89802585560707,139.33524050627642,154.3116907181337,8.562785349330653,perfect_squat
149.2214189397879,139.79261723236377,155.48837026306722,9.428801707424128,perfect_squat
149.65572897631927,138.74594509541768,155.945024595507,10.909783880901585,perfect_squat
150.08047286362938,133.78033608412966,159.1761777842907,16.300136779499724,perfect_squat
152.9125521395157,150.44956506782017,163.3387910887503,2.4629870716955224,perfect_squat
152.4976847932728,152.93487235920156,164.0808758543086,0.4371875659287525,perfect_squat
149.87734276619213,155.56186534307957,166.19622010470496,5.684522576887446,perfect_squat
146.8714016196366,156.24482592355446,167.35778737297727,9.373424303917858,perfect_squat
145.1179660865599,157.37347645770635,166.28219604238524,12.255510371146443,perfect_squat
143.63175355859917,159.67683727737608,151.33203426851838,16.045083718776908,perfect_squat
156.36786505422637,166.43996910830066,168.84248585234164,10.072104054074288,perfect_squat
151.96431340791446,162.99437784801816,171.07491877235688,11.0300644401037,perfect_squat
141.2479713473797,154.44185000481974,160.50326542139587,13.193878657440052,perfect_squat
139.0973746935735,162.43650928892035,162.36525445649897,23.33913459534685,perfect_squat
151.71609027159502,163.5353633935726,171.49720822641237,11.819273121977574,perfect_squat
157.96059575589504,161.55029056192564,176.31967519193137,3.589694806030593,perfect_squat
152.82325868909479,143.14032980455667,163.4163986924144,9.682928884538114,perfect_squat
132.12353271025933,157.88737475171027,74.1290309092631,25.763842041450943,perfect_squat
175.67022166057635,168.35060205167343,123.34574985912127,7.3196196089029115,perfect_squat
148.43530748402296,150.0694200344469,115.35268166262362,1.6341125504239358,perfect_squat
142.0653646431057,129.24894804272634,120.46670226124621,12.81641660037937,perfect_squat
157.83193118865813,164.43898481178803,123.99937318410296,6.6070536231299,perfect_squat
151.03553269428744,161.60177435441014,112.25562256092189,10.5662416601227,perfect_squat
143.12218624886086,174.46526071863053,26.213655222159243,31.343074469769675,perfect_squat
146.58176022268057,142.79150357024122,173.58118838221213,3.7902566524393535,perfect_squat
78.31409684372913,75.97623567776871,8.15871893416572,2.337861165960419,knee_caving_error
98.71133109297416,130.4075213765208,65.45668973934619,31.696190283546642,knee_caving_error
95.12423980277417,137.23476495681197,53.62894858490954,42.1105251540378,knee_caving_error
96.37158358333089,123.61962423493107,57.81201356044287,27.248040651600178,knee_caving_error
115.89374017089598,134.48291401205594,74.60670895856828,18.589173841159962,knee_caving_error
145.99786178222104,158.42562236399394,108.53870695213124,12.427760581772901,knee_caving_error
176.08802924889895,172.6331319016438,145.3240726358782,3.454897347255155,knee_caving_error
178.44701213046912,163.17161972035458,152.78556510654974,15.275392410114534,knee_caving_error
168.95021283015174,163.34233187713278,170.65451403801922,5.607880953018963,knee_caving_error
146.97532596894325,155.81269544879925,161.84492701403326,8.837369479855994,knee_caving_error
62.27445105510414,75.71629440992197,106.97987809883676,13.441843354817834,knee_caving_error
74.14199696712518,91.3554188778114,98.94617211749285,17.213421910686222,knee_caving_error
64.10249458715737,66.5296782150915,80.32935705078404,2.4271836279341272,knee_caving_error
53.252054935984404,66.22585134969673,81.57082580121737,12.973796413712321,knee_caving_error
67.10019700295844,84.12256902510084,86.56178857845576,17.022372022142406,knee_caving_error
138.71249940945327,138.52754982435746,87.77665121561414,0.18494958509580783,knee_caving_error
132.6177169135798,152.129545222445,80.31596192964183,19.511828308865176,knee_caving_error
157.8152215662958,164.69166522069267,115.04618346023165,6.876443654396866,knee_caving_error
74.94059618953389,108.7964377622081,66.38618721853138,33.85584157267421,knee_caving_error
64.61435825978376,59.96611603038115,50.85492328130184,4.648242229402605,knee_caving_error
68.142744519492,87.2805724251413,39.38770902738411,19.137827905649303,knee_caving_error
129.91498417345585,118.11639621353451,130.62668222596673,11.798587959921335,knee_caving_error
148.60915085808747,141.88124062928995,168.12912745408403,6.727910228797526,knee_caving_error
166.26447445123372,153.66672991775772,146.00882718927363,12.597744533476003,knee_caving_error
160.08987150222939,167.05089239342655,148.43975555197497,6.961020891197165,knee_caving_error
155.31266142664376,165.48185215680428,148.46377227479303,10.169190730160523,knee_caving_error
152.9964362842632,168.67232144928553,150.55153944003212,15.675885165022322,knee_caving_error
132.165326522523,148.3071255432166,147.52780157375827,16.14179902069361,knee_caving_error
128.63191568783,152.54110159833147,140.5101490846957,23.909185910501463,knee_caving_error
159.78621525732342,161.23713672640773,171.2085901108749,1.4509214690843066,knee_caving_error
157.29737926113373,161.91458747440396,170.700945239805,4.6172082132702315,knee_caving_error
157.1219479193303,161.85190694612922,169.71819076340648,4.729959026798923,knee_caving_error
157.16311093608203,162.31021101462463,168.8238221388561,5.147100078542593,knee_caving_error
159.95140623179117,162.4701616352811,168.07622253128602,2.5187554034899335,knee_caving_error
161.65366708003057,159.81384037867062,162.39799951071365,1.8398267013599536,knee_caving_error
161.14201338365186,159.63183654854257,162.52184519804484,1.5101768351092915,knee_caving_error
161.0551987598919,161.88155159873224,161.65285948619706,0.8263528388403358,knee_caving_error
162.4169500223362,163.4222144867375,166.984863399351,1.0052644644012787,knee_caving_error
159.21117978266062,163.80386790564478,171.89034849966714,4.592688122984157,knee_caving_error
158.91922986509354,163.265671199572,175.1517857138699,4.34644133447847,knee_caving_error
159.70019899720117,163.512160962699,175.836092639373,3.8119619654978294,knee_caving_error
160.22148466383715,165.9661454875684,176.0726006040456,5.744660823731266,knee_caving_error
161.05943725604794,167.5659109726728,175.940801426108,6.506473716624868,knee_caving_error
161.64319164677175,168.28127263288854,175.69226243106473,6.63808098611679,knee_caving_error
162.65166295344793,168.30873649492526,175.21273786778664,5.657073541477331,knee_caving_error
163.63314827547558,168.05834014828216,174.78043305638045,4.425191872806579,knee_caving_error
163.4005633083051,167.45478319381326,175.0563828918109,4.054219885508161,knee_caving_error
163.61356751226384,167.05028976869187,174.21283865708284,3.436722256428027,knee_caving_error
163.47553204273459,167.0639860020434,174.0261754786009,3.588453959308822,knee_caving_error
163.38797801746506,166.03724021115232,173.26926721005822,2.649262193687264,knee_caving_error
163.37260065777556,165.38291531111057,172.98540854360158,2.0103146533350014,knee_caving_error
163.99219769474774,164.56744571979587,171.71816885316858,0.5752480250481256,knee_caving_error
163.8924243229455,164.18254542335995,170.59715392526138,0.29012110041446704,knee_caving_error
164.01198098156905,164.12106619082542,170.3733311292576,0.10908520925636367,knee_caving_error
163.6456964495564,160.97325868440706,168.1040480724309,2.67243776514934,knee_caving_error
163.4687824119854,161.197747518173,168.31389309390931,2.2710348938123843,knee_caving_error
163.34993846246255,161.48651535221066,169.67278786719191,1.8634231102518868,knee_caving_error
163.3200796779031,161.77656507253022,169.78980780418868,1.5435146053728772,knee_caving_error
163.4046805676027,162.54023610105546,170.99180132786492,0.8644444665472406,knee_caving_error
163.2162707076651,162.81499073134552,173.39058814605394,0.4012799763195858,knee_caving_error
162.83050413585528,163.78162358095722,171.08617323787797,0.9511194451019378,knee_caving_error
162.29763303485745,164.10470209488568,171.61292040312202,1.8070690600282262,knee_caving_error
161.87270027903125,163.99707480795666,171.49972785440758,2.124374528925415,knee_caving_error
162.05086887744233,163.8344655391014,166.27872043953403,1.783596661659061,knee_caving_error
162.23861976648698,164.29256090625427,165.52035388280808,2.0539411397672893,knee_caving_error
162.20806310240778,163.7820226317751,165.55913043306793,1.573959529367329,knee_caving_error
161.98613936271957,164.72364673106432,165.01763929312511,2.737507368344751,knee_caving_error
161.94320556106067,164.66245057798778,168.01929453874502,2.7192450169271183,knee_caving_error
162.13175453098918,164.67149823718532,169.06151880390564,2.539743706196134,knee_caving_error
162.26545300651333,164.5584760868835,169.44234269878459,2.293023080370176,knee_caving_error
162.5892921894384,164.29601311929702,170.52064865306173,1.7067209298586192,knee_caving_error
162.8484456986124,163.96096780592464,170.7241127099446,1.1125221073122304,knee_caving_error
163.07022268465772,163.94827104818035,168.8799626621584,0.8780483635226233,knee_caving_error
163.35305986273613,163.95257545497387,168.32013358990795,0.5995155922377364,knee_caving_error
163.51038737152408,163.9905150857524,168.23882286484357,0.4801277142283311,knee_caving_error
163.70615436216502,163.98574932709798,168.28778865176383,0.2795949649329543,knee_caving_error
164.04149203575767,164.0516017124377,168.33711405093575,0.010109676680031043,knee_caving_error
164.3630520777401,164.0095330315835,168.88924351494475,0.353519046156606,knee_caving_error
164.38823054378454,163.87332410361975,169.46746011625936,0.5149064401647934,knee_caving_error
164.47916423245655,164.45059513717894,168.7964117647769,0.028569095277617862,knee_caving_error
164.4779156896249,164.20166030615064,168.88256109356658,0.2762553834742505,knee_caving_error
164.43921692496542,164.02045319637523,168.81655356410423,0.41876372859019284,knee_caving_error
164.33514269367726,163.9727752124759,168.05315237317689,0.3623674812013462,knee_caving_error
164.18601285548533,163.89279776154737,167.84511908496336,0.29321509393795964,knee_caving_error
164.0621718917177,164.01797936408835,168.68601495742112,0.04419252762934889,knee_caving_error
163.94798121695607,164.16834611540054,168.3810958432429,0.2203648984444726,knee_caving_error
163.85264190725997,164.15456868321408,168.75196597622693,0.3019267759541151,knee_caving_error
163.77886669747923,163.80649925658415,168.28737868683007,0.0276325591049158,knee_caving_error
163.69949958646214,163.47987353193173,168.2810586905562,0.2196260545304085,knee_caving_error
163.229644961075,163.1066294783264,168.57975358489833,0.12301548274859897,knee_caving_error
163.07233306547482,162.94986811629175,169.93300032898048,0.12246494918306894,knee_caving_error
163.11242222773942,163.0550404510137,170.82289997984353,0.057381776725719646,knee_caving_error
163.29994172301082,163.1177880260554,171.56291541714563,0.1821536969554245,knee_caving_error
163.23737028673347,163.20093373225953,172.3576843891882,0.03643655447393712,knee_caving_error
163.33937973461693,163.2361119246782,172.34513832735047,0.1032678099387283,knee_caving_error
163.40872291634878,163.25801219987477,172.09304255535216,0.15071071647400913,knee_caving_error
163.51593793607705,163.34097644193696,172.338752878406,0.1749614941400921,knee_caving_error
163.5613312134176,163.45994236006993,172.5249854413583,0.10138885334765746,knee_caving_error
163.50241376961515,163.53727218994655,173.0913367727671,0.034858420331403295,knee_caving_error
163.48768862725268,163.5758691578104,173.40671512185963,0.08818053055770747,knee_caving_error
163.47629865775056,163.59592644783382,173.58327578043583,0.11962779008325697,knee_caving_error
163.5811504462002,163.76460309826822,173.65998693465812,0.18345265206801287,knee_caving_error
163.6820582007064,163.9859716301563,173.7558098516957,0.3039134294499206,knee_caving_error
163.7958252000787,164.1520977486057,173.99540900974583,0.3562725485270164,knee_caving_error
163.87104863819846,164.1207772582264,173.68547049287886,0.24972862002795182,knee_caving_error
163.91424752455805,164.1632704191047,173.7590952409592,0.24902289454664128,knee_caving_error
163.85759585651715,164.10753276482,172.99861474388,0.24993690830285686,knee_caving_error
163.82462485804456,163.94725223241446,173.01516460780948,0.12262737436989823,knee_caving_error
163.80231471161818,163.81299886557156,173.03221399903478,0.010684153953377518,knee_caving_error
163.86267231964922,163.77303492718357,173.0808083390446,0.08963739246564728,knee_caving_error
163.7908764636561,163.6221542931801,172.561157489287,0.16872217047600202,knee_caving_error
163.58995566416192,163.44107363160006,172.71363694440691,0.1488820325618576,knee_caving_error
163.62086684832167,163.40005261781866,172.60721690973568,0.2208142305030094,knee_caving_error
163.6985295662509,163.44539693031516,171.7453412652222,0.2531326359357422,knee_caving_error
163.84186396361991,163.43502132750166,171.7414797081824,0.406842636118256,knee_caving_error
163.8960808343039,163.51069342540492,172.00117287769496,0.38538740889896417,knee_caving_error
163.6979862285856,163.90609452867196,171.56073029949962,0.20810830008636572,knee_caving_error
163.6570342585658,163.8469556785874,171.8670680042999,0.18992142002159085,knee_caving_error
163.62389680176764,163.8428381391291,172.82045072594536,0.21894133736145704,knee_caving_error
163.64745889365733,163.856801933202,174.1496784556751,0.20934303954467737,knee_caving_error
163.49162738554236,164.0157663935993,175.4286327726439,0.5241390080569488,knee_caving_error
163.01583806426748,163.96542656310777,175.7132280971178,0.949588498840285,knee_caving_error
162.89595211432436,163.9490564418922,175.87093015052204,1.0531043275678371,knee_caving_error
162.76279122235584,163.7685332319933,176.09599292030344,1.0057420096374585,knee_caving_error
159.054767050035,162.14417375211428,176.135234319696,3.0894067020792875,knee_caving_error
159.15413956104197,163.24916023745664,175.54596153007745,4.095020676414663,knee_caving_error
157.70307341310314,161.57213753768255,173.77457867749132,3.8690641245794097,knee_caving_error
149.6015351469321,160.64967195446474,161.181457702975,11.048136807532643,knee_caving_error
152.30613404603164,162.5624368571468,158.09607302782976,10.256302811115148,knee_caving_error
148.0745144451201,162.14907004998,153.82183366048451,14.07455560485991,knee_caving_error
143.7826639639913,162.51519010098008,145.22772954825663,18.73252613698878,knee_caving_error
137.71697509218177,161.35792989374,137.30278290574893,23.640954801558223,knee_caving_error
129.53281262130608,148.11833428648927,135.5257696414756,18.585521665183194,knee_caving_error
125.07833351072411,144.24550661443914,130.72555257737162,19.16717310371503,knee_caving_error
111.60639624146957,133.81019489396994,122.44820440618942,22.203798652500367,knee_caving_error
105.40957043111389,124.88799957765842,117.0545441986825,19.478429146544528,knee_caving_error
104.48011594337909,115.94566655355608,117.1035172871554,11.46555061017699,knee_caving_error
99.75243723017162,111.88385414071365,116.5946908766625,12.131416910542029,knee_caving_error
91.31673680413039,103.0523740516184,107.21806231630352,11.735637247488015,knee_caving_error
91.9990081980902,103.70409366780281,104.7872046358321,11.705085469712614,knee_caving_error
92.52621351578749,104.40839643853631,102.00910570158325,11.882182922748825,knee_caving_error
82.02248548742647,93.8418220776911,92.09538993479015,11.81933659026464,knee_caving_error
82.02100253658432,96.66907538793717,90.11275858356305,14.64807285135285,knee_caving_error
73.85117086825755,87.11100796135594,84.96540772698972,13.259837093098383,knee_caving_error
67.82831986224397,101.92987148549106,76.95777500172127,34.10155162324709,knee_caving_error
67.77389988462417,100.62371374959845,75.62090693866506,32.84981386497428,knee_caving_error
65.08115483272152,91.9143716407141,68.80251691008763,26.83321680799257,knee_caving_error
66.90439076371813,90.48990218192995,70.00637144832956,23.585511418211823,knee_caving_error
64.29603337002092,90.84229475601511,64.66919171722536,26.546261385994185,knee_caving_error
68.73134658044106,95.62657085580507,67.25773767571631,26.895224275364015,knee_caving_error
69.73826173970552,97.27389079038497,67.37452969716158,27.535629050679447,knee_caving_error
68.67698021819159,96.40617751899755,68.43875047888847,27.729197300805964,knee_caving_error
71.89253746459909,103.02027580902487,73.40482517559097,31.12773834442578,knee_caving_error
78.60824814110093,96.06487071007626,81.16586627309421,17.456622568975334,knee_caving_error
80.32569311118736,91.21948123089832,88.63200311959275,10.893788119710962,knee_caving_error
97.22604183649997,99.94545474172014,101.3496212075063,2.7194129052201674,knee_caving_error
97.74319494040012,106.59542861251579,105.22507335411196,8.852233672115673,knee_caving_error
104.8055063649941,111.52126489731585,112.91027633883154,6.715758532321743,knee_caving_error
109.93816274576216,121.79863929653285,119.2245642152263,11.860476550770699,knee_caving_error
113.9035538277477,127.1662021649358,124.94040923548171,13.262648337188097,knee_caving_error
119.04969096305386,135.7063604112003,131.9077159235634,16.656669448146445,knee_caving_error
126.43415303957657,143.90290463378398,141.16632037766965,17.468751594207404,knee_caving_error
141.56373403757075,151.33657941598912,155.88916482367833,9.772845378418367,knee_caving_error
148.53362952041977,155.37717073713736,161.83969236173212,6.843541216717597,knee_caving_error
148.17446809439434,158.98912519785327,160.3155912293825,10.814657103458927,knee_caving_error
153.0090225449293,161.15906269994787,166.56106256324335,8.150040155018559,knee_caving_error
155.39490168621262,161.77655024904422,169.09544884557872,6.3816485628316,knee_caving_error
153.65078978796373,160.5541232518887,171.54710003023294,6.90333346392498,knee_caving_error
155.22278422436617,159.63279154476865,172.91136158770433,4.410007320402485,knee_caving_error
159.61541285931781,160.18803870587365,173.92450860023166,0.5726258465558374,knee_caving_error
160.94551827360993,160.93090363937952,175.27979157132097,0.014614634230412094,knee_caving_error
160.651419455814,161.1391102955511,175.51414909949895,0.48769083973709826,knee_caving_error
160.9123416814121,161.40703488065162,174.79586479098097,0.4946931992395207,knee_caving_error
161.2326809362247,162.7918335618524,174.03602378034307,1.5591526256276893,knee_caving_error
162.19363126379722,162.80623574627086,174.38897517573653,0.6126044824736425,knee_caving_error
162.13628325211377,163.22498191849684,174.16570730480223,1.088698666383067,knee_caving_error
162.73084184281518,163.17678056003027,174.08914686852594,0.4459387172150855,knee_caving_error
162.88549847690697,163.29015565651068,175.41404834483467,0.40465717960370284,knee_caving_error
163.24663533267434,163.93510206077354,175.18966820562193,0.6884667280992005,knee_caving_error
163.64310827941142,164.02106595364012,175.1454648526534,0.3779576742286963,knee_caving_error
161.0439457287595,162.75217939817858,175.83927120917693,1.7082336694190872,knee_caving_error
157.82820805100928,161.12583014760668,175.62390510824903,3.2976220965973937,knee_caving_error
155.60260666231233,159.95705181549508,174.85045444646897,4.354445153182752,knee_caving_error
154.15967461722317,159.84825451925522,173.4389182531063,5.688579902032046,knee_caving_error
143.3701520163917,159.08685950583887,164.41774737524497,15.716707489447174,knee_caving_error
134.8937801857397,157.6487999184244,155.73475308767348,22.7550197326847,knee_caving_error
125.49422461000094,155.4256909870874,141.91540900405406,29.93146637708645,knee_caving_error
120.41550727181027,146.5966844301192,132.39371075433462,26.18117715830894,knee_caving_error
118.19056957168279,146.9315964006861,130.76393991926525,28.741026829003303,knee_caving_error
119.53104071613258,145.60172585914782,129.06099863059822,26.07068514301524,knee_caving_error
117.62551027952127,141.80860145038105,124.73917913777258,24.183091170859782,knee_caving_error
114.48180593626905,137.04482861392933,119.87281816632647,22.56302267766027,knee_caving_error
114.27889679492174,124.56682205463505,122.78666136760016,10.287925259713319,knee_caving_error
110.83071455085232,122.36811902685405,121.8728274984259,11.537404476001726,knee_caving_error
112.85302960703811,123.07279238377221,120.64010247150316,10.2197627767341,knee_caving_error
100.06337585942121,112.86835927711988,107.66254914249511,12.804983417698665,knee_caving_error
100.01679370218717,110.3692081718316,108.20294027423593,10.35241446964443,knee_caving_error
93.2806553143319,97.69340044316567,101.37668316059487,4.412745128833777,knee_caving_error
90.43084227963531,96.51300944522171,94.36864639551969,6.082167165586398,knee_caving_error
86.45553223362417,99.00445800678419,92.0701231844171,12.548925773160022,knee_caving_error
84.81670362411734,94.41359800810017,92.58832883721819,9.596894383982828,knee_caving_error
84.37581524002167,82.64317469678655,90.34475208948245,1.7326405432351208,knee_caving_error
78.06889454285658,104.5499732422896,79.04578063200336,26.481078699433013,knee_caving_error
79.45778270042103,109.89415421324217,80.1175410662262,30.43637151282114,knee_caving_error
80.11307321708166,108.50747406035615,79.09173076892502,28.394400843274482,knee_caving_error
70.77065312387889,115.9773970049622,79.83085511578079,45.20674388108331,knee_caving_error
69.30587485067697,114.96014599995246,77.88464202329459,45.65427114927549,knee_caving_error
68.57116347231097,117.57067274880585,77.14130048441095,48.99950927649488,knee_caving_error
75.7260604358587,116.3445256594942,78.11411811922805,40.618465223635496,knee_caving_error
78.23426629401465,116.22536860938156,79.5833161923317,37.991102315366916,knee_caving_error
78.10754183378143,108.97753338911095,79.67888836597513,30.86999155532952,knee_caving_error
80.55964416002269,104.50110024145037,82.97701914315616,23.941456081427688,knee_caving_error
81.35097676198046,104.57996002428385,90.79953323631428,23.228983262303387,knee_caving_error
87.16381776119816,108.89107564627015,95.3607028138478,21.727257885071992,knee_caving_error
90.64033258679345,112.76772441182906,100.87022226204351,22.127391825035616,knee_caving_error
108.51597822574716,125.30003577964851,114.5039731063442,16.78405755390135,knee_caving_error
117.92399135850228,147.77045755492549,117.69730202031586,29.846466196423208,knee_caving_error
122.65036193624012,153.61645445985903,120.17242803225784,30.96609252361891,knee_caving_error
130.09707592735967,150.8366464331588,129.58169413643319,20.739570505799122,knee_caving_error
158.30340890853256,154.88858399449168,159.70783767833305,3.414824914040878,knee_caving_error
158.13835247330815,157.07629335834122,162.80907586662312,1.062059114966928,knee_caving_error
159.64634416408228,160.1922102517728,162.11903055090147,0.5458660876905128,knee_caving_error
160.69199593412847,160.9251137691784,162.24884738508294,0.23311783504993855,knee_caving_error
161.79809012070277,161.52941026606982,160.5575203315184,0.26867985463294985,knee_caving_error
162.50871852761273,161.58626553390005,160.94455071189674,0.9224529937126817,knee_caving_error
160.92547645279032,162.22731962466415,160.0625803435,1.301843171873827,knee_caving_error
162.32981732378445,162.94961516654809,161.3631014457168,0.6197978427636315,knee_caving_error
161.81749436915803,161.48450205252405,160.92398557379093,0.33299231663397677,knee_caving_error
160.62434124125755,161.2540095235555,160.8773050207102,0.6296682822979562,knee_caving_error
161.90526399576493,161.32847377224152,161.7395977914598,0.5767902235234033,knee_caving_error
160.17234667878878,153.61675948765912,160.07288538031608,6.555587191129661,knee_caving_error
159.02517934302278,156.9475218437716,159.73991291463588,2.0776574992511883,knee_caving_error
157.78208711944575,157.37313866233032,160.64541748493406,0.4089484571154287,knee_caving_error
160.28533523477375,159.13412243844303,165.99891308709132,1.151212796330725,knee_caving_error
162.54855561195126,163.39034185078486,169.76745259636175,0.8417862388336061,knee_caving_error
163.8127575819662,166.66598620868626,171.22304180068488,2.8532286267200675,knee_caving_error
162.12169461020426,166.37852253151976,172.30031419616589,4.256827921315505,knee_caving_error
158.47599432471713,163.41782824538805,172.4857001863428,4.941833920670916,knee_caving_error
157.98612327519385,161.88003590590716,172.41236250780918,3.8939126307133165,knee_caving_error
158.45662333088634,162.16224525802357,172.4697324466839,3.70562192713723,knee_caving_error
157.12008020058258,161.8461353014153,171.0778075016844,4.726055100832724,knee_caving_error
146.22167989600118,161.55120077882574,161.17524658918248,15.329520882824568,knee_caving_error
141.07216730268007,161.1012030077977,158.42278317417035,20.02903570511762,knee_caving_error
141.26953754275024,159.28305646294248,158.78790899620557,18.01351892019224,knee_caving_error
137.09957470164528,157.70034701381186,159.02667612072744,20.600772312166583,knee_caving_error
136.85564367404828,153.75473992654787,159.61539304168073,16.89909625249959,knee_caving_error
135.5269549060873,153.85175021103618,159.9390268968479,18.32479530494888,knee_caving_error
135.3829890072857,152.27302988737318,159.34182635842348,16.890040880087497,knee_caving_error
135.89674919406474,152.9416216873239,151.08169345981716,17.044872493259163,knee_caving_error
133.57531243833043,152.67349478368195,145.54249136656676,19.098182345351518,knee_caving_error
134.11362284391652,146.655728921128,139.93996268357208,12.542106077211486,knee_caving_error
132.21680841728264,145.827993980097,135.34694975421584,13.61118556281437,knee_caving_error
119.70767193564232,140.0870095342369,123.69849798470568,20.379337598594574,knee_caving_error
118.20143180506865,138.82009855258696,118.64838496053221,20.618666747518304,knee_caving_error
118.20795156961296,129.87216648416174,116.85943089873119,11.66421491454878,knee_caving_error
115.8734462965316,126.12274377772926,114.16636200289811,10.249297481197658,knee_caving_error
110.84244371764659,119.00538360972317,111.80928179003791,8.16293989207658,knee_caving_error
104.96940306299068,113.33253677537137,107.90633051999414,8.363133712380687,knee_caving_error
92.95147952221879,103.73647579771259,100.08443587611283,10.784996275493796,knee_caving_error
87.83970375463457,95.77601642697745,96.02837719623543,7.936312672342879,knee_caving_error
84.90032509852864,92.98882443032576,93.98676452482943,8.088499331797124,knee_caving_error
84.11324419168481,92.25846118182793,93.84340623021079,8.145216990143112,knee_caving_error
83.97245138846726,92.62394900545655,94.02317053952073,8.651497616989289,knee_caving_error
81.71555764366359,93.28336835357747,91.65205997947119,11.567810709913886,knee_caving_error
79.75718439567565,86.99140156506844,87.66175452545123,7.234217169392792,knee_caving_error
69.64692163609571,78.79003961497193,74.94127328606801,9.14311797887622,knee_caving_error
71.9118613524672,84.99472537568859,75.5462787356814,13.08286402322139,knee_caving_error
68.62704040335444,85.06914253577601,70.86207107108945,16.442102132421567,knee_caving_error
64.80229795396428,92.56924871408441,69.06376687930408,27.766950760120125,knee_caving_error
65.1889175686859,93.56422897533,69.36930374949482,28.3753114066441,knee_caving_error
65.05953188854497,101.40635434084759,70.87068218607745,36.34682245230262,knee_caving_error
62.7554857973505,92.32620840223272,67.289879714721,29.57072260488222,knee_caving_error
62.20031672244564,101.97333138449862,66.3380339044436,39.77301466205298,knee_caving_error
58.987405462107496,117.96790783388063,64.621223998038,58.980502371773134,knee_caving_error
55.89836317485432,115.35972626163378,59.95058598794292,59.461363086779464,knee_caving_error
54.34589972769929,108.42699498395845,56.79866501277483,54.08109525625916,knee_caving_error
55.0959860625323,105.91834766112092,53.18340949811002,50.82236159858862,knee_caving_error
51.38606061755003,86.85287019660859,50.68191695884634,35.46680957905856,knee_caving_error
51.632020674670265,67.91559546613163,52.42565770680903,16.28357479146137,knee_caving_error
55.44470060907236,94.74006404418849,58.05283267630037,39.29536343511612,knee_caving_error
59.67610163972348,97.88116106008317,60.284787878084856,38.205059420359696,knee_caving_error
60.45440662803393,97.62880904047917,60.60208469249527,37.17440241244524,knee_caving_error
61.97635454275944,89.67999246325728,62.14460468476059,27.70363792049784,knee_caving_error
69.09177901880247,89.73567023259771,67.85114162467457,20.643891213795243,knee_caving_error
74.0324420921117,110.18879135226688,71.64315085388668,36.15634926015518,knee_caving_error
72.68596849779416,103.92190254048424,71.16539897507283,31.235934042690076,knee_caving_error
77.20281326547456,101.22328825271079,77.82111165080138,24.020474987236227,knee_caving_error
83.26067478658828,99.60548799517025,88.10819546005239,16.344813208581968,knee_caving_error
85.33224542336201,101.28400311578018,93.61457009361418,15.95175769241817,knee_caving_error
88.33741045735664,106.85465824322067,95.72350789531656,18.51724778586403,knee_caving_error
93.2586965477648,112.61715111050532,98.74382171196295,19.35845456274052,knee_caving_error
96.61816243630346,118.89534522949272,102.97413289017996,22.277182793189255,knee_caving_error
101.67739708751154,121.65656778830122,105.66984434133217,19.97917070078968,knee_caving_error
116.33239150274561,128.12249123861665,116.52391087863299,11.790099735871038,knee_caving_error
140.87718576144616,149.81719797444703,138.13868971952667,8.94001221300087,knee_caving_error
148.68496125047525,154.95824546658974,145.79011320714346,6.27328421611449,knee_caving_error
159.35249830855489,160.49278557804462,153.0793754632662,1.1402872694897326,knee_caving_error
161.08888456529633,161.80173706780494,158.5552243316543,0.7128525025086105,knee_caving_error
163.7009299603299,161.3496702459385,164.60423301819202,2.351259714391375,knee_caving_error
163.96954179899535,161.6415777150722,166.61039250175014,2.327964083923149,knee_caving_error
163.26900815989316,162.20493805355724,168.58241200006265,1.0640701063359188,knee_caving_error
162.4774424053551,162.7459880972136,168.39558045232747,0.26854569185849186,knee_caving_error
162.2130496902518,163.45976310401514,171.04318988300872,1.246713413763331,knee_caving_error
161.51662641872588,163.46913138418108,169.41510396047062,1.952504965455205,knee_caving_error
161.0998604046085,163.11117960427475,171.1168552204962,2.0113191996662465,knee_caving_error
160.340252986601,162.76773163920404,171.527424371638,2.4274786526030425,knee_caving_error
159.29384012575449,162.01166308083947,171.7903850854543,2.7178229550849835,knee_caving_error
159.0558257925729,161.82147775507002,172.13246288947863,2.7656519624971168,knee_caving_error
158.146089121233,161.08789141031923,172.0612772087988,2.9418022890862403,knee_caving_error
160.44746644559993,161.40739015807674,173.0572193075808,0.9599237124768081,knee_caving_error
161.88877019028624,161.50076650717892,173.6948825552664,0.38800368310731415,knee_caving_error
162.23267295462475,162.45736298976647,174.9454591428608,0.2246900351417196,knee_caving_error
162.26189132228163,162.86075901207616,175.87395404736424,0.5988676897945311,knee_caving_error
161.2407433763082,162.9280840588192,176.6392827601312,1.6873406825110067,knee_caving_error
160.32562339264825,162.86043065580424,176.80781862257126,2.534807263155983,knee_caving_error
161.99535792446477,163.32518752055466,177.1164104135753,1.329829596089894,knee_caving_error
162.00830304709345,163.7842078562366,177.91169384821376,1.7759048091431566,knee_caving_error
162.40812122506549,163.5904502454279,178.97662317707204,1.1823290203624026,knee_caving_error
163.41347424480315,163.63601486016057,179.22084179259383,0.22254061535741698,knee_caving_error
163.48174403805413,163.31758759696038,179.0275418510096,0.16415644109375194,knee_caving_error
163.47068761276532,163.29673379787536,179.1389840165929,0.17395381488995554,knee_caving_error
163.4400042914502,164.06116664735657,178.95545422351225,0.6211623559063639,knee_caving_error
163.15113442919701,164.12206096534896,178.66667609835943,0.9709265361519499,knee_caving_error
162.64573568588668,163.3614376478589,178.02907551500198,0.7157019619722291,knee_caving_error
152.34517689889702,162.1060826560163,174.16391696532074,9.760905757119275,knee_caving_error
137.0982662822614,158.3286252727821,154.54592732437882,21.2303589905207,knee_caving_error
135.58780562276795,153.5948083973121,153.3441363232096,18.007002774544162,knee_caving_error
129.41857264324292,151.99481886046718,143.40009505140245,22.576246217224252,knee_caving_error
129.895349727372,152.45976770278253,144.6410042994129,22.56441797541052,knee_caving_error
127.25077084914135,151.8602066571774,141.3626690512277,24.609435808036054,knee_caving_error
123.91273126458506,151.26132744667672,138.73364823424967,27.348596182091654,knee_caving_error
126.97772174265057,149.74760475106268,134.0662779400833,22.76988300841211,knee_caving_error
124.51723325600555,145.73205594698226,132.13709679518863,21.214822690976703,knee_caving_error
117.69932684638215,133.89393575440894,123.8299289783002,16.194608908026794,knee_caving_error
115.77223825588818,129.40039470430153,122.72061320581432,13.62815644841335,knee_caving_error
112.63796133866435,123.18869674951856,122.13068017732577,10.550735410854202,knee_caving_error
109.5232353494179,118.79160035017497,120.67075399933921,9.268365000757072,knee_caving_error
110.41161449963093,119.43551412536199,121.01741259238574,9.023899625731062,knee_caving_error
111.3156266416214,116.76285688418793,121.7642506831024,5.447230242566519,knee_caving_error
110.15469138926302,112.98539229377583,120.29746548071995,2.8307009045128098,knee_caving_error
108.92529589965415,112.74607150914046,118.71062915216966,3.8207756094863186,knee_caving_error
105.06421293089355,107.44313025918851,115.66483514364906,2.3789173282949605,knee_caving_error
104.08779419417881,102.92157122788424,113.47589277895723,1.1662229662945691,knee_caving_error
99.71321932589636,94.98647663775519,110.75183664189792,4.726742688141172,knee_caving_error
97.86402072763484,93.93844156006246,108.78348850779008,3.92557916757238,knee_caving_error
93.66590873922424,91.54845808102314,102.65444111099926,2.1174506582010935,knee_caving_error
90.42318368256412,89.94394240238813,99.75807290437758,0.4792412801759838,knee_caving_error
84.1007046188014,86.79620451350344,91.36265701953822,2.6954998947020385,knee_caving_error
85.41828695309778,87.2888633356388,90.87886816007864,1.8705763825410173,knee_caving_error
86.79355861563793,88.06217069676805,91.35302177586115,1.2686120811301151,knee_caving_error
84.91585139760691,85.1429878904183,90.00279231905945,0.2271364928113826,knee_caving_error
83.58617289555461,83.69815185224694,89.67502227337285,0.11197895669232594,knee_caving_error
79.8274860250933,82.66797570682252,86.38196677549311,2.840489681729224,knee_caving_error
80.92620521847397,84.24178360318184,88.17680945342909,3.3155783847078766,knee_caving_error
84.47282352147153,88.32653915589663,91.05653266718858,3.8537156344251002,knee_caving_error
86.13955208143642,88.67996999796452,91.51334259657679,2.5404179165280993,knee_caving_error
87.94191102327981,90.33076284000923,93.23725791935382,2.3888518167294137,knee_caving_error
90.83532973206368,91.07106952932149,98.75332957950552,0.23573979725780703,knee_caving_error
93.12528880725839,95.01054417515803,104.20975122825206,1.8852553678996458,knee_caving_error
97.902055289923,102.81152598145833,108.15072290930155,4.909470691535333,knee_caving_error
100.97922197035749,109.1465141778169,109.13728691609282,8.167292207459411,knee_caving_error
108.49664689555162,123.14893753797517,110.62141931690726,14.652290642423552,knee_caving_error
113.54401977600338,137.25192638819755,112.15660454927534,23.707906612194165,knee_caving_error
120.41790855052503,139.47607145371686,116.02641394495376,19.05816290319183,knee_caving_error
122.10048202830365,141.1349571694001,118.11111449793506,19.034475141096465,knee_caving_error
124.99866058561103,152.7680370062202,128.23138997987107,27.769376420609163,knee_caving_error
130.62430661805143,157.006869689534,135.59388053218325,26.382563071482565,knee_caving_error
133.15298720770906,157.49031064682896,137.492718822863,24.3373234391199,knee_caving_error
143.760419206589,160.3950093562702,148.4720967835209,16.634590149681202,knee_caving_error
155.33151438704877,162.71875298912113,167.01198332883803,7.387238602072358,knee_caving_error
161.50092238580805,164.27560367619148,173.0247140110548,2.774681290383427,knee_caving_error
163.04818654261507,163.89786834827026,176.6501887429296,0.8496818056551945,knee_caving_error
162.92392364333816,163.69003232868093,177.64749676108278,0.7661086853427719,knee_caving_error
163.32208023850689,163.8402126906922,177.71501570469067,0.5181324521853128,knee_caving_error
163.95168491872013,164.1754544302241,176.88366474689707,0.22376951150397417,knee_caving_error
163.26555759824163,163.27099651522164,174.98484882943893,0.005438916980011754,knee_caving_error
163.5469658226293,163.63231547979325,174.80126379631702,0.08534965716395959,knee_caving_error
163.35879280500356,163.489561829295,174.78839069331224,0.1307690242914532,knee_caving_error
163.7089547274044,163.6546286076288,174.99858255543037,0.054326119775595316,knee_caving_error
163.06951315577996,163.56331904015283,174.23994935555206,0.4938058843728754,knee_caving_error
163.2109256594108,163.81169667803448,173.44680709940886,0.600771018623675,knee_caving_error
163.1750210743418,163.9573861790411,172.61479417520806,0.782365104699295,knee_caving_error
163.44625010521224,163.9758016711398,171.3583521031864,0.5295515659275623,knee_caving_error
163.4244940496264,163.77517448640918,171.18001720856273,0.35068043678279537,knee_caving_error
163.70622078831613,163.76370752071298,171.80141279413684,0.05748673239685331,knee_caving_error
163.42474676383912,163.67894501275185,172.2092834905885,0.25419824891272924,knee_caving_error
162.9207970245771,163.37421420443297,173.44877159901154,0.45341717985587593,knee_caving_error
162.7052261099849,163.1989656180905,173.41724533630273,0.4937395081056195,knee_caving_error
162.92932483030347,163.21747983113406,173.49703153735587,0.2881550008305851,knee_caving_error
163.4927083159058,163.19294033215004,174.0852852958043,0.29976798375574276,knee_caving_error
164.03974645951388,163.2146718730211,175.56286160561902,0.8250745864927751,knee_caving_error
164.390054760774,163.52298287238574,175.8876880741161,0.8670718883882671,knee_caving_error
164.16865198295733,163.6508405125591,175.88899392708703,0.5178114703982146,knee_caving_error
163.15906184027975,163.21072225466108,175.7994683273343,0.051660414381331066,knee_caving_error
162.40498855710888,163.02165733197796,175.86122658747223,0.6166687748690833,knee_caving_error
162.5943431601404,163.23841136134652,175.89438226911986,0.6440682012061245,knee_caving_error
163.11736748979052,163.26310684536398,175.8178220094988,0.14573935557345408,knee_caving_error
163.02852091236392,163.2365117807835,174.971073317175,0.2079908684195857,knee_caving_error
162.97119804131202,163.19316994173485,174.35413430670684,0.22197190042282955,knee_caving_error
162.74595511127572,163.08104855148375,174.05380408340176,0.335093440208027,knee_caving_error
161.84185096494664,161.48187266418054,173.3456171573105,0.3599783007661017,knee_caving_error
161.37507124205166,160.42115714589144,172.56352952205143,0.9539140961602186,knee_caving_error
160.8369794403429,159.59405774828866,171.30876961299532,1.2429216920542387,knee_caving_error
160.35716577318365,159.05789876285937,170.62698450706856,1.2992670103242858,knee_caving_error
160.31325201029264,159.36904654540612,171.2584561739684,0.9442054648865223,knee_caving_error
162.16826083873886,161.26575487929745,172.72189206446788,0.9025059594414131,knee_caving_error
161.58807246107799,161.4230162330247,173.22737836761394,0.16505622805328812,knee_caving_error
160.5492086729941,161.52956082416824,174.3644896996504,0.9803521511741451,knee_caving_error
155.47273598407423,159.53301912209116,175.1116335683002,4.060283138016928,knee_caving_error
157.28185327171178,159.79612230542665,175.46605499304104,2.514269033714868,knee_caving_error
157.80552779467698,159.9707169151135,175.20997899508703,2.165189120436537,knee_caving_error
159.54791812373423,160.90369205412176,175.02333428327034,1.355773930387528,knee_caving_error
160.50031903963827,161.4086022630247,174.42599271095267,0.9082832233864337,knee_caving_error
160.94262000697455,161.77962605845713,174.33344074173866,0.8370060514825752,knee_caving_error
161.0277349705582,162.24796105133893,174.3595383644336,1.2202260807807193,knee_caving_error
162.05997717289827,162.2346960571096,173.56657180121448,0.1747188842113303,knee_caving_error
160.74298241479048,162.0800544253772,173.14585061757543,1.3370720105867235,knee_caving_error
158.71170990053045,160.9722473552017,172.9438041141951,2.260537454671237,knee_caving_error
157.9912411730783,159.7076997413077,172.6207376204001,1.716458568229399,knee_caving_error
157.73971849086956,159.25474212274486,172.54538916473103,1.5150236318752945,knee_caving_error
157.63916166647024,158.2177957752279,172.67482570989367,0.5786341087576545,knee_caving_error
156.97442364771075,157.56485945508544,172.50090036999262,0.5904358073746891,knee_caving_error
156.75905456750223,157.43148865618812,173.62359823978,0.6724340886858897,knee_caving_error
156.9393125490841,158.1709877476528,174.63875671563673,1.231675198568695,knee_caving_error
158.72472612573486,159.8101376906731,176.2978067632824,1.0854115649382265,knee_caving_error
160.03408247116016,161.28881039397052,177.1178332272738,1.2547279228103605,knee_caving_error
160.49687503874887,162.2226941705543,177.76275664557807,1.725819131805423,knee_caving_error
160.73728002425364,160.6939868393253,178.21264826840405,0.043293184928330675,knee_caving_error
158.99157658245858,157.98008456206438,177.9474462807854,1.0114920203942006,knee_caving_error
159.17238952581152,157.59025346540378,177.8875635730849,1.5821360604077483,knee_caving_error
158.09440305556612,157.3639566948929,177.47702101054878,0.730446360673227,knee_caving_error
157.18488828153758,157.1080644380748,177.18825918388453,0.07682384346279036,knee_caving_error
155.35298605879174,155.74632433291174,176.1930257737216,0.3933382741199978,knee_caving_error
150.43340707490998,152.3553869003234,171.74826260545956,1.9219798254134162,knee_caving_error
142.38731339307574,150.8225144304118,162.04959735420078,8.435201037336043,knee_caving_error
133.453469589151,151.00287579526224,149.17063034312775,17.54940620611123,knee_caving_error
126.14646315058471,140.83361173579445,141.8920933784582,14.68714858520974,knee_caving_error
125.85683820463572,139.515680985352,139.78484031204397,13.65884278071627,knee_caving_error
123.83987708053574,135.01843672769684,140.9570456803328,11.178559647161094,knee_caving_error
120.6315896266355,129.2301874248529,138.87704881134832,8.598597798217384,knee_caving_error
116.05584984591692,122.7086919412712,135.77472627706308,6.6528420953542735,knee_caving_error
114.81312848382751,120.8090180334485,134.09954288129876,5.995889549620983,knee_caving_error
113.96315980375829,119.82778502424168,133.6963877889011,5.86462522048339,knee_caving_error
104.26512622941434,107.14000773047103,123.58037928318849,2.8748815010566915,knee_caving_error
99.5784966929138,97.17211742380267,119.53970595387871,2.4063792691111274,knee_caving_error
97.85825336333903,94.99094653535126,116.49464995932821,2.8673068279877754,knee_caving_error
96.83671312040639,93.87688662674914,116.81065342226016,2.9598264936572463,knee_caving_error
95.26528381803737,91.23719319809368,114.52550215095062,4.028090619943697,knee_caving_error
95.01192031266937,95.12138886511372,113.243005891012,0.10946855244434062,knee_caving_error
93.36964423990916,91.69949240416005,111.9059092025821,1.6701518357491096,knee_caving_error
92.78612514269899,90.25884228720882,109.99793517647602,2.5272828554901707,knee_caving_error
87.6453859425773,86.7163438408421,105.67420582276245,0.929042101735206,knee_caving_error
83.56833008544447,88.05717765908521,99.40804917480249,4.48884757364074,knee_caving_error
82.46136289052362,86.61849270281276,99.09186509780687,4.157129812289142,knee_caving_error
79.86219477918198,80.64613093576848,97.13708880405703,0.7839361565865062,knee_caving_error
77.46613467975519,75.89348597077692,94.38829196881242,1.5726487089782637,knee_caving_error
74.32791386839715,71.12615905582744,93.75502829663176,3.2017548125697033,knee_caving_error
69.62301347775785,66.91473719169004,90.96048350571651,2.7082762860678145,knee_caving_error
67.87100709127346,69.14901250762382,90.92954769319871,1.2780054163503678,knee_caving_error
67.26372531176364,71.49388344196126,90.97788018635934,4.230158130197623,knee_caving_error
66.5837802615685,68.27995626298114,90.10078458168613,1.6961760014126384,knee_caving_error
67.38975605425067,70.96709835366521,89.31011993783282,3.577342299414539,knee_caving_error
67.67477561565029,71.17182301816098,87.88469887120098,3.497047402510688,knee_caving_error
69.67698697217192,70.15108590751338,87.95182313389839,0.4740989353414591,knee_caving_error
70.62968799715601,72.3385810048752,88.65757557014044,1.7088930077191833,knee_caving_error
75.67649250076035,85.0550982917838,92.49607839907289,9.37860579102346,knee_caving_error
78.50983871834167,90.05938210829463,93.75269381051666,11.549543389952959,knee_caving_error
83.54764216175732,92.21429160608758,96.58383743680805,8.666649444330261,knee_caving_error
87.41112273763771,93.77489323554339,98.76755790034683,6.363770497905676,knee_caving_error
88.39004937273397,93.05520640824852,97.86720575353179,4.665157035514554,knee_caving_error
91.07101881795589,94.09920147483194,99.38199507129585,3.028182656876055,knee_caving_error
95.71368599237462,98.04286898132595,102.72928534769335,2.329182988951331,knee_caving_error
96.65744168773658,98.84320771957542,106.22259578186903,2.1857660318388383,knee_caving_error
98.9455532218229,102.6313205458767,109.07440304001553,3.685767324053799,knee_caving_error
113.07032922390776,123.68019922147651,119.44728439281013,10.609869997568751,knee_caving_error
117.37755819730926,127.51013537328934,127.13554176731404,10.132577175980089,knee_caving_error
120.76999286880203,127.50358594557203,133.80346248121845,6.733593076769992,knee_caving_error
122.7764595270364,131.59579595783782,136.4441907974221,8.819336430801428,knee_caving_error
132.76466177353473,148.59430003980665,146.23881780363345,15.829638266271928,knee_caving_error
135.17300105621186,154.61209736184205,146.74399376726598,19.439096305630187,knee_caving_error
137.41125146589513,156.73292220296958,153.5178480008361,19.32167073707444,knee_caving_error
148.25481744317503,159.34971520098316,165.68841738879308,11.094897757808127,knee_caving_error
153.0293584507421,158.29768781586918,172.26028994555244,5.268329365127073,knee_caving_error
155.7360863381179,159.4667235745039,174.74120687304344,3.730637236386002,knee_caving_error
151.88974038384757,157.46726133940103,173.4234077510814,5.577520955553467,knee_caving_error
154.15977639406506,159.1318112698602,174.77526095584818,4.972034875795146,knee_caving_error
156.41515506148568,159.5694745114199,175.89717792497774,3.154319449934235,knee_caving_error
158.2896308572151,159.85231458175912,174.8403802915903,1.56268372454403,knee_caving_error
158.5038909731942,163.7244101009143,173.541967315568,5.2205191277201095,knee_caving_error
160.33206388967585,163.76400269808227,173.85933884014304,3.4319388084064144,knee_caving_error
161.53954458830418,164.3653009264885,174.33061388946186,2.8257563381843056,knee_caving_error
161.76212208231414,164.37751045039374,173.90529475908258,2.615388368079607,knee_caving_error
161.93159139939073,164.61356126630676,173.91125450268174,2.6819698669160346,knee_caving_error
161.47822630599705,165.33020879298545,173.7341106782784,3.8519824869883905,knee_caving_error
162.10448882795802,165.3006472106192,173.62910246399355,3.1961583826611673,knee_caving_error
161.82709388972688,165.1297170008062,173.44846341460294,3.3026231110793276,knee_caving_error
162.30707576102094,164.7821437051215,173.15499377406357,2.475067944100573,knee_caving_error
162.64093197831335,164.68162051999028,173.1827856253259,2.0406885416769285,knee_caving_error
162.40029948988874,164.2471760211767,172.01440879850003,1.8468765312879611,knee_caving_error
162.3145316902203,163.89623616015928,171.95358023491303,1.581704469938984,knee_caving_error
162.55966426380732,163.62187523216863,171.876429291867,1.0622109683613132,knee_caving_error
162.69752134274736,163.5617376411878,172.07448425649534,0.8642162984404251,knee_caving_error
162.6909030867354,163.55297718215004,172.3014338765919,0.8620740954146413,knee_caving_error
162.5857956300121,163.42537137733873,172.09484932804486,0.8395757473266485,knee_caving_error
162.73198611902944,163.39557469163526,172.763481746145,0.6635885726058177,knee_caving_error
162.6825182390729,163.30670875567608,175.28693639358903,0.6241905166031927,knee_caving_error
162.585317919188,163.21496560699327,175.14621236236886,0.6296476878052886,knee_caving_error
162.54648626234615,163.0597384973111,175.3744914565672,0.5132522349649378,knee_caving_error
162.6470363803267,163.0252546811758,176.38256427879767,0.3782183008490847,knee_caving_error
162.3527356082237,163.14719456773088,176.73245445375002,0.7944589595071818,knee_caving_error
162.17471277342707,163.01834829806586,176.61646400827507,0.8436355246387848,knee_caving_error
161.92298185861662,162.9036551070652,176.53482707426946,0.9806732484485678,knee_caving_error
152.87247154770878,161.09194560641976,174.4449750922983,8.219474058710972,knee_caving_error
146.9137156362544,158.6913973795302,170.84797012217993,11.777681743275792,knee_caving_error
142.6695745220588,154.354288307743,163.44629599137264,11.684713785684181,knee_caving_error
137.85063877694176,151.91844292032104,158.2805993343515,14.067804143379277,knee_caving_error
123.66410020800463,147.74572683436025,147.321191885664,24.08162662635563,knee_caving_error
122.20911552283177,140.61774200499661,144.6507078601307,18.40862648216485,knee_caving_error
116.61434362437902,132.7382427278334,137.96244497818526,16.12389910345439,knee_caving_error
114.71053013625293,129.3785691142108,132.8888114589421,14.668038977957863,knee_caving_error
115.6518285627238,128.01047930977072,132.78906983012934,12.358650747046923,knee_caving_error
115.0106189561388,126.00058188245781,132.51825330702084,10.98996292631901,knee_caving_error
113.59493476750558,125.41205052321025,130.93268026742197,11.817115755704677,knee_caving_error
111.6552669114112,122.74595901348998,130.43791843386677,11.090692102078776,knee_caving_error
107.4674334191333,117.60734227906588,125.07464659569928,10.139908859932575,knee_caving_error
97.33528668216147,108.89265072975417,114.76230455969046,11.5573640475927,knee_caving_error
97.74052935724471,108.16817165859008,113.67309766109489,10.427642301345372,knee_caving_error
95.19437610807832,101.10897553009912,112.07547091588106,5.9145994220208,knee_caving_error
88.51400706953082,91.71629523378296,107.39262624561239,3.2022881642521384,knee_caving_error
87.41823503810267,85.29111236926877,104.84984613219056,2.1271226688338913,knee_caving_error
85.8084966179664,86.37451967744926,101.22177804788666,0.566023059482859,knee_caving_error
82.75723072372908,77.4236796615936,98.38908620517556,5.333551062135484,knee_caving_error
75.83147932741667,72.7947937151023,90.49885040692217,3.036685612314372,knee_caving_error
76.21991480997845,75.5365885219246,90.45033196673083,0.6833262880538484,knee_caving_error
73.3331601552194,70.65546359043019,87.87234670057296,2.6776965647892155,knee_caving_error
70.1441579993545,70.12158882844079,83.87681382908389,0.022569170913712355,knee_caving_error
71.3542768534876,67.49544821681444,82.1662983895042,3.8588286366731666,knee_caving_error
68.061653278417,65.13678322884645,81.69581214268045,2.9248700495705435,knee_caving_error
63.796337451168355,64.54652470583672,78.73335842140193,0.7501872546683614,knee_caving_error
59.939637573527264,59.29429453241742,72.15774195668006,0.6453430411098466,knee_caving_error
58.06001439689032,56.9722577049386,69.61762388754028,1.0877566919517179,knee_caving_error
55.314332284723086,51.6406850600578,66.88084121131484,3.673647224665288,knee_caving_error
54.68214767990248,52.75220893761907,66.08359531636445,1.9299387422834045,knee_caving_error
52.90907939735001,55.85404530114599,65.03009881064723,2.944965903795975,knee_caving_error
51.07301790506273,53.97415022613434,65.50676773911856,2.9011323210716142,knee_caving_error
53.6743608073923,77.14545830228298,71.53518240606596,23.471097494890678,knee_caving_error
58.98662069659884,115.03105489096939,78.57237069599292,56.044434194370545,knee_caving_error
49.78784895473695,66.83655378557961,56.40760221160988,17.04870483084266,knee_caving_error
54.909045748459086,60.37434671903204,53.64693594374637,5.4653009705729545,knee_caving_error
48.319585991600036,120.87140607656346,55.41286203015726,72.55182008496342,knee_caving_error
49.942623494553985,85.7229693285602,56.23006234717676,35.78034583400621,knee_caving_error
103.07574965985225,167.39995418863086,120.09608544862752,64.32420452877861,knee_caving_error
120.62004613420402,167.92832892590232,137.63578958351295,47.3082827916983,knee_caving_error
134.81540347059286,172.1203275561885,149.04505968757195,37.304924085595644,knee_caving_error
115.10420312142848,165.67025075813177,128.09970664508262,50.56604763670329,knee_caving_error
127.77363452177735,174.55813390629098,142.94504715575462,46.78449938451362,knee_caving_error
129.03915372170795,163.62991435094676,149.13329836387922,34.590760629238815,knee_caving_error
113.88895935837638,159.12533019184337,130.07312008578802,45.23637083346699,knee_caving_error
97.39006739635164,150.4852399742884,107.65191491497754,53.09517257793675,knee_caving_error
68.87826744476072,115.69715303170148,71.6780144202105,46.81888558694075,knee_caving_error
67.06596812045291,110.49131188466467,67.53370101040787,43.42534376421176,knee_caving_error
94.01500030386443,140.42680697207132,104.38172434832026,46.41180666820689,knee_caving_error
105.54536557985496,147.06301092074307,122.73245833957176,41.51764534088811,knee_caving_error
84.66554302256036,104.97615532668705,93.14063334369645,20.310612304126693,knee_caving_error
76.14648515785377,89.0425639745198,78.20312992824306,12.89607881666602,knee_caving_error
85.32233808544599,91.98720723731911,82.25267366781328,6.66486915187312,knee_caving_error
84.9133054176571,86.69075491948445,80.79598461947046,1.7774495018273484,knee_caving_error
83.5056617821145,82.06027101541041,80.87685575059531,1.4453907667040937,knee_caving_error
86.32643755533248,87.45849155252893,83.63768371847556,1.1320539971964507,knee_caving_error
89.65292184889584,89.57998872574531,85.69524818638968,0.07293312315053413,knee_caving_error
93.08443232554501,94.61343213418232,88.6051778715784,1.5289998086373089,knee_caving_error
95.6468483126575,99.75772906499269,89.80260694062757,4.110880752335191,knee_caving_error
106.4657944958486,122.32900427388643,105.62244098558303,15.863209778037827,knee_caving_error
116.63087531069186,135.60349649476188,119.44269852431228,18.97262118407002,knee_caving_error
127.53005652797101,153.44508243835992,129.82205672717222,25.915025910388906,knee_caving_error
128.7755603297398,147.2498867825627,135.28598090825662,18.474326452822908,knee_caving_error
128.19631939008332,149.41007285562705,137.6198478314978,21.213753465543732,knee_caving_error
127.98791045376437,150.96933037432402,137.71348769248868,22.981419920559645,knee_caving_error
130.5689439990746,152.70009114504032,142.07337806008368,22.131147145965713,knee_caving_error
139.03478922257898,157.7948511025182,151.12897824081276,18.76006187993923,knee_caving_error
140.06338039676885,158.26267577328173,159.3079680557677,18.19929537651288,knee_caving_error
150.2170857310563,159.5417393492083,170.96933197002295,9.324653618152013,knee_caving_error
153.08147727314397,160.87435167001556,173.50738371710585,7.792874396871582,knee_caving_error
157.72592409936217,162.83869863206604,177.4465412254231,5.112774532703867,knee_caving_error
160.33045590245413,163.76118235374938,178.67524427512905,3.430726451295243,knee_caving_error
160.3527133535489,163.59760584078606,178.7628178755543,3.2448924872371663,knee_caving_error
161.0532387438882,162.83127596287727,178.48813810100557,1.778037218989084,knee_caving_error
160.1305335756634,163.47103512026254,178.07997460456477,3.3405015445991353,knee_caving_error
161.55057252713152,162.9357769696199,177.17390780152897,1.385204442488373,knee_caving_error
161.2455032152418,163.0295930741089,176.40301699758146,1.7840898588671052,knee_caving_error
160.830613944432,163.10290946820083,176.67834214210873,2.2722955237688325,knee_caving_error
160.3146980385509,162.86723212099048,176.13187043287422,2.5525340824395926,knee_caving_error
160.2694165819632,162.7849992707335,175.55590242012295,2.51558268877028,knee_caving_error
160.2046228962271,162.6728941683358,175.31106954134071,2.4682712721086943,knee_caving_error
161.4640691391732,163.0213258717311,174.08549325182025,1.557256732557903,knee_caving_error
162.13612072576615,163.25443104923116,174.1521404339823,1.1183103234650105,knee_caving_error
161.94281136802118,163.4420597986735,173.80243160994482,1.4992484306523295,knee_caving_error
162.6401132829442,163.74464283641785,173.815510338792,1.1045295534736397,knee_caving_error
162.78393188442516,163.77696768149755,174.81408644377544,0.9930357970723946,knee_caving_error
162.77757450818524,163.72548045945672,173.6788147803329,0.9479059512714798,knee_caving_error
162.9667914105634,163.7662416157462,174.00526603551094,0.7994502051828078,knee_caving_error
162.8980050821538,163.5858583772189,175.78871748543153,0.6878532950651106,knee_caving_error
162.61434026170596,163.73632444264217,177.84028653219042,1.1219841809362094,knee_caving_error
161.6700512095113,163.43623114238522,178.82237883936472,1.7661799328739107,knee_caving_error
162.45966527752807,163.51413192822667,178.55509665287568,1.0544666506986005,knee_caving_error
162.76227231818734,163.1995099414154,178.2818289371442,0.43723762322807147,knee_caving_error
159.15977838887255,161.64283112721637,176.3825506908412,2.4830527383438152,knee_caving_error
152.58715870988027,158.9555766429771,173.764420546683,6.368417933096822,knee_caving_error
144.00821154709885,155.1975836593984,169.80265316907747,11.189372112299537,knee_caving_error
131.66237449672764,150.51538885076434,150.20457291378415,18.853014354036702,knee_caving_error
126.32403339333065,149.94463025743866,143.88137044796792,23.62059686410801,knee_caving_error
122.97560043931524,149.13767149340703,140.94931136668598,26.162071054091783,knee_caving_error
117.97574289398025,138.08106301908236,135.12852818150245,20.10532012510211,knee_caving_error
113.96826983324246,129.68914283109342,130.62592350686757,15.720872997850961,knee_caving_error
114.68836900728205,128.97762732497128,130.09311412694368,14.289258317689232,knee_caving_error
117.38233407747151,132.3276060738636,132.6774649809203,14.94527199639208,knee_caving_error
115.0625017982358,132.15061263102817,124.96195858628691,17.088110832792367,knee_caving_error
113.4812755634528,130.23295108301537,122.9251101053882,16.751675519562568,knee_caving_error
111.13881023529693,125.81397138720106,120.50130888456805,14.675161151904135,knee_caving_error
109.51329927556377,123.84275736039928,118.12024390042045,14.329458084835508,knee_caving_error
108.64512629536513,122.46477856493357,116.5720385710306,13.819652269568437,knee_caving_error
104.6604818420844,114.87704047794725,112.73194685399396,10.216558635862853,knee_caving_error
103.02334854603276,113.12323274738793,110.66717276720622,10.099884201355167,knee_caving_error
101.47437635969861,113.50361218044225,109.0091162719733,12.029235820743637,knee_caving_error
96.09673326667297,105.46320810769141,98.60378011859176,9.366474841018444,knee_caving_error
97.03947276578704,108.4887553414555,95.56816924333795,11.449282575668462,knee_caving_error
94.31278065843331,102.6873406053568,92.8253238849146,8.374559946923483,knee_caving_error
89.59361481427156,96.04840972167229,90.83770473059568,6.454794907400725,knee_caving_error
85.77220736376685,91.50213747953465,91.51402075802535,5.7299301157678,knee_caving_error
81.77160640530565,87.99855764491579,89.20716327153494,6.226951239610145,knee_caving_error
75.00871790818822,75.15686987877143,85.29244292540876,0.14815197058321417,knee_caving_error
71.76210831440952,77.12568158913065,84.05977581511134,5.3635732747211335,knee_caving_error
69.18494368189285,73.95742700129985,83.1888966099125,4.7724833194070015,knee_caving_error
62.97718934444044,70.83288179683372,78.19334338955404,7.855692452393278,knee_caving_error
62.40571338341933,72.09122690325296,75.87354714523059,9.685513519833627,knee_caving_error
61.69398792785591,70.29769779090964,76.59626915001752,8.60370986305373,knee_caving_error
59.37039544418373,65.93334017001811,74.03109378374154,6.5629447258343845,knee_caving_error
60.28526784541724,62.89254905454143,73.13608762965573,2.6072812091241957,knee_caving_error
61.68626050534407,62.77638623781574,72.82145827748744,1.0901257324716696,knee_caving_error
63.92185413102847,70.38805529584378,75.31676570355162,6.466201164815317,knee_caving_error
71.44223693979201,135.43835501431687,84.56838087991825,63.99611807452486,knee_caving_error
64.58627120739831,98.07234592037551,75.00297347809186,33.4860747129772,knee_caving_error
70.52681237907956,130.4339309800674,85.76606222769686,59.90711860098784,knee_caving_error
66.72599701295856,100.27486781922445,78.45665703543663,33.548870806265896,knee_caving_error
60.052816864119066,103.7428435628691,73.61650489013611,43.69002669875003,knee_caving_error
46.95220685194815,52.42613618334628,54.09364198934291,5.473929331398132,knee_caving_error
54.97354858171919,150.77892149682137,69.83242423293675,95.80537291510217,knee_caving_error
135.91250826605307,168.37312940169255,158.96759415493352,32.460621135639485,knee_caving_error
158.10697011188827,172.75880021761654,166.84461122214657,14.651830105728266,knee_caving_error
154.66556851730522,168.54811255408003,169.03053404345488,13.882544036774817,knee_caving_error
51.23080531190107,64.68424425897894,61.68636465455178,13.453438947077863,knee_caving_error
52.46683068474064,67.23572599010753,67.76233127613878,14.768895305366883,knee_caving_error
73.46252586073847,78.41229818712146,81.312747216516,4.949772326382998,knee_caving_error
62.092733989795434,77.10237222035416,63.761244875826506,15.009638230558721,knee_caving_error
75.99074062157143,129.42065325456463,78.80065644919684,53.429912632993194,knee_caving_error
72.2572276887676,82.31103318985224,73.35654376523327,10.05380550108464,knee_caving_error
69.39203466796246,71.96734010490043,73.07902968968182,2.575305436937967,knee_caving_error
79.25519152153008,77.15556150820872,78.80217347743813,2.0996300133213595,knee_caving_error
81.85128107053626,80.71534994328711,81.56571999911388,1.135931127249151,knee_caving_error
85.96600707686609,83.93483075505044,81.76910812544662,2.03117632181565,knee_caving_error
91.44890396995864,89.5413326791285,87.14954488066523,1.907571290830134,knee_caving_error
93.81639746648098,92.69247446802817,92.92312314419411,1.1239229984528123,knee_caving_error
102.18110460818838,107.06704154916534,99.23434948024217,4.885936940976961,knee_caving_error
103.61639555415545,125.10127805423983,105.04143509125566,21.48488250008438,knee_caving_error
108.36364324833416,137.3166508324361,108.8705117757516,28.95300758410194,knee_caving_error
128.04986346503767,150.9230122547036,121.72456636819486,22.87314878966592,knee_caving_error
129.97656378266936,151.55653950999937,124.61973699203736,21.57997572733001,knee_caving_error
135.57709699702198,157.11512180427036,129.56915253110427,21.538024807248377,knee_caving_error
148.5818002246578,153.19337209927681,154.92664059242756,4.611571874619017,knee_caving_error
154.2662389165358,155.82432968832936,162.8951875875644,1.5580907717935588,knee_caving_error
159.88789433983015,160.16064852863548,166.03301485411427,0.27275418880532243,knee_caving_error
160.03308696092276,160.40479095593227,166.80825870474175,0.37170399500951135,knee_caving_error
160.57374062653176,161.23685652114423,166.5656184549132,0.6631158946124742,knee_caving_error
160.58675048461507,162.0666383606923,166.70569400580115,1.4798878760772425,knee_caving_error
160.42420388657695,163.12714206271005,166.3741017411175,2.7029381761331024,knee_caving_error
160.0293673220972,163.100324073932,167.38183386413053,3.0709567518348138,knee_caving_error
161.59748252707647,162.77134225044594,174.71270810060827,1.1738597233694748,knee_caving_error
161.43957448484872,163.2566350542611,174.9013648171543,1.8170605694123765,knee_caving_error
161.81646121544438,163.57028174786987,176.0516952837235,1.7538205324254932,knee_caving_error
159.6341309186737,162.7544007303225,175.31807159742232,3.1202698116487966,knee_caving_error
160.18217031035493,162.94724118764125,175.55578617234707,2.7650708772863197,knee_caving_error
160.75633931931213,162.83511678395865,176.0246196243278,2.078777464646521,knee_caving_error
161.3084707412278,163.89375041082263,175.81705477007333,2.5852796695948257,knee_caving_error
161.1928212747022,164.54159126332678,175.55821123332913,3.348769988624582,knee_caving_error
161.5697324370603,165.05596744510103,175.8418169091901,3.4862350080407225,knee_caving_error
161.45031023709095,164.57959893800276,176.0890710227053,3.1292887009118147,knee_caving_error
161.56548041751722,164.45823388107038,176.90820845746683,2.892753463553163,knee_caving_error
161.65272608027314,164.37236469538553,177.2014669687516,2.7196386151123875,knee_caving_error
162.1017075222639,164.53436308416005,177.8712703478476,2.432655561896155,knee_caving_error
162.42587530257208,164.39175339699406,178.2491269416287,1.9658780944219814,knee_caving_error
162.44398030996905,164.27591181121326,178.31753172202036,1.8319315012442132,knee_caving_error
162.51593895505272,163.93784913711127,177.9707246410423,1.4219101820585536,knee_caving_error
161.89301093621978,163.4272965531396,177.06077774722573,1.5342856169198171,knee_caving_error
162.07405330972577,162.91861365684065,175.34750804589834,0.8445603471148786,knee_caving_error
162.16716478498142,162.93379187244324,174.59009114080837,0.7666270874618135,knee_caving_error
162.52736800797126,163.00051145015988,172.88720466396813,0.4731434421886149,knee_caving_error
162.68203274416422,163.07289454100587,172.31061598856695,0.3908617968416479,knee_caving_error
162.74877331379366,163.06018949696485,171.86576137611476,0.3114161831711897,knee_caving_error
162.72495270508455,162.77448987035223,172.14469067889482,0.049537165267679484,knee_caving_error
162.87360956946222,162.97929527900936,172.22421142946533,0.10568570954714573,knee_caving_error
163.08108961286118,162.89254588282137,172.2638691359961,0.18854373003981095,knee_caving_error
163.10669885422215,162.76018673971768,172.26833986669905,0.3465121145044634,knee_caving_error
163.44492947115333,162.76805218884658,172.74504557987,0.6768772823067479,knee_caving_error
163.18697319465824,162.75349257820693,173.65411021153375,0.4334806164513054,knee_caving_error
163.29624193228653,162.66834878216673,173.80311475965377,0.6278931501198031,knee_caving_error
163.522029015021,162.74786718644077,174.11871749329993,0.774161828580219,knee_caving_error
163.5052174809102,162.61738973968707,174.5870314548723,0.8878277412231341,knee_caving_error
163.29728925136686,162.58013625143852,175.6803586972061,0.717152999928345,knee_caving_error
163.2734706140213,162.73708184604774,176.05965575988765,0.5363887679735626,knee_caving_error
163.0165770651679,162.32413859693483,175.94580548089476,0.692438468233064,knee_caving_error
162.89667448936308,162.34175015471646,175.97216500015907,0.5549243346466142,knee_caving_error
162.98075601891838,162.42575989231918,176.0512263643225,0.5549961265992067,knee_caving_error
162.7348930508945,162.32784348801638,175.7566316411713,0.40704956287811456,knee_caving_error
162.5487107363024,162.35745236434357,175.70161460635777,0.19125837195883832,knee_caving_error
162.35609647203123,162.3808536819683,175.7512412225659,0.024757209937064317,knee_caving_error
162.33549662510563,162.4595324923018,177.00032663314775,0.1240358671961701,knee_caving_error
162.18072420443727,162.65952940037386,176.37721243750568,0.4788051959365873,knee_caving_error
162.1089735969079,163.4097868402589,175.54898829358564,1.3008132433510013,knee_caving_error
161.9017170390536,163.33059746942106,174.28316810557723,1.4288804303674567,knee_caving_error
161.96868958027548,163.46717166889533,174.38322491714484,1.498482088619852,knee_caving_error
162.53815851485456,164.42760531458237,174.58424134558686,1.889446799727807,knee_caving_error
163.28752664796932,164.81562800385808,174.76547963939777,1.528101355888765,knee_caving_error
164.00677203293725,164.33216285480086,178.17255934763725,0.325390821863607,knee_caving_error
164.1016311874448,163.8511128082293,178.3288719517493,0.2505183792155208,knee_caving_error
163.3370368817445,162.87984838979582,178.41155287790258,0.4571884919486706,knee_caving_error
162.0569245509072,162.09317359030828,178.5916793759526,0.036249039401070604,knee_caving_error
162.29743215605555,162.19649343401505,178.5693873829225,0.10093872204049603,knee_caving_error
162.43014459091853,162.10914237036596,178.2717669391546,0.32100222055257177,knee_caving_error
162.47639633487555,162.06387113583008,178.41242565935366,0.4125251990454615,knee_caving_error
162.57438428733943,162.1989393418761,177.650883038733,0.37544494546332885,knee_caving_error
162.5271083996733,162.24817352543067,177.15753550185494,0.27893487424262275,knee_caving_error
162.6539727908462,162.7599021082773,176.6728171433953,0.1059293174310767,knee_caving_error
162.52393220325254,162.81206676740535,176.12493101169102,0.2881345641528128,knee_caving_error
162.5412682693059,162.86441281685634,175.83906467618925,0.32314454755044153,knee_caving_error
162.66512272443018,163.5725957235126,175.5407712969333,0.9074729990824153,knee_caving_error
162.8111045426004,163.77971851588177,175.44240291818332,0.9686139732813785,knee_caving_error
162.78566972886782,163.71696847603567,175.4144129182406,0.9312987471678582,knee_caving_error
162.7685422913432,163.54398102626192,175.2196711937145,0.7754387349187084,knee_caving_error
162.7182723352452,163.21238127214056,175.4673225408169,0.4941089368953726,knee_caving_error
162.4579801362898,162.59002063896733,175.96726603776114,0.13204050267754042,knee_caving_error
162.34187522782196,162.4811576349058,175.8803605068973,0.1392824070838401,knee_caving_error
162.50683422256373,162.24044279690852,176.1166718636587,0.26639142565520046,knee_caving_error
162.72230298453326,162.1802752652346,176.7303801010494,0.5420277192986589,knee_caving_error
162.83801428883703,162.237622045573,176.45981582284426,0.6003922432640252,knee_caving_error
162.85368497765808,162.42892531887344,176.4924379590863,0.4247596587846374,knee_caving_error
162.03703686681914,160.68842155282235,175.0948661785507,1.3486153139967882,knee_caving_error
161.19804474332977,160.90640174142388,175.184469049456,0.2916430019058964,knee_caving_error
161.89235232387387,161.03350831074962,175.82944085653273,0.8588440131242407,knee_caving_error
162.109928339364,161.1830279590517,176.31451912950783,0.9269003803122757,knee_caving_error
161.40260632697132,161.1178298506931,177.6637808249135,0.28477647627821057,knee_caving_error
161.73337615825804,161.45089975536158,177.38602485193275,0.2824764028964637,knee_caving_error
162.54466036032693,162.24712155530835,177.3124521171494,0.29753880501857566,knee_caving_error
163.205568491801,163.4119868500868,176.52312654228248,0.20641835828581634,knee_caving_error
163.25938827527403,163.85863351573914,176.37640926431982,0.599245240465109,knee_caving_error
163.2553812533359,163.821627661272,175.8711791382276,0.5662464079360916,knee_caving_error
162.77288812415597,163.56838261046406,175.86251997821495,0.7954944863080868,knee_caving_error
162.68936275685425,163.5059418248438,175.83858318015956,0.8165790679895508,knee_caving_error
162.54733871222615,163.52955281584363,174.38839934365552,0.9822141036174799,knee_caving_error
162.491071546172,163.50587034252737,177.5350011856486,1.0147987963553646,knee_caving_error
162.68560772202525,163.0173151082919,177.0962161489573,0.3317073862666575,knee_caving_error
162.79914950366148,162.74421640328583,177.1198065357233,0.054933100375649246,knee_caving_error
162.75990744664466,162.7322992587914,177.0830392812451,0.027608187853275012,knee_caving_error
162.56782002524633,162.5880764623474,176.70316137072697,0.02025643710106806,knee_caving_error
162.37645623278289,162.51052970584746,177.33565850551193,0.13407347306457496,knee_caving_error
162.37530018442573,162.44516840690923,177.50242626864576,0.06986822248350677,knee_caving_error
161.85940455426842,161.99430450037812,178.19221985611964,0.13489994610969802,knee_caving_error
161.70491051619229,162.13192028253295,178.3705234604851,0.42700976634066024,knee_caving_error
161.83043812600508,162.31672459091337,178.44708777064778,0.4862864649082894,knee_caving_error
161.85757114500788,162.17067782347124,178.46023590146996,0.31310667846335605,knee_caving_error
161.89670418578316,162.84602063639494,179.07107772855676,0.949316450611775,knee_caving_error
161.71509705884688,162.91483012653896,178.71463620992537,1.1997330676920797,knee_caving_error
161.6879025650579,162.91869394604163,177.86530526466169,1.2307913809837316,knee_caving_error
161.6609245473388,162.9362048862278,177.47131702937173,1.2752803388890186,knee_caving_error
161.21581008386693,163.0174806437892,176.3953320506776,1.801670559922286,knee_caving_error
161.2979087782032,163.16003336064804,176.1703148996235,1.8621245824448351,knee_caving_error
160.9431884891865,162.4083737005607,175.92703357455926,1.4651852113742052,knee_caving_error
158.9633173142628,160.88687628575514,174.62830011457044,1.9235589714923265,knee_caving_error
157.050698323292,159.42014844668608,171.71914559906244,2.369450123394074,knee_caving_error
155.08344316165685,158.63563195746636,170.27271402896892,3.5521887958095135,knee_caving_error
153.47115216870648,157.18422434364518,167.71418913687617,3.713072174938702,knee_caving_error
153.8808098689809,156.7590613160789,165.1787663007548,2.878251447098023,knee_caving_error
149.8899932554656,152.29037753081548,156.38055738794654,2.4003842753498645,knee_caving_error
139.8804289223929,147.07600979850565,146.58695482397903,7.195580876112757,knee_caving_error
127.1689316497288,139.7957229201556,135.4737261489784,12.626791270426807,knee_caving_error
122.20257897970147,135.9403950524475,130.9496127829404,13.737816072746043,knee_caving_error
121.55315371516903,133.052200787925,130.67673543063785,11.499047072755957,knee_caving_error
118.47773098753102,131.01358268408634,127.15342194198314,12.535851696555326,knee_caving_error
118.87216854862203,133.54863140614802,126.62297528857147,14.67646285752599,knee_caving_error
116.27984115693872,130.127973980267,122.92708289275868,13.848132823328285,knee_caving_error
113.29652930368819,121.93604669156305,118.608696284087,8.63951738787486,knee_caving_error
106.22148013853274,113.80473740754383,114.39507785678904,7.583257269011085,knee_caving_error
98.88635737815574,107.57754875716998,109.6763661938824,8.691191379014242,knee_caving_error
96.84991922923189,109.72983070167246,107.39550765622455,12.879911472440568,knee_caving_error
92.49569407369363,105.48941222366939,105.02521819566176,12.993718149975763,knee_caving_error
96.0568234944082,110.58035164131944,105.62560724310089,14.523528146911232,knee_caving_error
86.55064353449025,102.17359724249998,99.23808816834399,15.622953708009732,knee_caving_error
85.29300023984875,100.17757166702734,100.86452498725325,14.884571427178585,knee_caving_error
82.0635054628281,119.98919418476055,98.00467070510179,37.925688721932445,knee_caving_error
81.94227669132951,118.94435321490472,93.82144823770336,37.00207652357521,knee_caving_error
78.90882056129342,116.50888706119105,92.82261820785259,37.60006649989762,knee_caving_error
77.81237535545198,100.82583359984294,89.89800345951187,23.01345824439096,knee_caving_error
74.62487529735768,96.42666359276477,87.38269036640146,21.801788295407093,knee_caving_error
68.51965134071656,84.75323960685614,82.64904600193213,16.233588266139577,knee_caving_error
71.26615907266425,81.06812095184802,85.7618814695834,9.801961879183764,knee_caving_error
69.45895551663044,79.18332399644926,83.73100420691499,9.724368479818821,knee_caving_error
87.76806176646194,84.44363531215042,87.75542262310142,3.3244264543115207,knee_caving_error
87.87908969035391,83.16477065270448,92.57031750614527,4.714319037649432,knee_caving_error
75.52196789654793,76.99337892320663,85.64028681729073,1.4714110266587,knee_caving_error
75.32822344731962,79.52083827915848,76.38510419585263,4.192614831838867,knee_caving_error
78.65800224073547,78.39022874290325,80.10742768082075,0.2677734978322235,knee_caving_error
80.09051722462632,85.14969504293055,79.45006477888984,5.059177818304221,knee_caving_error
91.51538018676874,129.87859347543196,92.57466208096196,38.36321328866322,knee_caving_error
88.7764834891385,120.9868103826652,89.94527458292552,32.2103268935267,knee_caving_error
93.0678709861562,120.09459277933686,81.08330237074537,27.02672179318067,knee_caving_error
79.51082234149764,108.98971954623018,77.64116468390351,29.478897204732533,knee_caving_error
79.39040778273068,112.04154177040654,77.42236581651936,32.65113398767586,knee_caving_error
68.79544842347384,76.15720546074824,87.52620149929366,7.361757037274401,knee_caving_error
70.92721256493805,79.67400382642037,88.01723267584069,8.746791261482329,knee_caving_error
74.04119090698013,86.77894838072496,91.2082699996637,12.737757473744821,knee_caving_error
73.45197573580366,115.62839790875387,85.44652703110145,42.17642217295021,knee_caving_error
76.966904766979,111.25997558312852,89.52051514531863,34.29307081614952,knee_caving_error
79.54760147290116,102.00138273782792,91.11671938307575,22.45378126492676,knee_caving_error
85.58768512738943,103.82973635905843,101.44682095576412,18.242051231668995,knee_caving_error
89.68377492624111,102.70323610909254,109.23751491513642,13.01946118285143,knee_caving_error
105.56805429460972,107.98973373392457,117.56108779869716,2.4216794393148433,knee_caving_error
111.00164907612952,110.78207744916932,120.65668293617657,0.21957162696020305,knee_caving_error
117.56537982937387,116.36018251597136,122.89093482020746,1.2051973134025076,knee_caving_error
118.88764083146975,117.90352687117455,123.8622657347046,0.984113960295204,knee_caving_error
130.9304190145695,142.58725397844614,128.94255523891673,11.656834963876634,knee_caving_error
131.79173794892964,146.51336105034562,129.93188754147303,14.721623101415986,knee_caving_error
136.03609490575448,151.18723843648095,132.3017732912119,15.151143530726472,knee_caving_error
141.31312821282287,155.61046888516094,139.07724327549693,14.297340672338066,knee_caving_error
153.73048658744824,162.68552524160268,151.8447563820384,8.955038654154436,knee_caving_error
157.291572500813,163.04104301734242,160.13644920649344,5.7494705165294135,knee_caving_error
157.46869270853813,162.91053863241783,162.36009295172764,5.441845923879697,knee_caving_error
157.80515686183446,162.54876431440127,164.45344344880806,4.743607452566806,knee_caving_error
158.04311257028536,164.20249829036143,164.6157449658881,6.159385720076074,knee_caving_error
158.27958386191423,164.6658796154702,166.57097215107675,6.38629575355597,knee_caving_error
158.50599029028956,164.84560812277243,167.89869603300852,6.3396178324828725,knee_caving_error
159.17773284199362,165.17624947976867,168.17002407646825,5.9985166377750545,knee_caving_error
159.2376536753496,165.51682297863033,169.8694861481018,6.2791693032807245,knee_caving_error
159.20420018482605,165.41600847524828,169.63171184768285,6.211808290422226,knee_caving_error
159.20277367783396,165.26015856436155,170.4792205344146,6.057384886527586,knee_caving_error
159.06750965934563,165.40252276040485,170.4228210165457,6.335013101059218,knee_caving_error
159.39593169196067,164.99245192746534,171.3486030782824,5.59652023550467,knee_caving_error
159.88186102998296,164.47434451628382,172.1603846262647,4.592483486300864,knee_caving_error
159.98847602184134,164.0434505067724,172.62495857859977,4.054974484931051,knee_caving_error
159.8922282891608,163.96841802684634,172.74834899613077,4.0761897376855245,knee_caving_error
159.82704336084763,163.9872002017402,172.50493717373388,4.160156840892569,knee_caving_error
160.09149957446235,163.71424035144705,172.89618606501358,3.622740776984699,knee_caving_error
160.03739972042848,163.71204269621725,173.634738391926,3.674642975788771,knee_caving_error
159.92268886406256,163.79509628816862,173.50815268179736,3.8724074241060578,knee_caving_error
159.83726583404717,163.74239620793526,173.27880913134638,3.9051303738880847,knee_caving_error
160.1671746771383,163.7910160249588,172.36304546695544,3.623841347820502,knee_caving_error
160.14067721135066,163.9352536783243,171.63678742249334,3.7945764669736377,knee_caving_error
159.56705536796696,164.21296186253016,169.87086265446226,4.6459064945632065,knee_caving_error
158.76395329325354,164.06338675770522,168.90220805535256,5.299433464451681,knee_caving_error
155.9213720593811,163.65648719967746,167.2305256972026,7.735115140296358,knee_caving_error
148.1090496178096,162.15056073159536,161.5220744891533,14.04151111378576,knee_caving_error
140.20863908393682,160.62755521350653,154.43667908018298,20.41891612956971,knee_caving_error
139.99015773762565,158.7560771104716,153.96445903529172,18.765919372845957,knee_caving_error
132.14036896358706,153.52766483324203,144.60409108058371,21.387295869654963,knee_caving_error
124.02130515138333,140.24674761343056,134.59814883025618,16.225442462047226,knee_caving_error
117.13167468899239,131.18612658202068,125.66613918379784,14.054451893028286,knee_caving_error
115.68276831739064,127.27695536022537,121.5663477207287,11.594187042834733,knee_caving_error
111.54223753186129,117.86469790895313,116.48121164518037,6.3224603770918435,knee_caving_error
109.80955674291641,111.71290168992358,113.85922476148687,1.9033449470071702,knee_caving_error
111.65269633390378,111.05385183415066,115.77678184152995,0.5988444997531133,knee_caving_error
104.6354572215224,102.36796542373663,113.59799826759857,2.267491797785766,knee_caving_error
101.16249766148415,101.04370561157226,109.14567113510914,0.11879204991188885,knee_caving_error
86.12449294028804,94.88972022114214,92.8469481858155,8.765227280854106,knee_caving_error
80.04582664448453,86.56570803441578,82.22899557720841,6.519881389931243,knee_caving_error
74.95836666985353,82.11767195920274,78.60019796945772,7.159305289349206,knee_caving_error
72.67846352924984,80.90745718584594,77.04281118224662,8.228993656596103,knee_caving_error
70.45705353180064,80.38216931150248,74.84381434108687,9.92511577970184,knee_caving_error
68.65449000579143,79.86820361944046,73.49319603600432,11.213713613649034,knee_caving_error
59.01720700331824,63.4260697504359,61.49751702161051,4.408862747117659,knee_caving_error
50.42807934008613,58.69729787170298,53.59180992141327,8.26921853161685,knee_caving_error
45.24295808518263,82.84293417266325,49.75507627245888,37.59997608748062,knee_caving_error
45.58312203089295,76.46086385618455,48.856780343050296,30.877741825291594,knee_caving_error
44.49315836196726,68.41399587749628,45.90214623096758,23.920837515529016,knee_caving_error
45.63550310594697,66.31484298446789,44.08679899381293,20.67933987852092,knee_caving_error
40.900946172821875,79.48365650056162,43.00182335845214,38.58271032773975,knee_caving_error
40.17158904604427,79.69265810711019,43.50404191234188,39.52106906106592,knee_caving_error
40.12780483039308,104.94650432213692,39.926256248931246,64.81869949174384,knee_caving_error
34.17644421044383,82.74936098743146,37.1080075801572,48.572916776987626,knee_caving_error
31.922332212211288,66.01609852122033,39.628544637980944,34.09376630900904,knee_caving_error
35.476184600792436,61.769065865436986,36.9863126862819,26.29288126464455,knee_caving_error
38.37873558853477,61.42226197177427,38.580753312316865,23.043526383239502,knee_caving_error
46.30557352514425,60.12890808205987,51.205077551845214,13.823334556915626,knee_caving_error
57.132847721125174,67.18441539920418,57.33305996080743,10.05156767807901,knee_caving_error
68.57412283800971,92.8041959659246,70.43245677022695,24.230073127914892,knee_caving_error
75.91484655477397,98.26764057603692,79.93563305203547,22.35279402126295,knee_caving_error
80.25406416992318,121.92005121894411,82.18443242984091,41.66598704902093,knee_caving_error
87.89968363467993,125.55161940821807,92.55869035193288,37.65193577353814,knee_caving_error
92.54892975331013,115.26625582756616,97.28006749424382,22.71732607425602,knee_caving_error
104.8928677798001,115.0839514525687,102.60265444027702,10.191083672768599,knee_caving_error
111.21183503323003,115.53638240188138,109.89556862809161,4.324547368651352,knee_caving_error
115.29557953678656,116.87020768698888,112.40603797414619,1.5746281502023152,knee_caving_error
121.45948504617957,120.45089687002803,117.28915525673888,1.0085881761515338,knee_caving_error
147.94793470295198,152.95048219110222,146.3300747593488,5.002547488150242,knee_caving_error
141.80964965355454,148.3501256764159,141.2189284251773,6.540476022861355,knee_caving_error
139.48043694652682,147.87934715925095,138.0527268011695,8.398910212724132,knee_caving_error
143.30978255187458,149.6993637598346,138.54910884236477,6.3895812079600205,knee_caving_error
147.91103335626562,152.5166310102148,143.3764456559258,4.605597653949189,knee_caving_error
147.88114591047676,155.24765383038147,144.43264179724355,7.366507919904706,knee_caving_error
149.58284773201584,159.54721960817713,150.57065085942227,9.964371876161294,knee_caving_error
155.05198427708618,161.08363928958966,154.11313396635688,6.031655012503478,knee_caving_error
157.1529747561544,164.10517516341005,161.207380983206,6.952200407255646,knee_caving_error
156.88337592421323,163.63612398877743,162.95185541927574,6.7527480645642015,knee_caving_error
157.45298734354557,163.5524273472604,163.71732559394187,6.099440003714818,knee_caving_error
157.8277876141747,163.86946902938706,163.64069029014686,6.041681415212366,knee_caving_error
158.34682741626162,164.3676782912763,164.5556197429429,6.020850875014673,knee_caving_error
158.51256413111832,164.1730321511372,165.45031179839532,5.660468020018868,knee_caving_error
158.85351979487115,164.79058616760992,167.3066254192662,5.937066372738769,knee_caving_error
158.61786127639058,163.7818208215683,179.22931724831315,5.163959545177704,knee_caving_error
158.1344183135947,162.85227681613478,175.03908769128674,4.717858502540082,knee_caving_error
157.00356287729934,162.3666690763091,173.6093178003817,5.3631061990097635,knee_caving_error
156.86625399546696,161.8190015869934,173.2100482162934,4.952747591526446,knee_caving_error
156.74829045197765,162.07815254388976,171.76706586801265,5.329862091912105,knee_caving_error
156.76810473682545,161.83301796951542,171.20315107316836,5.064913232689975,knee_caving_error
156.29704306269457,161.16949982931473,171.02165694122314,4.872456766620161,knee_caving_error
156.14699224103776,161.12339111925544,170.97010915144526,4.97639887821768,knee_caving_error
156.74563471127448,161.46010938047058,171.14750337455192,4.7144746691961075,knee_caving_error
157.06825665001406,161.82205960578364,171.14871273698068,4.753802955769572,knee_caving_error
157.29057289715018,161.79203386926318,171.1541858145895,4.501460972112994,knee_caving_error
156.96546214782472,161.3501666414058,171.72713100849427,4.384704493581069,knee_caving_error
156.80213211032438,161.11995361230595,171.95952233483357,4.3178215019815696,knee_caving_error
157.0786760867203,161.10222922898907,172.02019702523648,4.023553142268781,knee_caving_error
157.63591257655503,161.06192603794585,172.07710902401794,3.4260134613908235,knee_caving_error
156.79723901535752,159.78668063328848,172.35450511685218,2.9894416179309644,knee_caving_error
156.4048856490438,159.65746618813128,172.56029487184455,3.2525805390874893,knee_caving_error
156.48714297215338,159.73640267651575,172.77362328656412,3.249259704362373,knee_caving_error
155.65609568466758,159.4827490915131,173.03690068996497,3.826653406845537,knee_caving_error
155.14160084239947,159.28273617628204,173.49506092999005,4.141135333882573,knee_caving_error
155.04845720758436,159.27477053202625,174.601393308469,4.22631332444189,knee_caving_error
143.3675869730219,152.89798979474648,169.64616656822216,9.530402821724579,knee_caving_error
141.62249960904407,154.33716197744954,163.86551381243822,12.71466236840547,knee_caving_error
136.09736910462559,153.77767621353243,157.40928920416275,17.680307108906845,knee_caving_error
130.88332064396116,150.7374686189525,150.39581265708733,19.85414797499135,knee_caving_error
130.36892884181222,150.5073960845834,148.09957105848952,20.138467242771185,knee_caving_error
127.0784393737887,147.94482269273533,144.62703445246962,20.86638331894663,knee_caving_error
124.47667223128413,146.6265009153249,135.5848883918128,22.14982868404077,knee_caving_error
121.25397993003085,136.07009057990447,128.59970961217348,14.816110649873622,knee_caving_error
117.22398816079931,130.91072161003277,127.37625662395716,13.686733449233458,knee_caving_error
117.22073892955304,132.88923893630107,125.59090482067495,15.668500006748033,knee_caving_error
113.48939406417136,128.64185924116532,123.41019976824865,15.152465176993957,knee_caving_error
113.5399507441152,121.90961563651398,118.64100365718646,8.369664892398774,knee_caving_error
106.63870046178933,118.43016446411308,115.13979264038062,11.79146400232375,knee_caving_error
107.20486137613211,117.24527237787886,112.13006554949501,10.040411001746747,knee_caving_error
107.34895209188315,119.00107206935431,111.87498030056683,11.652119977471159,knee_caving_error
104.63051828119606,116.10421948374363,106.12867452271917,11.473701202547574,knee_caving_error
100.01202885225503,113.95011774859775,96.7573550777204,13.93808889634272,knee_caving_error
101.50181613803599,115.79545714136252,95.51513403312225,14.293641003326528,knee_caving_error
98.4504007297136,113.99201965200547,94.27923262639457,15.54161892229186,knee_caving_error
95.2857639118314,112.81131648741777,92.58517376367561,17.525552575586374,knee_caving_error
96.54594883004164,109.34800202048281,94.4401035346696,12.802053190441171,knee_caving_error
95.39005727377086,104.90775226660357,93.4765740299203,9.517694992832702,knee_caving_error
93.5916223739834,101.80131016229943,92.52416646987014,8.209687788316032,knee_caving_error
91.66804270043694,104.97179103609464,89.5162894330475,13.303748335657701,knee_caving_error
91.19202043905338,102.84495606388683,87.73705476884848,11.652935624833447,knee_caving_error
91.36302970091702,101.70300262751503,85.07918160070055,10.339972926598008,knee_caving_error
89.09591846124827,98.52906763728193,83.65482938039631,9.433149176033652,knee_caving_error
87.80756424804596,98.31633214264969,83.82073819055286,10.508767894603722,knee_caving_error
84.59347187158161,93.29646355316143,82.45352335058598,8.702991681579817,knee_caving_error
83.8436247408435,95.13491249908448,83.2003569371717,11.291287758240983,knee_caving_error
84.11280768757406,97.02164913772657,83.18664539769678,12.908841450152508,knee_caving_error
87.22080054963205,99.65414712403631,87.00339683318302,12.433346574404268,knee_caving_error
89.24702431172821,100.42542223388385,90.19196075951876,11.17839792215564,knee_caving_error
90.79233872894083,101.66458851921108,91.05251689610796,10.872249790270246,knee_caving_error
95.04754885308269,105.36343656832621,94.90797830812443,10.31588771524352,knee_caving_error
101.67854615354705,115.50117458371888,104.93932193719438,13.822628430171832,knee_caving_error
107.31657163138114,121.14464045698713,110.7361657203463,13.828068825605996,knee_caving_error
112.44497737267766,128.66863987462443,117.3014410780062,16.223662501946777,knee_caving_error
114.78539546593954,131.40231775334158,117.68884407205611,16.616922287402033,knee_caving_error
125.52099332850375,145.2848305465659,130.18822594759925,19.76383721806215,knee_caving_error
128.39602083359438,148.5009672959154,133.28783581166329,20.10494646232101,knee_caving_error
127.96040992619187,148.5567038366437,135.48561581181235,20.59629391045182,knee_caving_error
127.16795572089137,152.1770042039191,134.53943559785017,25.009048483027726,knee_caving_error
128.96757310103806,152.37722012946534,140.60854082809806,23.409647028427287,knee_caving_error
130.91750348154105,153.3312348430154,142.72404599409037,22.413731361474362,knee_caving_error
146.75842119339478,157.1092553019248,167.36676977387665,10.350834108530023,knee_caving_error
150.73841515139748,158.59277513900338,174.65076849777805,7.854359987605903,knee_caving_error
153.3021063794883,159.2439008621803,179.0034295372543,5.941794482692018,knee_caving_error
153.0052081751,158.44764447182615,178.13694283515687,5.442436296726157,knee_caving_error
154.93614754509272,159.0223384679355,176.1016634267813,4.086190922842775,knee_caving_error
154.88558251538228,158.73195887510948,174.4891391487756,3.846376359727202,knee_caving_error
155.6025035900704,159.19611539834133,172.2580277503823,3.5936118082709356,knee_caving_error
157.4702168422754,159.56462817621087,172.9238787287173,2.094411333935483,knee_caving_error
158.77601239491855,160.70952062985006,174.02621461469522,1.9335082349315087,knee_caving_error
159.79851967945666,161.67927846997085,175.09775762639163,1.880758790514193,knee_caving_error
160.477097787578,161.92639141149945,175.63170417392075,1.4492936239214487,knee_caving_error
159.48565183507606,162.63474116676898,176.43288365994604,3.1490893316929203,knee_caving_error
161.26603934991107,162.4796303241775,177.44927913963932,1.213590974266424,knee_caving_error
161.23189213648732,164.09899538085998,177.8408997968918,2.8671032443726574,knee_caving_error
162.12544622289445,164.54205804810337,177.94713952363347,2.4166118252089177,knee_caving_error
161.99099686112672,164.71170236792457,177.94453452121508,2.720705506797856,knee_caving_error
162.90130194230986,164.379864893432,174.48658202844305,1.478562951122143,knee_caving_error
162.81040925909844,164.5065911144544,173.5524600954739,1.6961818553559738,knee_caving_error
162.91659655088455,164.65817766895685,173.93044310710437,1.741581118072304,knee_caving_error
162.84413662389818,164.21175239383086,173.35006923346057,1.3676157699326836,knee_caving_error
162.89896122718193,163.85829710701918,173.5240079353866,0.9593358798372549,knee_caving_error
162.81114554625432,163.70584370738823,172.53754767655215,0.8946981611339027,knee_caving_error
163.45563588426683,164.0747492770911,173.36150140994263,0.6191133928242607,knee_caving_error
163.24618236180243,164.0836593194701,174.64380471131184,0.8374769576676613,knee_caving_error
163.48188749766334,164.37307815225373,175.2032429994887,0.8911906545903889,knee_caving_error
163.42802334688247,164.32984891604238,175.31809803894674,0.9018255691599109,knee_caving_error
163.3739135470209,164.3371194877828,175.31289676916774,0.9632059407618954,knee_caving_error
163.27642936530313,164.45492089664873,174.9234339575022,1.1784915313455997,knee_caving_error
163.1721559316244,164.37878489292717,174.65417777913441,1.2066289613027834,knee_caving_error
163.1539352363635,164.33790806992997,174.65473314906066,1.1839728335664574,knee_caving_error
162.97022834999188,164.23314569684095,175.03068281840137,1.2629173468490649,knee_caving_error
162.67460836166734,164.18419736398138,175.08547575682414,1.5095890023140441,knee_caving_error
162.50743923206946,164.2547233822815,175.67910852032148,1.7472841502120389,knee_caving_error
162.44687765511262,164.10571899801303,174.99148851898505,1.6588413429004163,knee_caving_error
162.49240880079574,164.04378554766646,174.93251252329517,1.5513767468707158,knee_caving_error
162.60494465135315,164.07660218365658,173.9781499547982,1.4716575323034249,knee_caving_error
162.59347574085805,164.05804859470146,173.23830801220706,1.464572853843407,knee_caving_error
162.04132372248677,163.91256269076197,172.79193170246188,1.8712389682752075,knee_caving_error
161.9477510494251,163.57205484232938,172.64029821228823,1.6243037929042714,knee_caving_error
162.0066606601853,163.65721306923106,172.91675651551358,1.6505524090457584,knee_caving_error
162.21129495310373,163.77960128001635,172.2176736749344,1.5683063269126194,knee_caving_error
162.31394773786204,163.86889334084944,171.58534756084703,1.5549456029874023,knee_caving_error
162.47060649639315,163.88606751311062,171.2032391040133,1.4154610167174724,knee_caving_error
162.46626957206277,163.83928021811036,170.59216353927602,1.3730106460475895,knee_caving_error
162.5011361848961,163.83443542790695,170.71035386529078,1.3332992430108561,knee_caving_error
162.56894585036997,163.93717541813874,170.5930355250517,1.3682295677687648,knee_caving_error
162.6356530929177,164.12619178068297,171.7393912088828,1.4905386877652802,knee_caving_error
162.5005365188697,164.13125503893522,174.23214906852948,1.6307185200655283,knee_caving_error
162.4019333631773,164.182092026247,175.12082650598992,1.7801586630696988,knee_caving_error
162.29925062774308,164.15128580925767,175.23092001597422,1.8520351815145943,knee_caving_error
162.36040242209427,164.21551846313375,174.72595376645788,1.85511604103948,knee_caving_error
162.38065526482995,164.23862832947273,174.4858579884792,1.8579730646427777,knee_caving_error
162.42089295131248,164.28433109122372,174.64939356247277,1.8634381399112385,knee_caving_error
162.42737971986384,164.19011703139694,175.68209879634935,1.762737311533101,knee_caving_error
160.0914592139962,162.49888797026782,179.3153644016424,2.407428756271628,knee_caving_error
159.72386144829755,161.9391125574245,177.64381484326447,2.215251109126939,knee_caving_error
159.11726009063315,161.89045903105608,177.22829208719114,2.7731989404229296,knee_caving_error
159.5752668192674,161.9272882265202,177.0500383605837,2.3520214072528063,knee_caving_error
159.06236317915986,161.65185048698476,176.80611042551467,2.5894873078248963,knee_caving_error
158.18864522762894,161.578256360979,176.81106359024534,3.3896111333500585,knee_caving_error
144.58180150853963,159.6580443229884,169.4412913635281,15.076242814448761,knee_caving_error
137.3719345076354,155.4901411260581,157.44250243710772,18.118206618422704,knee_caving_error
133.5552773299378,153.85691483422102,151.85593286868618,20.301637504283207,knee_caving_error
131.13775804480602,152.45370855277366,148.1578574665583,21.315950507967642,knee_caving_error
129.6611526999921,152.92528894668683,141.12255317224123,23.264136246694733,knee_caving_error
128.8585994199495,152.25537391090398,140.22341581444246,23.39677449095447,knee_caving_error
127.0033606441711,148.1841795112078,134.11788839362677,21.18081886703669,knee_caving_error
129.3899269927037,147.4668598453016,134.81905731107318,18.076932852597906,knee_caving_error
127.30612407001843,135.0726016196761,129.8055351068135,7.7664775496576794,knee_caving_error
126.35551067953445,132.13873695862577,127.3952889460664,5.783226279091323,knee_caving_error
126.64710886962838,134.43878198702424,125.09152022737662,7.7916731173958595,knee_caving_error
122.80728356567352,130.20191746323454,124.70650261630632,7.394633897561022,knee_caving_error
123.02710026332842,132.06689435206704,120.1861302515081,9.039794088738617,knee_caving_error
121.43176313529324,132.70840206075363,118.88455577492014,11.27663892546039,knee_caving_error
120.5403171286005,130.7833211285636,117.721281850536,10.243003999963108,knee_caving_error
114.5767247573961,122.04701195277732,114.97059193302672,7.470287195381232,knee_caving_error
109.9603521145907,117.1550210638054,111.82081388514429,7.194668949214702,knee_caving_error
109.44307375726183,114.28489030081975,109.81159405027864,4.8418165435579255,knee_caving_error
107.99111880653993,112.78463322740012,107.05968896161477,4.793514420860191,knee_caving_error
107.35627278155384,114.93841449111895,104.38450213598237,7.582141709565107,knee_caving_error
105.94815773841327,112.00545026925671,101.3615759280507,6.057292530843441,knee_caving_error
107.09970755853477,113.77097449673003,99.68164124661442,6.671266938195259,knee_caving_error
100.8025274751048,108.13974002247173,96.49806457646697,7.337212547366931,knee_caving_error
100.90907748581853,106.83546437755217,97.15572017595638,5.926386891733642,knee_caving_error
101.00634323388047,99.38285067895299,97.08773808613914,1.6234925549274806,knee_caving_error
102.07566235959158,100.71539742035169,96.0558323529198,1.3602649392398831,knee_caving_error
101.74345016036321,102.91213383943989,96.60282629276155,1.168683679076679,knee_caving_error
99.55382035749729,103.51374162214563,95.23240062769726,3.9599212646483437,knee_caving_error
98.40151523405005,104.52322902308816,95.9612394862991,6.121713789038111,knee_caving_error
96.98240757718209,102.32854980659587,95.21303798961469,5.346142229413786,knee_caving_error
97.79932446379891,102.79228110996779,94.30970554953358,4.992956646168878,knee_caving_error
99.10921584202862,105.38494468277948,94.3876351526811,6.275728840750858,knee_caving_error
100.61730445753184,107.56198447539103,95.42387406918867,6.944680017859184,knee_caving_error
101.69743103221244,106.85663491740937,95.57574773831088,5.159203885196931,knee_caving_error
102.43186967526177,108.10720642331091,95.88670983705508,5.675336748049148,knee_caving_error
102.78916364860721,113.22254233367966,96.44178036055584,10.43337868507244,knee_caving_error
107.75649638284467,120.54570394175472,96.91467368559266,12.78920755891005,knee_caving_error
110.13144911138792,121.89237188587882,97.57571003728327,11.760922774490894,knee_caving_error
110.6115919678667,120.95366934867086,102.94649389863339,10.342077380804156,knee_caving_error
111.26258969087426,123.29722408608875,106.15460416579909,12.034634395214482,knee_caving_error
117.6553741234822,131.36954199868296,112.04365509303354,13.714167875200758,knee_caving_error
120.52010673291649,135.40270536626448,115.56844022748113,14.882598633347996,knee_caving_error
122.19781397551245,140.78647329285212,117.1626236240639,18.588659317339676,knee_caving_error
122.81431550877787,143.30760155229945,118.40865892870686,20.49328604352158,knee_caving_error
123.44510490247563,146.49800824230311,119.92367730323818,23.05290333982748,knee_caving_error
130.9918194693679,157.11001919950095,126.46951943108493,26.118199730133057,knee_caving_error
131.83939664880063,154.42931630622556,139.57944168691705,22.58991965742493,knee_caving_error
131.24535777833407,153.7613295062368,146.21831121085765,22.515971727902723,knee_caving_error
130.9971136139088,153.49430151989333,152.13427145551302,22.497187905984532,knee_caving_error
130.56981136246458,153.90815603196035,150.74852253808226,23.33834466949577,knee_caving_error
132.9606569597653,153.91383273561664,155.11198396692012,20.95317577585135,knee_caving_error
142.7866574273279,154.86911254974675,163.99082039896993,12.08245512241885,knee_caving_error
156.20292466374025,159.04864641567593,174.6771803522082,2.8457217519356846,knee_caving_error
161.914522250873,161.32311161743473,177.41130811595892,0.5914106334382723,knee_caving_error
163.00225542269038,161.38973464347964,178.14231777005452,1.6125207792107403,knee_caving_error
162.92284304111908,162.466554683879,178.65325609338015,0.45628835724008354,knee_caving_error
162.90430110795316,162.9861591198182,178.23347883007705,0.0818580118650516,knee_caving_error
162.26432817509914,162.8177776496526,179.0462163760379,0.5534494745534744,knee_caving_error
163.08347666133335,162.841342616754,179.7228291848323,0.24213404457935894,knee_caving_error
162.95210177429485,163.0619445505131,176.78367620112996,0.1098427762182439,knee_caving_error
162.8257234148311,164.18117794872867,175.7401252260581,1.3554545338975856,knee_caving_error
163.38019746248423,164.8155350782411,175.39434231005,1.435337615756879,knee_caving_error
163.66440935467915,165.35980034516183,175.1898028856447,1.6953909904826787,knee_caving_error
164.03784991596766,165.52375630879106,175.9495736579456,1.4859063928234093,knee_caving_error
163.72811859286972,165.42417130984907,175.11862206462115,1.6960527169793522,knee_caving_error
163.99535893509693,165.48747115970687,175.18658645323322,1.49211222460994,knee_caving_error
163.83385418516548,165.4475487149773,174.87529283067195,1.6136945298118235,knee_caving_error
163.5943644883994,165.2204490491972,174.96037866605317,1.626084560797807,knee_caving_error
163.58249597635339,164.90684084152628,174.32229547224745,1.3243448651728897,knee_caving_error
163.6667596401806,164.85054252435535,174.7983432093872,1.1837828841747466,knee_caving_error
163.4659145638676,164.54573155938914,175.20128103748468,1.0798169955215258,knee_caving_error
163.35173817821993,164.1968617496081,175.51308609997804,0.8451235713881715,knee_caving_error
163.0548903504408,163.57090352806176,175.90461929244577,0.5160131776209766,knee_caving_error
163.10220868977478,163.58536405179234,175.97840977922215,0.4831553620175555,knee_caving_error
163.1422948896878,163.59031622264297,175.91328555091042,0.44802133295516455,knee_caving_error
163.27198424371355,163.63322192476974,176.76270172044178,0.36123768105619547,knee_caving_error
163.19468710684865,163.78100332839546,178.12639248112822,0.5863162215468094,knee_caving_error
163.22591487277575,163.95830650831024,178.28693720989352,0.7323916355344977,knee_caving_error
163.65775267617144,164.41253105269794,178.15894940401037,0.7547783765265024,knee_caving_error
163.5736577502938,164.7332763784678,177.89859577402447,1.1596186281740017,knee_caving_error
163.46924481056297,164.60008282111113,177.8613975544181,1.1308380105481604,knee_caving_error
162.46209684988366,164.48017314628714,178.04714593129214,2.0180762964034784,knee_caving_error
160.0243060645727,163.2654569520834,177.00552186224272,3.241150887510713,knee_caving_error
159.4057679693095,162.4030417634507,176.5686936419295,2.9972737941411935,knee_caving_error
158.72064848673966,161.72440225837184,176.84016081174926,3.0037537716321765,knee_caving_error
158.54203967351475,161.2935942859569,175.51992691611585,2.7515546124421633,knee_caving_error
158.32553395166724,160.49295539191544,175.61475812088082,2.167421440248205,knee_caving_error
157.76977146549982,160.05083938406437,175.61277114518361,2.2810679185645597,knee_caving_error
156.0839806150762,159.57074054892277,177.27404682407524,3.486759933846571,knee_caving_error
135.77504249980936,151.09655941604177,158.53238661832356,15.321516916232412,knee_caving_error
132.36909840680246,146.7261430862422,150.15902656570566,14.357044679439724,knee_caving_error
129.20078936770264,146.00729258229723,142.52675650280364,16.806503214594585,knee_caving_error
131.4840973814338,147.24391122477684,145.11875968778543,15.75981384334304,knee_caving_error
131.03519042291938,146.41119603906526,140.99613900442932,15.376005616145875,knee_caving_error
132.29221912483553,149.71141977072753,138.6441050993954,17.419200645892005,knee_caving_error
133.99965054449015,151.25785401013428,138.31854765361652,17.25820346564413,knee_caving_error
121.8755507111812,137.62183450617556,130.94023633650397,15.746283794994355,knee_caving_error
114.53850922389356,122.07104490980825,127.65320946163348,7.532535685914695,knee_caving_error
109.43350156837779,114.00384185450046,125.07242873218479,4.570340286122672,knee_caving_error
108.7011358388431,110.91006508671595,124.44591934622746,2.2089292478728453,knee_caving_error
104.67923365301694,101.95183592091597,122.35389208276159,2.727397732100968,knee_caving_error
99.15596550667401,95.33449380764195,117.20432686195039,3.8214716990320596,knee_caving_error
97.96724930385797,89.70732517934024,113.42501598221257,8.259924124517724,knee_caving_error
96.27283897317815,90.82231765244372,109.68619797269967,5.450521320734438,knee_caving_error
94.48068690751705,86.07920411335498,108.35944281438078,8.401482794162078,knee_caving_error
87.57300023214842,82.37776095862756,100.94247244098432,5.195239273520855,knee_caving_error
90.7962666110308,88.08406632163458,102.23881098271703,2.712200289396222,knee_caving_error
89.60520151039596,88.0393505822288,99.07872692238593,1.5658509281671513,knee_caving_error
88.25674394480338,86.01631301191888,95.2384135426615,2.240430932884493,knee_caving_error
85.32013160533694,84.59963638660034,91.81111198672356,0.7204952187366018,knee_caving_error
83.33290817466356,84.35949929612097,90.7637886382493,1.0265911214574146,knee_caving_error
80.19924840613413,83.7587837574415,87.72232659258393,3.5595353513073746,knee_caving_error
79.02869056121614,83.25702038152473,85.2452673242525,4.228329820308588,knee_caving_error
77.01788259486578,84.0769260956666,83.21001603434367,7.059043500800811,knee_caving_error
76.45986229298367,85.56587231762673,79.9572959569013,9.106010024643055,knee_caving_error
76.69832492613628,85.77806275855944,78.15132037430365,9.079737832423163,knee_caving_error
76.08156252684104,86.2892419671868,80.82568038489148,10.207679440345757,knee_caving_error
74.46111281243478,86.13266642027035,80.64645205320464,11.671553607835577,knee_caving_error
71.70142975300534,84.99064484323257,82.04178019366132,13.28921509022723,knee_caving_error
76.78606812629815,88.51594966424464,86.70903694335168,11.729881537946497,knee_caving_error
81.91175667140486,92.70302706858048,93.22035590811275,10.791270397175623,knee_caving_error
86.87744020064015,95.04244285085804,97.61735028588357,8.165002650217886,knee_caving_error
92.13024632900232,98.02609451593717,101.37104784477123,5.895848186934856,knee_caving_error
93.97536583463227,99.67139989620941,104.2118443464067,5.696034061577137,knee_caving_error
100.4611943140911,114.14806634993082,107.51742913811889,13.686872035839713,knee_caving_error
105.60508476794462,116.98560086621771,107.96456496077556,11.380516098273091,knee_caving_error
110.89186887845719,126.62885408524463,110.6678615426965,15.736985206787438,knee_caving_error
120.87280907894788,130.92518375584265,123.89652866119422,10.052374676894772,knee_caving_error
125.74477048571512,133.91171319924348,127.78604260238481,8.166942713528357,knee_caving_error
129.41756984552833,134.92695896923152,134.18662949960842,5.509389123703187,knee_caving_error
130.421709562872,137.96677407852786,137.86267176258232,7.545064515655866,knee_caving_error
132.26223464406894,145.26874092567903,143.39962394356604,13.006506281610086,knee_caving_error
138.00021106051088,152.9276869826301,149.98224744727142,14.927475922119214,knee_caving_error
141.92894847597645,158.8473393110835,156.31714299384794,16.918390835107033,knee_caving_error
152.9464619464624,161.15293802332155,172.98130589432543,8.206476076859161,knee_caving_error
151.2177827161653,158.78693730289413,176.09572263402578,7.569154586728843,knee_caving_error
152.57828331311495,158.98741476844404,177.89813596789736,6.409131455329089,knee_caving_error
154.68947598115082,161.2167893965928,178.1093034518668,6.5273134154419665,knee_caving_error
155.1634918554505,161.0846770794355,179.63116278131628,5.921185223984992,knee_caving_error
156.3380003205842,161.67461660045248,179.28325656184717,5.336616279868281,knee_caving_error
157.7157127246349,162.08481119946808,177.632864016665,4.36909847483318,knee_caving_error
157.7943383613611,162.29326937129508,175.6781227852519,4.498931009933983,knee_caving_error
160.31056838871885,162.56521924536517,175.48484041840743,2.2546508566463217,knee_caving_error
161.173386356873,163.32077107572889,175.94776744669645,2.147384718855875,knee_caving_error
160.82619557307393,163.6525870978785,176.17232634984924,2.8263915248045635,knee_caving_error
161.3034121327585,163.33548159719805,176.29173127597687,2.0320694644395587,knee_caving_error
162.1413090444382,163.46619944291416,176.3630046854152,1.324890398475958,knee_caving_error
161.9058249554445,163.71756248492616,177.80963001189747,1.8117375294816611,knee_caving_error
162.96872322527548,163.71990150268755,171.8016146814555,0.7511782774120661,knee_caving_error
163.02421779034094,163.70124625534228,171.408095608053,0.6770284650013423,knee_caving_error
163.43066668475015,163.51710010622287,171.16757628833008,0.08643342147271937,knee_caving_error
163.20645285918795,163.56844055357746,171.145166042036,0.36198769438951217,knee_caving_error
163.23846220782752,163.6749850260236,171.91526659430275,0.4365228181960674,knee_caving_error
163.6114950750087,163.80386940602995,171.54035271970793,0.19237433102125578,knee_caving_error
163.92405104196402,164.0163065806703,171.9305315759477,0.09225553870626868,knee_caving_error
163.96974790850598,164.03115197245614,173.08747051504824,0.061404063950163845,knee_caving_error
163.87563406379527,163.9494046821061,173.27386856987107,0.07377061831081733,knee_caving_error
163.42186683786628,164.3882244265885,174.9723267246355,0.966357588722218,knee_caving_error
164.08282414834216,164.300586201928,175.64278285018193,0.21776205358585798,knee_caving_error
163.97945894342067,164.28054672796668,176.11136760044138,0.3010877845460129,knee_caving_error
163.84158705768627,164.22396941216704,176.57703426449675,0.38238235448076807,knee_caving_error
163.79960742077708,164.33531961561735,177.85205794046385,0.5357121948402721,knee_caving_error
163.58033182933846,164.28683517182796,177.88318396341572,0.7065033424894978,knee_caving_error
163.8030358531481,164.86992923123302,177.82818833418548,1.0668933780849272,knee_caving_error
163.4456577110384,165.2660830594021,175.9460253471845,1.820425348363699,knee_caving_error
163.64053926285817,165.98619257603903,175.35161197730307,2.3456533131808612,knee_caving_error
162.99339436917077,166.39720597293802,176.3083243223736,3.4038116037672523,knee_caving_error
162.45455352675586,166.14211772243527,176.4387030319468,3.687564195679414,knee_caving_error
159.1028962604425,164.03939804936365,176.44466294646253,4.936501788921163,knee_caving_error
157.42562361689855,162.78429175328327,179.26598406971394,5.358668136384722,knee_caving_error
156.28060857401087,161.6142766676062,178.25458873488228,5.333668093595321,knee_caving_error
149.25796570516718,159.9654528558289,174.16166637399098,10.707487150661706,knee_caving_error
139.63195091363033,157.18429669182726,165.8967542824291,17.552345778196923,knee_caving_error
126.47960737162211,152.5961090048442,145.47979603763707,26.1165016332221,knee_caving_error
126.08085704109315,150.3480519681622,140.1268320236327,24.267194927069042,knee_caving_error
121.30852835714185,146.61747654294726,135.48506755680546,25.308948185805406,knee_caving_error
116.17725034948464,140.2391596109047,132.73608868104188,24.061909261420055,knee_caving_error
120.04512032455938,141.38487963519214,134.91250092803384,21.339759310632758,knee_caving_error
118.665053226639,131.81346393277113,132.5947385684753,13.148410706132125,knee_caving_error
116.17526902008377,125.67793908901689,123.86501926954978,9.502670068933114,knee_caving_error
110.14516574878247,111.27821496970512,119.38270089079352,1.1330492209226435,knee_caving_error
108.60327522375269,110.46443240933439,117.61723085093158,1.8611571855817033,knee_caving_error
107.95524148441326,109.34030510967698,115.97424876768775,1.3850636252637116,knee_caving_error
104.56163454950568,108.89374914940561,109.48850355559664,4.332114599899924,knee_caving_error
103.7770708865096,111.96633307565367,107.08569946875566,8.18926218914406,knee_caving_error
100.92018145491522,107.38293563455069,105.10890714024065,6.462754179635468,knee_caving_error
100.04356297188099,102.46385362475058,105.05970799369729,2.420290652869596,knee_caving_error
98.33640503025471,100.9670520119358,102.15475989566261,2.630646981681096,knee_caving_error
99.32782782742804,102.38138475749328,103.1706703732954,3.053556930065241,knee_caving_error
98.66454393597625,102.59102879578498,103.91803867911786,3.926484859808724,knee_caving_error
96.58534831791033,100.76682725473457,104.22628001703465,4.181478936824234,knee_caving_error
89.53718590543042,92.80239584698441,99.63345708827767,3.265209941553991,knee_caving_error
92.15311491595006,95.63395897291848,99.34927692051626,3.4808440569684223,knee_caving_error
91.37356420267064,95.8520137287713,97.76927329549781,4.478449526100661,knee_caving_error
91.74003095211516,95.91979825514376,97.90537316577723,4.179767303028598,knee_caving_error
90.96698338737149,96.94121802716695,96.15353065582127,5.974234639795469,knee_caving_error
92.1607461849298,100.88615214017477,97.23876810449124,8.725405955244966,knee_caving_error
93.04476873486209,103.56132474137951,97.87744337906737,10.516556006517419,knee_caving_error
93.63982355760974,103.91628776829319,98.11501782697601,10.276464210683443,knee_caving_error
96.19980149228601,107.05206268293188,99.48706650075208,10.852261190645862,knee_caving_error
99.68962326640404,110.35377348389984,101.86207823509947,10.664150217495802,knee_caving_error
101.20253276891293,111.75083937730874,104.14859514960055,10.548306608395805,knee_caving_error
107.23190609496653,116.62936293414784,108.48753182982688,9.397456839181302,knee_caving_error
113.31598647041967,126.33646615944843,112.75866616197783,13.020479689028761,knee_caving_error
116.39211215712334,128.0247314093453,117.21443577654608,11.632619252221957,knee_caving_error
119.18178572502981,129.21903401472537,118.6559865821718,10.037248289695555,knee_caving_error
123.43513904149718,133.63316913969786,121.9718398256328,10.198030098200675,knee_caving_error
125.50671638848803,137.460533913081,123.8771329538319,11.953817524592978,knee_caving_error
127.66559391380115,139.30336877245426,127.10103893176391,11.637774858653117,knee_caving_error
137.6533126846222,152.89888662055802,143.40505151312092,15.245573935935823,knee_caving_error
140.9740553330694,158.17241914987486,148.58383818377533,17.198363816805454,knee_caving_error
146.20692958160336,158.44611824423143,159.4142895912324,12.239188662628067,knee_caving_error
144.01394726658896,157.21193945383465,162.62773156990002,13.197992187245688,knee_caving_error
145.61072564082758,156.37628889026334,167.34056091716158,10.765563249435758,knee_caving_error
150.97244561922972,157.30024278655208,175.48639389224667,6.327797167322359,knee_caving_error
152.19047919342657,157.52894231402183,177.7609090338634,5.338463120595264,knee_caving_error
156.0344442942016,159.85679112644627,178.32720484904556,3.8223468322446763,knee_caving_error
158.5157342935965,160.86402760643006,177.39824224286798,2.3482933128335617,knee_caving_error
158.3981657242735,160.3569289336833,177.21706911236024,1.9587632094097955,knee_caving_error
156.6011200488841,159.4263517096467,177.34685676197387,2.825231660762597,knee_caving_error
153.8361503674548,158.01468987709674,177.6558163182647,4.178539509641951,knee_caving_error
155.71679021801677,158.70822012024124,176.7168266013593,2.9914299022244677,knee_caving_error
156.03251639699968,159.14638474087673,175.8927167957902,3.1138683438770443,knee_caving_error
157.48771176977226,159.67922204958148,175.625967813154,2.191510279809222,knee_caving_error
158.47385235578824,163.17390065288188,175.81801181480952,4.700048297093645,knee_caving_error
160.00557286464945,164.19348179731085,175.39200318549038,4.187908932661401,knee_caving_error
160.84216571783338,165.1887453185002,175.84161766502768,4.346579600666814,knee_caving_error
161.31925117665983,165.19197927498323,177.0017606556624,3.8727280983233925,knee_caving_error
162.40101390771667,164.71495092987277,177.0635659374893,2.3139370221560966,knee_caving_error
163.61974458014373,164.87079582657702,174.51378713393862,1.251051246433292,knee_caving_error
164.14815806668508,164.69674508426525,173.9510207075066,0.5485870175801608,knee_caving_error
164.5963936665302,164.55256739539203,173.83259427242885,0.04382627113815829,knee_caving_error
164.7372071622133,164.32431604455581,174.7385531116986,0.41289111765749453,knee_caving_error
164.2474746580399,164.3262837388257,174.62777981311368,0.07880908078581683,knee_caving_error
164.20468445423916,164.37401295920216,174.52334622576592,0.1693285049630049,knee_caving_error
164.2251919583681,164.44516708982474,174.46346080111593,0.2199751314566356,knee_caving_error
164.08228211722178,164.4853440071876,174.44405233489755,0.40306188996581227,knee_caving_error
164.67032714534173,164.46969820140532,173.93997964116213,0.20062894393640818,knee_caving_error
164.76064767338562,164.0284391000509,173.65255548822466,0.7322085733347308,knee_caving_error
164.42731463901433,164.34010823926909,173.25337629187138,0.08720639974524147,knee_caving_error
164.2878312777712,164.15925809460418,173.66199976050282,0.1285731831670205,knee_caving_error
163.69475912823532,164.01279685944795,173.90091621351948,0.3180377312126268,knee_caving_error
163.72860147579522,164.0774679411474,174.64639291914492,0.348866465352188,knee_caving_error
163.49455212308476,164.24164085988798,176.08671565736103,0.7470887368032209,knee_caving_error
163.17398200408496,164.28319592600354,175.4330151208251,1.109213921918581,knee_caving_error
163.08315299513887,164.22758528131203,175.86883815461633,1.1444322861731564,knee_caving_error
162.79550885136098,164.06802830736018,177.10071564224558,1.272519455999202,knee_caving_error
162.8261236669248,164.78144540205935,177.22851229312815,1.9553217351345609,knee_caving_error
162.8251768668506,164.88810367109366,177.34010111855622,2.0629268042430624,knee_caving_error
162.7239164069196,164.44462533784943,177.31662090586676,1.720708930929817,knee_caving_error
162.28859392659248,164.31011858610867,176.86150542090317,2.0215246595161886,knee_caving_error
161.85648672857963,164.07734183649657,176.87786061001222,2.2208551079169467,knee_caving_error
161.98008358440566,164.2843048349079,176.72920490416286,2.304221250502252,knee_caving_error
162.12148530439927,164.24868830254684,176.57649248559935,2.127202998147567,knee_caving_error
161.92275505719329,164.37169146222388,176.47779731092123,2.4489364050305937,knee_caving_error
161.49502906490451,164.2926804488955,176.4710021243651,2.7976513839909956,knee_caving_error
161.4743081830441,164.5098444522968,176.31435318345078,3.0355362692527024,knee_caving_error
161.4872136654745,164.7038577381525,176.24657169036232,3.2166440726779797,knee_caving_error
161.5777514276827,164.814584281665,176.2807065499157,3.2368328539822926,knee_caving_error
161.58813019339766,164.87220388688266,176.09217775604355,3.2840736934849986,knee_caving_error
161.79671327370548,165.0271804783191,175.87899440390254,3.230467204613632,knee_caving_error
161.97119639946646,165.09041508198214,175.64488742542778,3.1192186825156796,knee_caving_error
162.25015198951155,165.11190960023697,175.5452910823976,2.8617576107254195,knee_caving_error
162.18561757316184,165.0816078723356,175.55608603750633,2.895990299173775,knee_caving_error
162.29255045658502,165.19068909459168,175.56702054155141,2.8981386380066567,knee_caving_error
162.3365506305202,165.282159363713,175.5332834212491,2.9456087331927847,knee_caving_error
162.3687982553988,165.41568543412896,175.30329175514237,3.0468871787301737,knee_caving_error
162.3807032562229,165.2895812016713,175.35827980066614,2.9088779454484097,knee_caving_error
162.42365267487133,165.4188951022465,175.04483675255145,2.9952424273751603,knee_caving_error
162.4660847851924,165.50655260692608,174.98546992081913,3.040467821733671,knee_caving_error
162.33016496527358,165.30423427353804,175.07626173192602,2.974069308264461,knee_caving_error
162.19419590557195,164.43021301634747,175.139045952825,2.2360171107755207,knee_caving_error
160.9386438268218,162.60102516096097,176.86937333603564,1.6623813341391838,knee_caving_error
160.44302575800447,162.04035954997443,176.80793089682064,1.5973337919699588,knee_caving_error
160.12469827997487,161.70095028284462,176.67594281450522,1.5762520028697509,knee_caving_error
159.86765057656223,161.4188996231617,175.53990059537398,1.5512490465994802,knee_caving_error
150.38711107598863,160.58990453592023,169.68933516261058,10.202793459931598,knee_caving_error
147.00510302305838,159.63054619787806,165.18639139766617,12.62544317481968,knee_caving_error
140.75053344020566,158.52031775238183,160.95303524137648,17.76978431217617,knee_caving_error
132.8033303700814,156.66287231231905,153.30929145114797,23.859541942237655,knee_caving_error
129.44798431691638,154.36671390818955,148.4296124085154,24.918729591273177,knee_caving_error
123.613093866224,150.26288583389646,143.9661233095393,26.649791967672456,knee_caving_error
125.45079724115776,149.95033084055896,142.09575747457185,24.499533599401204,knee_caving_error
117.87832037425848,133.09747087661117,128.28808593049484,15.21915050235269,knee_caving_error
117.27179571176963,133.32845507032994,124.7350694926001,16.05665935856031,knee_caving_error
115.78965408479785,130.8439974787592,123.3702400712324,15.05434339396136,knee_caving_error
116.18034504593155,127.90493100394886,120.7014998863315,11.724585958017315,knee_caving_error
111.87868961212197,122.14640590701929,119.04706917902544,10.267716294897312,knee_caving_error
109.20163142142947,114.87044618650387,118.31412128959228,5.668814765074401,knee_caving_error
107.97875469251653,117.78341356608254,115.62337954929109,9.804658873566012,knee_caving_error
102.19809836216362,103.28851260611407,106.324443494767,1.0904142439504483,knee_caving_error
95.81163136545366,100.848060629553,101.51583223919638,5.03642926409934,knee_caving_error
92.89874509139715,100.45341856992162,96.54171601662944,7.554673478524478,knee_caving_error
90.83429849959475,98.3573519377985,97.14214026540648,7.523053438203746,knee_caving_error
91.74426758357878,99.32263425576473,97.06897324391713,7.57836667218595,knee_caving_error
93.04901402615992,101.88073952732947,97.30835708620363,8.831725501169544,knee_caving_error
90.93857799508086,98.84835267333867,94.94463206239854,7.909774678257804,knee_caving_error
88.0752580154628,96.67377512371779,91.19678892459426,8.598517108254995,knee_caving_error
89.64157955779126,97.5450807222797,89.36608884466929,7.903501164488446,knee_caving_error
86.6715430690226,96.39603307700662,87.73155770763326,9.724490007984016,knee_caving_error
86.46774418531282,96.23706210568508,88.04750538299274,9.76931792037226,knee_caving_error
88.32602997838535,97.1406152178026,89.14056959083614,8.814585239417255,knee_caving_error
88.65133246234507,96.87875771523234,86.96695653918647,8.227425252887272,knee_caving_error
88.51991999335391,98.55254148985249,87.68901616458626,10.032621496498578,knee_caving_error
88.65895535736038,97.90224577547941,87.67747536603338,9.243290418119031,knee_caving_error
92.05088931292592,106.59138111684142,93.08592694475836,14.5404918039155,knee_caving_error
95.68229923869814,106.84432983462919,94.31970292721,11.162030595931057,knee_caving_error
101.23642551890858,117.16479902455387,97.44198323148746,15.928373505645297,knee_caving_error
104.82332438304367,119.15382450974768,100.9058326060932,14.33050012670401,knee_caving_error
107.32038349216141,121.311007444795,107.37305606802792,13.990623952633584,knee_caving_error
108.86284269699904,121.39183241601803,110.08378926446056,12.528989719018995,knee_caving_error
111.00874929430967,124.58415428182852,111.17207038155287,13.575404987518851,knee_caving_error
113.4588350836534,126.29025895620265,112.12140324540314,12.831423872549252,knee_caving_error
115.73997712409745,129.47472748405875,114.40900170869403,13.734750359961296,knee_caving_error
124.48885173264321,143.7232869345591,123.63832751246414,19.234435201915886,knee_caving_error
125.98108245815698,140.2705485357843,129.7762311549256,14.28946607762731,knee_caving_error
128.79353820051304,145.93817181822692,131.7041683908907,17.14463361771388,knee_caving_error
129.15418267361997,144.26123069480883,132.30264476567538,15.10704802118886,knee_caving_error
130.15408967639908,147.0776446170026,134.20696680445846,16.92355494060351,knee_caving_error
135.3281835283363,154.33229217113634,148.36080924071842,19.00410864280005,knee_caving_error
143.2287178837429,157.7230075186717,156.77302052266256,14.494289634928805,knee_caving_error
147.47121246579755,156.72042966781623,168.18449808482168,9.249217202018684,knee_caving_error
151.14061336327333,157.744187870179,174.99439138150433,6.603574506905659,knee_caving_error
152.387665472406,158.73609526547102,175.7590962155291,6.348429793065009,knee_caving_error
154.18705354849016,159.7135554699602,177.73522370774208,5.526501921470043,knee_caving_error
158.53926082110203,161.87904218026762,178.78469485663916,3.3397813591655847,knee_caving_error
160.85837954293362,163.40050073932238,178.9263922722587,2.542121196388763,knee_caving_error
161.25556234781504,163.22590711323238,178.66706848172447,1.9703447654173374,knee_caving_error
161.98362597952774,162.92545513772762,178.5346098810069,0.9418291581998801,knee_caving_error
162.08743553227433,163.1611059909273,178.87913728617957,1.0736704586529697,knee_caving_error
162.38360102597562,163.23089960574848,178.9273854847966,0.847298579772854,knee_caving_error
162.27735751820376,163.5866196044708,179.8276083078562,1.30926208626704,knee_caving_error
162.9214318022282,163.55865810680103,179.4992997397509,0.6372263045728346,knee_caving_error
163.06444009300247,164.29059233554253,179.22357766399887,1.2261522425400528,knee_caving_error
162.43493103819537,164.72038158095899,178.67825267186507,2.2854505427636127,knee_caving_error
163.36412791650883,164.272713813659,177.40869443237628,0.908585897150175,knee_caving_error
163.7449222418953,164.23035304557757,177.16004901464115,0.4854308036822772,knee_caving_error
163.74421323097326,164.21856561216356,176.2860438166078,0.4743523811903003,knee_caving_error
164.03454186664356,164.1445020014152,175.42624622540495,0.10996013477162592,knee_caving_error
163.8902798511298,164.20013260472157,175.20588336245322,0.30985275359176967,knee_caving_error
163.595149475335,164.26860867789966,175.15878950038385,0.6734592025646577,knee_caving_error
163.96559675756058,164.35169625421094,175.0443921313583,0.3860994966503597,knee_caving_error
164.27630873721992,164.42151160332236,175.71653685939458,0.14520286610243716,knee_caving_error
164.4780333125977,164.73778687559448,176.50127374058366,0.2597535629967922,knee_caving_error
164.3244600608305,164.68150418188233,176.14911507979159,0.35704412105184247,knee_caving_error
164.11148295257232,164.56872009220618,175.94627568306424,0.45723713963386103,knee_caving_error
164.03193797371205,164.50293710298004,177.50495644703773,0.4709991292679945,knee_caving_error
163.82044229040838,164.43487091184576,177.59644064660793,0.6144286214373835,knee_caving_error
163.83267169587234,164.66369951081884,177.228875132337,0.8310278149465091,knee_caving_error
163.4674497487511,163.8632989812621,175.43317316589176,0.39584923251098303,knee_caving_error
161.07162356989133,162.74567557449598,174.64633516391595,1.674052004604647,knee_caving_error
159.5390298096753,161.9188823481887,174.681420883144,2.379852538513404,knee_caving_error
159.22673556484534,161.79089514493631,174.3536228781366,2.5641595800909727,knee_caving_error
158.60421336898403,161.412477023202,173.66109169709765,2.808263654217967,knee_caving_error
157.57065169545172,161.1260026901042,175.32191944837956,3.5553509946524855,knee_caving_error
154.79058714460677,159.799211300077,176.0058422468312,5.0086241554702156,knee_caving_error
150.9868464918098,158.28432773824852,174.51039729898386,7.297481246438707,knee_caving_error
136.32703654644448,151.27347762321708,161.4240174202244,14.9464410767726,knee_caving_error
130.92451190169086,148.17674230105172,152.4306407661266,17.252230399360855,knee_caving_error
134.12227182514178,147.22065899567323,153.1091887945436,13.098387170531453,knee_caving_error
125.08396516447334,144.8074676955589,145.50957390610637,19.723502531085558,knee_caving_error
130.7878615288554,145.8034262924543,147.36358739923566,15.015564763598917,knee_caving_error
125.65093693269164,144.05915188921432,141.05924925160895,18.408214956522684,knee_caving_error
121.33010056032414,146.01998329234632,137.39637384871924,24.689882732022184,knee_caving_error
118.70361566599026,135.74338795485374,130.18171787778607,17.03977228886349,knee_caving_error
115.24897291741254,129.60236125914741,127.06326650676465,14.35338834173487,knee_caving_error
113.96475740737799,123.95264769834738,127.31546695144807,9.98789029096939,knee_caving_error
113.97699034690922,121.91833129601493,126.87645487793067,7.941340949105708,knee_caving_error
111.18908123565853,120.81534306493873,122.1948500735971,9.626261829280196,knee_caving_error
107.05458091717387,117.10598840369687,115.46183980015465,10.051407486523004,knee_caving_error
103.52607360870545,114.62371957646396,111.44766313528066,11.09764596775851,knee_caving_error
102.01549015828176,108.52617873072005,108.80829940202116,6.5106885724382835,knee_caving_error
103.03300452138606,110.59099064038577,107.39856461168276,7.5579861189997075,knee_caving_error
100.24662256820055,109.58140327632887,103.15990207252666,9.33478070812832,knee_caving_error
101.23682106549053,111.15048509676687,102.63646721545864,9.91366403127634,knee_caving_error
98.3360594523762,106.95124022808244,100.64403130226064,8.615180775706236,knee_caving_error
98.18369107498951,107.5778822758272,102.60573130490022,9.394191200837696,knee_caving_error
98.93076576798593,109.9653465884327,104.4047302182286,11.034580820446763,knee_caving_error
98.09241100580714,110.94774516943984,104.25096229227593,12.855334163632705,knee_caving_error
99.26164748497061,113.75208296254736,104.98242551253445,14.490435477576753,knee_caving_error
102.77022160159906,120.69848063082523,105.5669687752065,17.92825902922617,knee_caving_error
104.93618618889779,121.88242351278065,107.84760672455097,16.946237323882855,knee_caving_error
104.94717570442438,121.17959555550351,110.13256709629151,16.23241985107913,knee_caving_error
107.05615623930598,123.81088116367023,110.53268924345957,16.754724924364254,knee_caving_error
111.24329657568154,123.79913433733708,112.87526322843398,12.555837761655539,knee_caving_error
113.83666090474492,125.73507813354767,118.86956943967004,11.898417228802757,knee_caving_error
117.87725883778883,128.9561563995938,125.56839204523723,11.078897561804965,knee_caving_error
121.2269317468307,139.61656814557793,128.83040808321263,18.38963639874723,knee_caving_error
124.0687698246728,142.92091243586125,133.9161082304575,18.852142611188455,knee_caving_error
124.07621681430898,140.14287245129984,136.01032973316202,16.06665563699086,knee_caving_error
126.71062660358693,143.40040371973927,136.1391492389552,16.689777116152342,knee_caving_error
127.39587742749754,142.0930787196594,136.90933743951982,14.69720129216185,knee_caving_error
128.7319893987895,141.0379361408099,140.80240194750561,12.30594674202041,knee_caving_error
130.81116140065203,147.40519128001316,143.54296674999202,16.59402987936113,knee_caving_error
138.18471034721998,155.1474726327997,152.8394719816069,16.962762285579714,knee_caving_error
142.13182048948184,156.77284100620255,158.72870309808383,14.641020516720715,knee_caving_error
142.45246632509236,155.66113632999685,164.47880432540376,13.20867000490449,knee_caving_error
141.2927445192998,154.85163363413562,164.48342526911253,13.558889114835836,knee_caving_error
140.6523436839982,154.32160417761318,166.31323911258008,13.669260493614985,knee_caving_error
147.13848749496938,155.81990957232728,174.5390927461742,8.681422077357894,knee_caving_error
147.87349611231537,156.1124559836512,175.77477928554958,8.238959871335823,knee_caving_error
148.754303657311,156.2102752705005,176.40757670310413,7.45597161318949,knee_caving_error
155.81255428689659,157.0910961261352,174.62511419412422,1.2785418392386134,knee_caving_error
158.62155496685352,158.48446156528757,172.16656899851702,0.13709340156594862,knee_caving_error
157.53071456586284,158.43262452573987,171.74332839285444,0.901909959877031,knee_caving_error
158.61025589770054,159.05060186862016,171.75679665357833,0.4403459709196227,knee_caving_error
159.13822686237305,159.69322375094745,172.43855794952466,0.5549968885744079,knee_caving_error
158.10046919783426,159.81058064931636,173.29120117798837,1.7101114514821063,knee_caving_error
158.69223055421017,163.0025639690623,175.44417578372932,4.310333414852124,knee_caving_error
159.2538618919673,164.39403089086642,177.23220009742477,5.140168998899128,knee_caving_error
159.58406169209175,165.0648609693248,177.7241338135535,5.4807992772330465,knee_caving_error
160.2445032106585,164.9437298016267,176.35213093367128,4.6992265909681805,knee_caving_error
161.89308910099922,164.65867781211375,175.43166606133943,2.765588711114532,knee_caving_error
163.24366448003855,164.0761993957883,174.89072097465478,0.8325349157497612,knee_caving_error
164.21362078146925,164.13159594764363,174.60249358211783,0.08202483382561354,knee_caving_error
163.80672439228888,164.15286024052065,174.1099859303054,0.3461358482317678,knee_caving_error
163.5364320229005,163.6542218127104,174.64849763063825,0.11778978980990473,knee_caving_error
163.79619879192765,163.64533660820297,174.7857161527293,0.15086218372468352,knee_caving_error
164.089984434825,164.23809649845927,174.7497450233836,0.14811206363427232,knee_caving_error
163.87304475572208,164.2381273255814,175.26530288183693,0.365082569859311,knee_caving_error
164.20418250118945,164.32955435906456,176.95501158967164,0.12537185787510907,knee_caving_error
164.47716066900182,164.3506973923299,177.07358131474203,0.12646327667192736,knee_caving_error
164.26469145375205,164.70298504736846,178.01684074799516,0.4382935936164074,knee_caving_error
163.99806203020484,165.0028533807274,177.90946007478811,1.0047913505225665,knee_caving_error
158.72254273280257,164.2305424529333,178.45515504143876,5.5079997201307265,knee_caving_error
157.891269968501,163.3482134014105,176.82174414122582,5.4569434329094975,knee_caving_error
157.9657344043065,163.180155991407,176.1188653938387,5.214421587100503,knee_caving_error
155.11862138362562,162.38788548624967,177.0482877685469,7.269264102624049,knee_caving_error
155.49557931050722,162.2021343759737,176.81202888249663,6.706555065466489,knee_caving_error
155.14138403970034,161.90724759588332,177.2427584542693,6.765863556182978,knee_caving_error
154.38366541027884,161.69404794365832,175.16438446981044,7.310382533379482,knee_caving_error
135.6989783955508,156.54827183615603,154.38338396912158,20.849293440605237,knee_caving_error
128.10629929340712,149.99830007710435,142.0546724967777,21.892000783697227,knee_caving_error
125.64653889710257,151.0534047197494,136.66144711515025,25.406865822646836,knee_caving_error
123.60648233207752,150.58477295361476,131.48868429229015,26.97829062153724,knee_caving_error
115.00782081797455,138.2114259645512,124.67468171278367,23.203605146576663,knee_caving_error
113.45414450648919,133.8124313702127,124.29763391826981,20.358286863723507,knee_caving_error
110.74239532627418,129.06879596272626,120.43653229894772,18.326400636452078,knee_caving_error
114.54813230887197,129.55592356804777,121.61500395697601,15.007791259175804,knee_caving_error
111.22779454471642,121.57109324766546,120.69838435182507,10.343298702949042,knee_caving_error
99.77087804566199,107.77772861254164,107.52812516630492,8.006850566879649,knee_caving_error
94.58833784601867,107.77878364847209,105.92045865517868,13.19044580245341,knee_caving_error
93.80282163480102,106.02618942061919,105.02895709047178,12.22336778581817,knee_caving_error
94.58856940081317,107.45907316750424,104.52787237278162,12.870503766691073,knee_caving_error
87.63675365186165,98.11821007500208,97.4067824174405,10.481456423140429,knee_caving_error
87.14685322787442,94.15741859141674,95.13465268797339,7.010565363542327,knee_caving_error
83.89337723911646,92.19333352589553,89.93207940669653,8.299956286779064,knee_caving_error
83.14717572635294,92.5314389395912,88.49262950572968,9.384263213238256,knee_caving_error
83.17643101209171,91.09769968478352,85.75099810047391,7.921268672691809,knee_caving_error
84.11741064168011,90.22567203427111,85.59266530271857,6.108261392591004,knee_caving_error
86.15612310137146,93.23310277363215,87.10444486194812,7.076979672260691,knee_caving_error
90.10467644481957,99.2118111268604,85.23475714752861,9.107134682040822,knee_caving_error
92.46740955524166,102.96708753170351,83.91369156890832,10.499677976461854,knee_caving_error
92.19668684882818,102.95049630966719,79.13506670681981,10.753809460839008,knee_caving_error
94.38650998873293,105.05961500107837,81.80410289512803,10.673105012345445,knee_caving_error
95.19680028132458,107.03346889179333,82.94665518173498,11.836668610468749,knee_caving_error
97.04329505838415,107.80405266048447,85.18671359078267,10.760757602100327,knee_caving_error
99.42502037935346,113.7716886408533,88.87586319305038,14.346668261499843,knee_caving_error
102.48137987902362,116.99222889985806,92.07589864455372,14.510849020834442,knee_caving_error
114.2051271533703,131.13427071620416,110.19663723104199,16.929143562833858,knee_caving_error
117.97824705079016,133.28543570323484,117.10962131896078,15.30718865244468,knee_caving_error
122.51919838470691,138.25364799992732,124.50524718611146,15.734449615220413,knee_caving_error
124.74602284056984,143.1062342462274,125.63798978727891,18.36021140565755,knee_caving_error
130.12452573378476,149.3076811489897,128.1931131086951,19.183155415204936,knee_caving_error
131.01976398264196,153.72121602156267,131.33129908922317,22.701452038920706,knee_caving_error
141.09919784068614,157.23350141592005,153.69497784908427,16.1343035752339,knee_caving_error
144.88686279668767,158.08865529214384,161.47444377187415,13.201792495456175,knee_caving_error
145.4046266153099,154.63490669831296,169.9663717414189,9.230280083003066,knee_caving_error
147.16769529753628,154.80905913116558,178.3397788032725,7.641363833629299,knee_caving_error
149.22501446352803,155.56749973599133,178.22962903448834,6.342485272463307,knee_caving_error
151.57629633101638,156.85562649743528,177.38331069788904,5.279330166418902,knee_caving_error
153.51244218773937,158.64749651640315,175.68969921424053,5.135054328663784,knee_caving_error
155.41498589497718,160.05540952859815,176.29735230078128,4.640423633620969,knee_caving_error
157.30022939351676,160.71085212350783,176.47818513619654,3.4106227299910756,knee_caving_error
159.81796839714784,161.59268603502764,177.1130313561639,1.774717637879803,knee_caving_error
159.03888882971376,161.45977267046246,177.64855345994485,2.4208838407487008,knee_caving_error
159.113439190819,160.9723379798557,177.8107264065132,1.8588987890366866,knee_caving_error
161.34556281707208,161.89071140207372,177.8589937036831,0.5451485850016411,knee_caving_error
162.69831723994758,164.40929758326013,178.10064904259087,1.7109803433125421,knee_caving_error
163.0441093348419,165.53322532073662,178.1716905757142,2.4891159858947276,knee_caving_error
163.3620632151633,165.87792661051296,175.76318086866374,2.515863395349669,knee_caving_error
163.71313302259585,165.94002945947844,175.6896489959475,2.2268964368825834,knee_caving_error
163.41518847893826,165.8736087038787,175.28900031308382,2.4584202249404257,knee_caving_error
163.20644348196979,165.63730767117508,174.78810689005184,2.4308641892052947,knee_caving_error
162.87711994888267,165.14658299219138,174.7916435815484,2.2694630433087184,knee_caving_error
162.86628930766372,165.0462297718174,174.2096900179875,2.179940464153674,knee_caving_error
162.99604820716579,164.98056761750917,173.83048349772523,1.9845194103433812,knee_caving_error
163.16836083252318,164.89390756905763,174.44931094796897,1.7255467365344543,knee_caving_error
163.1813550729959,164.66135997476243,175.6028958397027,1.4800049017665344,knee_caving_error
163.58300004518725,164.5295119257725,175.8261088625501,0.9465118805852626,knee_caving_error
163.5563241551347,164.5243737083513,175.3442807423914,0.9680495532166162,knee_caving_error
163.7890275378377,164.75103217650735,175.6803795157241,0.9620046386696401,knee_caving_error
163.92981709331093,164.86831864916257,175.9930361303797,0.9385015558516443,knee_caving_error
163.94317938214436,164.84569674254138,176.40912053792317,0.9025173603970131,knee_caving_error
163.68619173651328,164.69750691827636,176.45593398521177,1.0113151817630808,knee_caving_error
163.62961467106066,164.6066230291471,176.23447449540922,0.9770083580864366,knee_caving_error
163.56447808121519,164.55380311810956,176.18061565758492,0.9893250368943711,knee_caving_error
163.56422724744306,164.4188291635047,176.07139167651863,0.8546019160616538,knee_caving_error
163.45661624339624,164.47003656124082,175.9767739314894,1.0134203178445773,knee_caving_error
163.5738700572386,164.6079601179704,175.68030374837795,1.0340900607318133,knee_caving_error
163.429471898451,164.51050925074486,175.5500217719866,1.0810373522938619,knee_caving_error
163.438080365662,164.5156577086491,175.29031254519816,1.077577342987098,knee_caving_error
163.3522838301906,164.00073587240888,175.2791823107363,0.6484520422182811,knee_caving_error
163.47239110206831,164.2010373747952,175.2374985651296,0.728646272726877,knee_caving_error
163.4981645210328,164.23191405903142,174.9351358556357,0.7337495379986194,knee_caving_error
163.55372144865382,164.0132017592639,174.7919251862931,0.45948031061007555,knee_caving_error
163.58310302265676,163.9805653328468,174.97941695450712,0.3974623101900363,knee_caving_error
163.57052553162572,164.1300363560423,175.7075473109587,0.5595108244165772,knee_caving_error
163.557286123482,164.25762818776707,175.11215914747154,0.7003420642850813,knee_caving_error
163.43953636780728,164.01615266032886,174.9316713999088,0.5766162925215781,knee_caving_error
163.48888544077838,163.9717716141621,175.0316152860412,0.48288617338371864,knee_caving_error
163.4796366158778,163.9977282525151,174.90740953491778,0.5180916366372799,knee_caving_error
163.4467268904561,164.00231136562414,174.70777638277752,0.5555844751680468,knee_caving_error
163.38143017109664,164.0023287245066,174.85013727047598,0.6208985534099725,knee_caving_error
163.36023225864946,164.04737644986545,177.21389214878604,0.6871441912159924,knee_caving_error
163.36770377272757,164.05465933724642,177.70487266825126,0.6869555645188541,knee_caving_error
163.26438869423632,163.94038447523755,178.09261669616802,0.6759957810012338,knee_caving_error
163.33043670733608,163.95242553437606,178.33959131872055,0.6219888270399849,knee_caving_error
163.11899455507012,164.0639460810329,178.5696540078854,0.9449515259627788,knee_caving_error
163.2107319640494,164.34341455634157,178.08502330519943,1.1326825922921842,knee_caving_error
163.47351320832257,165.40089350879157,176.95402352825246,1.9273803004689967,knee_caving_error
162.85554213532106,165.60433434717174,176.3702351957116,2.7487922118506845,knee_caving_error
162.4567853921173,165.27285078048857,176.40483729079412,2.816065388371271,knee_caving_error
154.8341053104824,162.5747340565659,176.96361395607485,7.740628746083473,knee_caving_error
143.6754936407787,161.2559514076162,170.58148696934006,17.580457766837498,knee_caving_error
135.16835012732088,156.11712014132718,163.63421946733834,20.9487700140063,knee_caving_error
126.50983892734473,149.3764578625452,156.03463126389602,22.866618935200478,knee_caving_error
122.0216982425868,144.49803976910928,150.67724939600922,22.47634152652249,knee_caving_error
111.1991559853485,131.3054560187378,134.5248929834162,20.106300033389303,knee_caving_error
110.37900783185442,125.2558166125172,130.65340369374962,14.87680878066277,knee_caving_error
108.59500406282889,124.29109366370953,120.84546751280428,15.69608960088064,knee_caving_error
109.71030547308816,124.55581053556286,120.79694135735454,14.8455050624747,knee_caving_error
106.77281350364845,119.14195982236376,117.42129525648821,12.369146318715309,knee_caving_error
104.71475456702646,111.11841918460368,114.98721586488696,6.4036646175772205,knee_caving_error
100.39230786639045,105.29066849343742,110.63361146712147,4.898360627046969,knee_caving_error
94.99985055375325,104.18737928523232,97.33449753373112,9.187528731479077,knee_caving_error
94.59040311639964,99.68310148292007,95.11861082012298,5.092698366520423,knee_caving_error
97.68389395914912,100.03075527820299,96.15317680966443,2.346861319053872,knee_caving_error
93.0267855227423,95.20833977654297,92.21486649686526,2.1815542538006696,knee_caving_error
88.45382759003282,100.78491246641923,85.37327675375892,12.331084876386413,knee_caving_error
83.36023096964053,99.58209300048756,82.01228550878554,16.221862030847035,knee_caving_error
70.4400151031612,81.62133155519555,70.2792322148977,11.181316452034352,knee_caving_error
62.621777106447375,85.38151341129674,68.24830136336034,22.759736304849362,knee_caving_error
52.08044512257808,78.19802756438244,57.89922228648427,26.117582441804366,knee_caving_error
52.115779829402065,110.7640410828656,55.02734564398791,58.64826125346354,knee_caving_error
44.31051284251492,166.67894184602156,47.730200090065686,122.36842900350663,knee_caving_error
40.07886486700601,46.95362081669849,36.11055655862345,6.874755949692478,knee_caving_error
38.39385059051306,58.357264793824775,37.15266128338502,19.963414203311714,knee_caving_error
34.89964866978145,41.74375699163263,39.57665844471438,6.844108321851181,knee_caving_error
34.67281564126555,41.75419483649633,41.16760436937029,7.081379195230781,knee_caving_error
37.865135821245744,54.73380445472608,44.00407277823209,16.868668633480333,knee_caving_error
41.58840230826314,59.66457414227972,46.63875506746562,18.076171834016577,knee_caving_error
44.88060817621529,55.41452301073311,51.62419164981197,10.533914834517823,knee_caving_error
51.97715480782706,62.202222056209706,56.137830286395086,10.225067248382643,knee_caving_error
60.05518714927712,66.94591382550209,62.88803316857889,6.890726676224972,knee_caving_error
67.57412282429017,82.0036680379727,67.4180377692827,14.42954521368253,knee_caving_error
75.46051714887601,91.1983991762874,76.20414969973491,15.737882027411388,knee_caving_error
83.43410256233676,96.32934790961463,83.02618333297487,12.895245347277864,knee_caving_error
92.05289324449059,98.86133816139736,92.93603322721255,6.808444916906765,knee_caving_error
104.24683210522161,108.33002874687732,102.66388873637379,4.083196641655704,knee_caving_error
104.80926734103589,111.12159707376011,103.13983055581701,6.312329732724223,knee_caving_error
107.03285707320508,113.84844969950915,104.33920424689465,6.815592626304067,knee_caving_error
109.28432932757383,119.12340754313355,109.19467719852648,9.839078215559724,knee_caving_error
115.93585039715201,121.38749162109023,113.54904196408275,5.451641223938225,knee_caving_error
140.9186412693475,147.47286471518487,131.362528548911,6.55422344583738,knee_caving_error
142.22540554130413,151.52257328572304,138.3887388020016,9.297167744418914,knee_caving_error
141.3933572080251,149.9386697864271,138.06082834855823,8.545312578402019,knee_caving_error
156.00634831464467,159.43759527617703,158.14190520325957,3.4312469615323664,knee_caving_error
157.87220383324265,162.98937255998996,161.9934239650754,5.117168726747309,knee_caving_error
157.937418691507,164.39523279729116,163.51095058870058,6.457814105784166,knee_caving_error
158.37661571852567,164.8923574957243,164.49889129437884,6.5157417771986275,knee_caving_error
158.29949440919177,164.12749941203015,166.33046162979264,5.828005002838381,knee_caving_error
158.66883570483296,164.42947845022675,166.73054725361783,5.760642745393795,knee_caving_error
157.4417769000995,163.52352186159277,168.41467975216102,6.081744961493257,knee_caving_error
158.49666058561735,164.63221306863278,169.37990725300853,6.135552483015431,knee_caving_error
155.2542493215039,163.0931018683375,177.18516846610962,7.838852546833607,knee_caving_error
154.83608826002268,162.10236052845033,178.31311952596195,7.266272268427656,knee_caving_error
154.5366936170857,161.60438569217453,177.4709229071371,7.067692075088843,knee_caving_error
157.93590212920992,161.2383020726721,175.0858743623235,3.302399943462177,knee_caving_error
161.71172656345746,161.48851755715958,175.52546596723997,0.22320900629787843,knee_caving_error
163.59634812653636,162.84139134433488,176.63885466166823,0.7549567822014751,knee_caving_error
162.77915641047593,163.34826009746325,176.80104364158333,0.5691036869873187,knee_caving_error
160.66082659292755,163.50837042533837,176.0507693559967,2.847543832410821,knee_caving_error
159.55160980555192,163.45907236290185,175.24552896480967,3.9074625573499304,knee_caving_error
159.65873276692682,163.3775907734072,174.65698029296684,3.7188580064803887,knee_caving_error
161.08052888005818,163.5250166001052,175.767292303609,2.4444877200470216,knee_caving_error
161.96677678114904,164.09747157471824,176.3758903484371,2.130694793569205,knee_caving_error
161.9753201014534,164.77596252717902,177.06365824605754,2.800642425725613,knee_caving_error
163.08845688816405,165.1073077151582,177.81893714868107,2.018850826994168,knee_caving_error
161.5987225515516,165.30345310018865,173.9109613079914,3.704730548637059,knee_caving_error
158.69820508033087,164.44593683098796,175.07211767570186,5.7477317506570955,knee_caving_error
157.6147650052515,163.75043468137133,176.17657647387688,6.135669676119818,knee_caving_error
137.12008897355028,159.77874818847272,164.08127902731746,22.658659214922437,knee_caving_error
132.05172295900425,154.33058043581082,156.8116006407383,22.278857476806564,knee_caving_error
135.41607633110868,155.1620927979571,155.93195086343897,19.746016466848403,knee_caving_error
130.1328101541938,155.0120082000756,144.37822973721762,24.879198045881793,knee_caving_error
125.16483801538385,148.63054363306577,128.58860854229852,23.46570561768192,knee_caving_error
120.15764571877521,138.4020549605732,122.75884677945749,18.24440924179798,knee_caving_error
116.39253176130822,132.77555722322302,119.373426381021,16.383025461914798,knee_caving_error
115.14725267107906,125.96096842470838,114.57358679158409,10.813715753629324,knee_caving_error
108.03021150329279,118.85205646720658,106.28467038866032,10.82184496391379,knee_caving_error
104.26064184345043,112.07913959419966,104.32021605588814,7.818497750749231,knee_caving_error
103.85880191568934,113.6050349842078,100.46094675805483,9.746233068518464,knee_caving_error
98.97119698676609,107.61835724486366,95.5030478084864,8.647160258097571,knee_caving_error
100.03818544342188,108.54269177000512,95.95620272119511,8.50450632658324,knee_caving_error
98.25395502363,111.46735195336134,93.51711841576262,13.213396929731346,knee_caving_error
98.43647758562993,108.34505736197465,93.14004136577994,9.908579776344723,knee_caving_error
97.77107406606284,107.5818475399853,91.82631829864879,9.810773473922467,knee_caving_error
96.78221780469741,107.21083254610821,89.47056064324292,10.428614741410797,knee_caving_error
96.59614382718478,104.16583701405696,88.16318577845844,7.569693186872186,knee_caving_error
93.67457107081896,103.29975213838803,84.68179350551873,9.625181067569073,knee_caving_error
95.02325107212616,103.8834607644334,85.28564702685229,8.860209692307237,knee_caving_error
96.05860213719042,103.18283906694455,85.81190499308777,7.124236929754133,knee_caving_error
96.81359647391321,104.82825822100617,85.20667598031294,8.014661747092958,knee_caving_error
99.5662495230512,113.0093028203036,86.02719608692166,13.443053297252405,knee_caving_error
98.56462458137153,110.31962883617969,86.25152750747344,11.755004254808156,knee_caving_error
100.3996262365542,110.74272179860802,86.70966969645505,10.343095562053819,knee_caving_error
102.39669429715539,113.79091053226514,88.73278887016808,11.394216235109752,knee_caving_error
121.50766567393498,136.91003080304688,102.62552103641163,15.4023651291119,knee_caving_error
130.08865424404715,147.74606159431238,110.00023137744714,17.65740735026523,knee_caving_error
134.63902309243778,152.31457772145734,115.95816268159933,17.675554629019558,knee_caving_error
133.68022523147755,155.40332658589716,121.93396832091854,21.72310135441961,knee_caving_error
139.7680033838743,159.58437056838983,129.6488786912044,19.816367184515542,knee_caving_error
142.02410429601062,160.9357460091662,135.28463090838855,18.911641713155575,knee_caving_error
142.47469866866362,161.09095664661442,136.8506412123856,18.616257977950795,knee_caving_error
157.50337772171264,162.17941493230973,173.15606639006182,4.676037210597087,knee_caving_error
158.09807382934977,162.4691183885057,176.02554088868706,4.3710445591559335,knee_caving_error
160.70391640580658,164.78499884537442,173.7208492541804,4.081082439567837,knee_caving_error
161.3146353516703,164.75293466934554,175.41782704675276,3.438299317675245,knee_caving_error
161.7445092809073,161.15930016941024,176.91097148522624,0.5852091114970506,knee_caving_error
161.97403873285396,161.33922824300458,179.18437288814272,0.6348104898493716,knee_caving_error
162.1602647284746,161.89411886236556,178.72678663947363,0.2661458661090421,knee_caving_error
163.10004152892938,162.32635658701767,179.54113953827658,0.7736849419117107,knee_caving_error
163.68009803065146,162.84899571602935,179.41307493566717,0.8311023146221146,knee_caving_error
163.53796619698397,163.3641932426499,179.6722031625898,0.17377295433408335,knee_caving_error
163.78578426204007,163.18091199028223,179.24216965822043,0.6048722717578414,knee_caving_error
163.66182220395405,163.36176611152223,178.62045714224317,0.3000560924318165,knee_caving_error
163.73253411310912,163.1580922929674,178.48219125730503,0.5744418201417147,knee_caving_error
163.86700234808208,163.56455805000945,177.6332335164879,0.3024442980726292,knee_caving_error
163.88986948136977,163.51071878969796,176.62272254891303,0.3791506916718106,knee_caving_error
164.175389665605,164.37817534430886,177.26130297522116,0.20278567870386155,knee_caving_error
164.02604848633064,164.41357540463804,177.1083868650022,0.38752691830740105,knee_caving_error
163.8313748343857,164.3107387571242,177.14312470842341,0.4793639227384858,knee_caving_error
163.75637218409048,164.26740885243018,177.89169653859045,0.511036668339699,knee_caving_error
163.77917074153697,164.30331209130745,178.01699278883365,0.5241413497704741,knee_caving_error
164.2786615279772,164.53488147711298,175.88446554399442,0.25621994913578305,knee_caving_error
150.62688692914358,161.33806181760482,176.0705504165234,10.711174888461244,knee_caving_error
146.72605156101775,160.03057594718325,172.01234299174698,13.304524386165497,knee_caving_error
143.17873739105477,157.8369016928106,169.71570857097083,14.658164301755846,knee_caving_error
136.41493479978135,152.96238754250217,161.03994473404043,16.54745274272082,knee_caving_error
134.05007431998592,151.61975744631656,150.6994971724307,17.56968312633063,knee_caving_error
134.81803248898163,152.8097656691356,145.44308485488656,17.99173318015397,knee_caving_error
133.8455067608178,153.32788246645438,140.36719194881476,19.48237570563657,knee_caving_error
128.2247104427954,143.48455338316927,137.50804756359284,15.259842940373858,knee_caving_error
108.98417438330115,123.42765306994113,113.2871462934385,14.443478686639978,knee_caving_error
103.69207525626554,113.91691232353259,108.45390874447307,10.224837067267046,knee_caving_error
102.39139320284438,109.95121747206092,108.139810116373,7.559824269216534,knee_caving_error
98.88929417125557,108.05496833321922,105.00490273650671,9.16567416196365,knee_caving_error
94.64049700863602,101.51077812948677,103.29032502957584,6.870281120850748,knee_caving_error
93.09365786198475,102.70958692776254,101.86249652597589,9.615929065777792,knee_caving_error
89.27520586579799,106.86098785418557,99.01285153787843,17.58578198838758,knee_caving_error
86.58306037917471,107.12175712789359,92.71396123658702,20.538696748718877,knee_caving_error
86.10807719396139,100.46893371622718,89.92058605857301,14.360856522265792,knee_caving_error
87.03693539265517,99.83948244469731,86.92050763529987,12.802547052042144,knee_caving_error
87.0505605365215,97.52168058075402,85.77549078477188,10.47112004423252,knee_caving_error
88.41682654980973,100.30459809111608,87.08722234810503,11.88777154130635,knee_caving_error
89.88982851304792,101.52839029445734,89.43820196601636,11.638561781409422,knee_caving_error
90.50618072953512,101.44326271772658,89.74964598126739,10.937081988191466,knee_caving_error
93.31831712607708,102.91000791027199,92.09799214343181,9.59169078419491,knee_caving_error
98.5898383883956,106.38667332321742,95.60046675099943,7.796834934821817,knee_caving_error
120.28407437603181,133.15196863754642,114.8348319714014,12.867894261514607,knee_caving_error
125.79919062363844,144.21579185357146,118.9849463710915,18.416601229933022,knee_caving_error
126.73819701061852,144.7303310063512,123.05657199512878,17.992133995732686,knee_caving_error
131.17400597609236,146.8524870009788,127.07569671584618,15.678481024886452,knee_caving_error
134.51916013135514,153.35317669568698,137.82534720600012,18.834016564331847,knee_caving_error
139.2462694095018,158.1056488151857,149.55217966262717,18.85937940568391,knee_caving_error
141.18110974003002,159.03461044530607,152.18916500553166,17.853500705276048,knee_caving_error
145.27689427936528,160.60479294282908,159.79712129938054,15.327898663463799,knee_caving_error
156.4067491621622,162.59757378321268,169.6602824836387,6.190824621050467,knee_caving_error
159.794668469665,161.27630787862282,175.64631140513958,1.4816394089578182,knee_caving_error
161.7357622990874,162.14990979581646,176.20733902666964,0.4141474967290435,knee_caving_error
161.71565208440313,161.68109834314637,175.99091991845472,0.03455374125675803,knee_caving_error
161.12806713315047,161.15890969372634,174.73248420161406,0.030842560575877087,knee_caving_error
158.781418149464,159.72603269398365,172.2335801278961,0.9446145445196521,knee_caving_error
155.36119590823944,157.63100187012486,170.46792779752627,2.2698059618854245,knee_caving_error
153.59145239121946,156.53401893764126,169.7886597795491,2.9425665464218014,knee_caving_error
155.52245526736903,156.37505241220603,169.30339874364054,0.8525971448370058,knee_caving_error
157.85115542411785,161.53745085645104,169.6630210335345,3.6862954323331962,knee_caving_error
159.34100365676895,164.43659301967324,171.35398572295986,5.095589362904292,knee_caving_error
159.6334391572671,164.9853931152287,172.41785929692222,5.351953957961598,knee_caving_error
159.75701320727822,164.11165833778773,173.6715552184642,4.35464513050951,knee_caving_error
157.9432402393539,164.20731021869923,173.35441036626725,6.264069979345322,knee_caving_error
146.92624206102903,160.02296469186882,168.3523957414212,13.096722630839793,knee_caving_error
141.19553032399975,157.17544585619927,169.7934569794574,15.979915532199527,knee_caving_error
141.6215425682977,158.15331750721734,176.26507843907498,16.531774938919625,knee_caving_error
146.78632473528805,160.96251268834993,178.84363323314452,14.176187953061884,knee_caving_error
152.43032740127327,162.70436900463997,176.85613152612373,10.274041603366697,knee_caving_error
155.06390536706678,162.73907061026975,177.3373109967014,7.675165243202969,knee_caving_error
154.15062929755328,163.30723247569216,178.18405349400177,9.15660317813888,knee_caving_error
161.28411875894997,168.5255883666894,178.46450869388963,7.241469607739418,knee_caving_error
159.30272994407284,164.24763332551075,170.65133085627102,4.944903381437911,knee_caving_error
167.16663923580333,166.32707074814292,176.6223576400945,0.839568487660415,knee_caving_error
164.825165879018,166.89242330103863,173.76315674631377,2.0672574220206457,knee_caving_error
166.97267711221647,163.02677514675426,169.70361420429708,3.9459019654622125,knee_caving_error
166.58373244761242,164.73661094954196,168.13629710930817,1.8471214980704644,knee_caving_error
118.59932759495219,105.19592700637348,129.6624979656109,13.403400588578705,knee_caving_error
85.19012703125667,39.502437137207124,102.64958612276797,45.68768989404954,forward_lean_error
64.252825706076,37.61570976409155,82.59022064015286,26.637115941984447,forward_lean_error
64.52044897305463,37.97807860186095,82.01873133324376,26.542370371193677,forward_lean_error
63.19734610574169,37.81965475116739,79.44140111239918,25.377691354574296,forward_lean_error
60.5656453795444,37.42945741547056,75.73021734042563,23.13618796407384,forward_lean_error
59.407521679632374,36.95931500163956,75.64411897187405,22.448206677992815,forward_lean_error
59.12711813410113,36.998061849165055,74.39464940227329,22.129056284936077,forward_lean_error
57.73766045731878,35.67728446749503,75.05393613307218,22.060375989823754,forward_lean_error
63.97118945038384,37.1454917828426,80.25952826493567,26.82569766754124,forward_lean_error
66.9967247926252,41.02225575300936,81.59383437080483,25.97446903961584,forward_lean_error
66.19863336173842,40.86351312088627,78.97657330675244,25.33512024085215,forward_lean_error
66.03213250062781,41.60692890796129,77.76584816132616,24.42520359266652,forward_lean_error
67.1670993030187,40.47950142048198,80.08100864377526,26.68759788253672,forward_lean_error
75.55710397587735,42.7966742111246,86.23342889700852,32.76042976475275,forward_lean_error
79.89549150084437,44.82906826428511,89.28759152881547,35.06642323655926,forward_lean_error
73.19027490819491,43.871109865176514,82.3462930436185,29.319165043018394,forward_lean_error
73.46101165770932,45.713132311411094,83.09326585008037,27.747879346298227,forward_lean_error
64.75404027894052,41.83153261213174,76.3376599885052,22.922507666808784,forward_lean_error
63.041401037838504,38.42286240630877,77.46024868463768,24.618538631529738,forward_lean_error
64.68232456247506,39.99377861068559,77.61530171447667,24.68854595178947,forward_lean_error
63.36477514921881,38.68860737881103,76.98428808340834,24.67616777040778,forward_lean_error
64.9513137899011,39.426643667849234,77.47876175740492,25.524670122051873,forward_lean_error
75.27846098158011,43.92617684675519,82.41699077785927,31.35228413482492,forward_lean_error
77.64185138899632,45.57015896618439,83.95999466183906,32.07169242281193,forward_lean_error
74.24584370673061,45.07179083901464,82.36679305543431,29.17405286771597,forward_lean_error
67.45443601279366,41.781428157142784,80.47044545140942,25.67300785565088,forward_lean_error
62.875612445400584,42.19143533194671,77.79809654235682,20.684177113453877,forward_lean_error
56.49987687337181,40.9150987755567,70.83679665921308,15.58477809781511,forward_lean_error
60.560528097624776,43.8338233359998,77.70097229457245,16.726704761624973,forward_lean_error
80.78345433716105,51.885831354885,99.73566584324072,28.897622982276047,forward_lean_error
88.22720490466317,53.83774097296205,107.20070852209841,34.389463931701115,forward_lean_error
85.20649984392617,51.151898451470586,104.72904443122353,34.05460139245558,forward_lean_error
83.86116585839632,49.34101393884636,102.75638029036513,34.52015191954996,forward_lean_error
89.17229375531537,50.382780960366674,106.7605471764092,38.78951279494869,forward_lean_error
71.89931733124908,43.46299131840784,91.23526858345885,28.436326012841242,forward_lean_error
62.49705930726075,42.30821406541704,82.9411950985027,20.18884524184371,forward_lean_error
65.42071145224229,42.23251172314975,83.61254322301552,23.18819972909254,forward_lean_error
69.57583593086798,37.29140218056463,90.99867326086857,32.28443375030335,forward_lean_error
69.6804875547116,35.84716792503826,88.71493716891506,33.83331962967334,forward_lean_error
70.78544139797214,35.987630443438235,89.40999564573285,34.7978109545339,forward_lean_error
67.58046069285867,33.48618394594594,87.5483905993926,34.094276746912726,forward_lean_error
65.18240774947886,29.339376644565558,86.3518893344087,35.843031104913294,forward_lean_error
70.61979962435561,25.162726681275014,95.4943677380462,45.45707294308059,forward_lean_error
81.0198380075008,22.903107243890744,105.6272895091717,58.11673076361005,forward_lean_error
89.17174299763167,25.53296856208238,113.55839346286926,63.63877443554929,forward_lean_error
96.68357637782076,28.211411045924894,125.33592552914787,68.47216533189587,forward_lean_error
72.67172818511,21.22530945484136,98.56341332865476,51.44641873026864,forward_lean_error
48.25463362118937,15.514626395792057,73.99878872483804,32.740007225397314,forward_lean_error
48.83120565760169,17.42678535637175,74.35815568727614,31.404420301229944,forward_lean_error
102.14113555810772,48.88658832348054,121.03959253946834,53.25454723462718,forward_lean_error
132.51257637461518,55.86239345253428,158.10526876263418,76.6501829220809,forward_lean_error
132.2358419982271,43.64353826093078,157.41216981797842,88.59230373729632,forward_lean_error
128.58950166955003,53.58835087660264,144.72363542808958,75.00115079294739,forward_lean_error
131.1184558928527,46.336684543590785,147.05544428730124,84.7817713492619,forward_lean_error
131.58284278503453,58.936967841005284,139.66053877675273,72.64587494402925,forward_lean_error
130.2034625224185,47.66509510157853,138.98233931463474,82.53836742083998,forward_lean_error
122.41971976594866,52.902115828572605,133.40078757200223,69.51760393737605,forward_lean_error
139.0025791115897,107.99965549135685,149.6427695795812,31.002923620232863,forward_lean_error
142.00528386715254,91.1693870505315,155.32010260891312,50.835896816621045,forward_lean_error
145.37266404541757,77.8261941530973,158.1590508322593,67.54646989232026,forward_lean_error
160.31301799210243,136.80481042325698,168.51346314592521,23.50820756884545,forward_lean_error
165.89597297981402,169.4698534733556,175.4349393985849,3.573880493541594,forward_lean_error
171.71591842536702,167.84456328255914,174.2807611438143,3.871355142807886,forward_lean_error
166.52515691539662,161.9334290189958,177.49641151102932,4.591727896400812,forward_lean_error
158.7998003827299,152.97355619832632,177.7657425077176,5.826244184403578,forward_lean_error
160.44585226531456,161.2293364003818,176.44642061813897,0.7834841350672548,forward_lean_error
157.20576120377186,146.54088953925122,169.9890112560507,10.664871664520632,forward_lean_error
154.1540878239154,142.3547667771486,168.9366490919926,11.799321046766806,forward_lean_error
146.1014205091159,129.29650746311464,163.14936630086714,16.804913046001275,forward_lean_error
145.44009291360084,119.45634672562849,164.63921689238956,25.983746187972343,forward_lean_error
147.13594097314854,149.70551736827375,163.2299531098285,2.5695763951252104,forward_lean_error
87.38292936940144,137.82303107303997,95.9659037235528,50.44010170363853,forward_lean_error
80.5137522471809,112.83371179124812,79.31725846336764,32.31995954406722,forward_lean_error
93.25929922851526,135.84763318511563,84.88534831973868,42.588333956600366,forward_lean_error
96.26780907972638,133.80686552746315,92.8326659651189,37.53905644773677,forward_lean_error
85.66154967712151,122.6050740370187,93.55903395870129,36.94352435989718,forward_lean_error
98.06044516866363,125.76306988252409,105.43157343015551,27.70262471386046,forward_lean_error
100.85384962454071,124.15851603209605,99.86083635108574,23.30466640755533,forward_lean_error
109.16764467070443,123.13807862771372,98.72208410550567,13.970433957009291,forward_lean_error
111.96681367839223,116.03964804845498,90.12324164738256,4.0728343700627505,forward_lean_error
133.7871522142494,120.45175054734945,118.28706813475115,13.335401666899955,forward_lean_error
142.84706625092824,130.21738641907865,128.16932428130886,12.629679831849586,forward_lean_error
142.32358058151493,128.22679779425889,128.57955100161686,14.096782787256046,forward_lean_error
145.03374590914441,134.8939658592848,131.19167514574332,10.13978004985961,forward_lean_error
141.5908422154403,134.45357221283058,131.23608669334465,7.137270002609711,forward_lean_error
139.891604976616,138.83349979397275,132.9474723349022,1.05810518264326,forward_lean_error
142.82432710144607,142.59822999097491,136.3103136651773,0.22609711047115866,forward_lean_error
140.90154918971626,144.1578249863705,133.31458142915344,3.2562757966542506,forward_lean_error
133.01961364797492,134.3025272819739,133.6798311538838,1.2829136339989873,forward_lean_error
131.44483513799068,133.00360496005433,134.66960941311515,1.5587698220636526,forward_lean_error
130.6624277452437,132.4636771918404,134.49696298549134,1.8012494465966995,forward_lean_error
131.40599758986016,146.76013752506472,129.97889673425124,15.354139935204557,forward_lean_error
129.0536950569103,148.0919788662087,125.31172288050425,19.038283809298406,forward_lean_error
128.4601435284375,148.08257288570735,127.01226567569242,19.62242935726985,forward_lean_error
132.55606181342714,152.31706607438608,128.14361142860204,19.76100426095894,forward_lean_error
133.438157579445,147.93573388488971,132.26370184004475,14.49757630544471,forward_lean_error
135.11683459750338,147.37987183388893,133.83911337482817,12.263037236385543,forward_lean_error
134.45899346307604,150.00577457941884,131.89533693285316,15.5467811163428,forward_lean_error
123.74089572669557,154.3067752634738,127.7109372092743,30.56587953677824,forward_lean_error
123.83228862990275,146.6494512837861,113.35049033668345,22.817162653883358,forward_lean_error
123.12059745676747,134.2537349671927,110.76276723569775,11.133137510425243,forward_lean_error
122.30788732136833,136.66041298851098,113.94464981158477,14.352525667142658,forward_lean_error
121.5699371827426,136.50498799756153,114.6053857852567,14.935050814818922,forward_lean_error
133.37966778074306,142.87380810270236,109.97102121366092,9.494140321959293,forward_lean_error
134.16023390530205,146.45122286563864,112.44563562824646,12.290988960336591,forward_lean_error
136.55871379221995,156.05637454468842,114.86076693261438,19.497660752468477,forward_lean_error
140.96826067059658,154.17460386320175,117.06866263853452,13.206343192605175,forward_lean_error
139.087006778214,153.8365818090564,135.93278846270465,14.749575030842408,forward_lean_error
146.55126065680244,156.20573454676284,145.00775245001205,9.6544738899604,forward_lean_error
149.76867629686575,154.02757268544212,151.53538888580158,4.258896388576375,forward_lean_error
149.29260843345688,153.5284061060798,147.1967129005285,4.235797672622937,forward_lean_error
151.950283021398,151.05846624664107,151.58164649087993,0.8918167747569328,forward_lean_error
148.91122772818733,151.67427671192516,147.37747584857897,2.763048983737832,forward_lean_error
148.99581649610968,151.2436181798944,145.42666958748853,2.247801683784729,forward_lean_error
147.6491968555129,147.06738443860849,143.94732825072074,0.5818124169044268,forward_lean_error
152.61465187313897,150.25991335702454,158.1612179207744,2.3547385161144234,forward_lean_error
152.831736938751,152.72197208770268,158.04361300119052,0.10976485104831113,forward_lean_error
154.11904766852123,154.08549000086543,162.0543222270697,0.03355766765579915,forward_lean_error
156.46222507814812,165.30865809649046,156.7790048924209,8.846433018342339,forward_lean_error
157.21048748561802,168.62420776941465,167.4264671076359,11.413720283796636,forward_lean_error
157.3082032304968,175.8317192242642,158.44309762593093,18.523515993767404,forward_lean_error
158.55429526427574,178.23304845243644,158.16885095066004,19.678753188160698,forward_lean_error
159.237296351977,169.8381696434211,170.46039203016815,10.600873291444117,forward_lean_error
155.55422199486964,164.86122898908602,165.20504700728583,9.30700699421638,forward_lean_error
155.5086723720862,162.33234074383185,164.40107377697998,6.82366837174564,forward_lean_error
154.72168234123555,160.97697092855432,163.433930629047,6.255288587318773,forward_lean_error
152.3173685285583,160.16842176440142,163.35846504202962,7.851053235843125,forward_lean_error
152.48968053052127,160.10375538266175,163.03362051215382,7.614074852140476,forward_lean_error
153.03573428585364,160.18818019679728,162.999727376048,7.152445910943641,forward_lean_error
154.51287329306248,160.27885678081623,166.61568411814227,5.7659834877537435,forward_lean_error
156.9267693662453,161.81939616283398,165.8573846606117,4.892626796588672,forward_lean_error
159.27469811334416,161.9992416601818,166.64688086846766,2.7245435468376513,forward_lean_error
160.36667649970582,162.8145340713446,165.0380911689056,2.4478575716387923,forward_lean_error
161.309837322434,162.6397870639372,165.62785451465376,1.3299497415032135,forward_lean_error
160.51169879276046,162.76276627405795,165.18146439779275,2.251067481297497,forward_lean_error
158.5110881738272,162.5602678589965,164.92770337316463,4.0491796851692925,forward_lean_error
159.43564465735935,164.13514277458793,164.1484686950439,4.699498117228586,forward_lean_error
161.1508829507069,164.4553731072022,163.1427579472121,3.3044901564953193,forward_lean_error
161.92055612659783,164.5710080003674,164.45390945344445,2.6504518737695832,forward_lean_error
160.93202717643805,164.3607840369956,166.8562736643656,3.4287568605575416,forward_lean_error
160.83710621022985,164.08411148907214,167.42910138173988,3.2470052788422947,forward_lean_error
160.7386440252083,162.8905784664814,169.29599868949458,2.151934441273113,forward_lean_error
159.88073313076814,162.64441784012354,172.1509802260998,2.7636847093554024,forward_lean_error
157.4853064918519,162.07032917201082,172.5571796722865,4.5850226801589145,forward_lean_error
158.63402080574002,165.35650832499508,172.09136969933613,6.722487519255054,forward_lean_error
159.07024887751075,166.56569439192603,171.57765837421067,7.49544551441528,forward_lean_error
159.12442197447243,166.75225456425466,172.40465640194935,7.62783258978223,forward_lean_error
159.81105251373967,166.5399026187922,173.72779545660163,6.728850105052544,forward_lean_error
159.75400387625726,165.95110535062727,173.93349482304998,6.197101474370015,forward_lean_error
159.85851762502313,166.03930338663164,173.72177334187597,6.180785761608519,forward_lean_error
160.19119709610038,166.17615674060895,173.29898131546258,5.984959644508564,forward_lean_error
160.61880915271774,165.208840143069,172.6740460259088,4.590030990351266,forward_lean_error
161.46091245618683,165.52427854199564,171.87938117061978,4.063366085808809,forward_lean_error
161.986973500931,164.87016714535017,170.38118443427595,2.8831936444191797,forward_lean_error
162.3250507335158,164.82627077325787,169.541046951002,2.5012200397420656,forward_lean_error
161.09500757543256,163.51312596143222,165.22352700156057,2.4181183859996622,forward_lean_error
161.27173866888552,163.38285015047097,166.21165689243966,2.1111114815854535,forward_lean_error
161.69862060878881,162.49938386862254,167.1934580211532,0.8007632598337295,forward_lean_error
162.2017279105199,162.86282690124295,167.77956939474035,0.6610989907230476,forward_lean_error
162.1532420543439,161.77673366514105,168.60226444906965,0.37650838920285423,forward_lean_error
162.24142779427999,162.07252279743244,170.4898951240336,0.16890499684754445,forward_lean_error
162.37705517583998,162.3026839927154,171.88785251992456,0.07437118312458324,forward_lean_error
162.484447970686,162.41280382505784,172.11695785819654,0.07164414562817001,forward_lean_error
162.5746775457657,162.99382877086947,171.00902559898174,0.419151225103775,forward_lean_error
162.7338718080695,163.37732076033984,170.8776567675455,0.6434489522703473,forward_lean_error
163.11915980755205,163.91047406006652,170.7587713820568,0.7913142525144679,forward_lean_error
163.21025255867465,163.4944979530669,170.51888393395262,0.2842453943922578,forward_lean_error
162.9315131163561,163.37072358744877,168.8759404216936,0.43921047109267874,forward_lean_error
162.8585598947315,163.37660766433146,168.27356941190038,0.5180477695999457,forward_lean_error
163.07148642883405,163.39030979654453,167.2658051530132,0.31882336771047903,forward_lean_error
163.05148612689675,163.55149472770725,166.35728271106797,0.5000086008105029,forward_lean_error
162.89026451799378,163.56482720317877,167.6822304221716,0.6745626851849806,forward_lean_error
162.82068463363083,163.50258007587942,167.95095065784759,0.6818954422485888,forward_lean_error
162.3226434210432,163.21510837504647,169.33458410776709,0.892464954003259,forward_lean_error
162.37400812321042,163.07807410878507,169.59839320108946,0.7040659855746583,forward_lean_error
162.67359579379948,163.3775162850878,169.52113561774212,0.7039204912883292,forward_lean_error
162.84217073615235,163.2260315264466,169.93939908956324,0.3838607902942499,forward_lean_error
162.95037283161503,163.16349734979616,170.15076085596897,0.21312451818113232,forward_lean_error
162.9962881467877,163.19560685713574,171.23584900035962,0.19931871034805226,forward_lean_error
163.12803475647905,163.36634633350369,172.41194244349856,0.23831157702463202,forward_lean_error
163.14040094542509,163.40644746816469,172.51702680749688,0.2660465227396003,forward_lean_error
163.11217409622557,163.3199553738583,174.097668720507,0.20778127763273346,forward_lean_error
163.19004406661253,163.60291532730352,174.35321773241685,0.41287126069099145,forward_lean_error
163.2468623293383,163.71666341701953,174.4732243927198,0.4698010876812191,forward_lean_error
163.21650227754017,164.27779814579853,174.53762067285498,1.0612958682583553,forward_lean_error
163.10511725110072,164.25808231731776,174.98365404348414,1.1529650662170354,forward_lean_error
161.3354426051257,163.55437024501094,175.60603828523725,2.218927639885237,forward_lean_error
161.59476589628758,163.58008532551102,176.41483246893355,1.9853194292234377,forward_lean_error
161.0213241452921,163.50124391417407,175.46113586469576,2.479919768881956,forward_lean_error
160.7167863309109,163.6291530046004,174.43087005344202,2.9123666736894904,forward_lean_error
159.48285001975518,162.775095425056,173.92439347895868,3.2922454053008323,forward_lean_error
160.04787737891115,163.10921388940986,173.4164538511621,3.0613365104987054,forward_lean_error
160.02126988537387,163.0611733568201,173.1705645831328,3.039903471446223,forward_lean_error
159.86729050959372,162.66876869254682,172.3085577173173,2.8014781829531046,forward_lean_error
160.08082666555163,162.84591193017184,172.23239038641168,2.765085264620211,forward_lean_error
159.41306911356972,162.81037304498162,170.76541767864322,3.397303931411898,forward_lean_error
158.13741693053592,162.51065272509126,170.08303566720892,4.373235794555342,forward_lean_error
158.13839075954525,162.47698592827135,169.6218315690546,4.338595168726101,forward_lean_error
157.26987084945142,162.20296137452107,169.23967906103775,4.933090525069645,forward_lean_error
157.1287837133665,162.07998703021713,169.3133565282042,4.951203316850638,forward_lean_error
159.19425260783882,162.73735467460995,169.52803886644435,3.5431020667711266,forward_lean_error
159.439038018152,162.6948303047175,169.77249106218142,3.2557922865655087,forward_lean_error
159.49504068282315,162.78712404494667,170.5661479230082,3.2920833621235204,forward_lean_error
159.32429756490484,163.0261825498083,170.81453319593865,3.7018849849034723,forward_lean_error
158.99882941521022,162.91219189210497,171.04503098844634,3.913362476894747,forward_lean_error
159.00320342433292,162.9278864679308,172.0768740245173,3.9246830435978666,forward_lean_error
158.42168702217612,162.7722674471733,172.8260283069916,4.35058042499719,forward_lean_error
158.21012977493936,162.17415787001917,173.029253610003,3.9640280950798115,forward_lean_error
156.5819439213765,162.33939547471826,167.10318622592456,5.7574515533417525,forward_lean_error
156.02576424006187,161.985203975208,164.39586024931666,5.959439735146134,forward_lean_error
155.3654188051741,160.6814512474813,164.0871308208797,5.316032442307204,forward_lean_error
140.7426145055038,154.34844717392062,146.5518809067279,13.60583266841681,forward_lean_error
133.8170570846262,149.75419268924702,138.89081903822787,15.937135604620806,forward_lean_error
123.00154083731381,143.3193915279584,129.36633100175152,20.31785069064459,forward_lean_error
118.50427367583524,139.50350742409424,123.27404094959103,20.999233748259,forward_lean_error
117.72103445762963,139.08731097229807,120.5037393762822,21.366276514668442,forward_lean_error
114.93546018685952,142.5446016948962,115.12220072666548,27.60914150803667,forward_lean_error
108.73791240722267,133.55166858605094,110.4791020370035,24.81375617882827,forward_lean_error
104.87303255547921,129.53945421401326,107.0250985271534,24.66642165853405,forward_lean_error
97.95963772919514,113.84130116841155,100.92827678599132,15.88166343921641,forward_lean_error
92.76533054322019,105.3907658419055,97.63662354658402,12.625435298685318,forward_lean_error
88.37063984710227,101.7634132659824,94.93392454721167,13.392773418880125,forward_lean_error
84.26939510330288,99.50672864930011,91.61565862049349,15.237333545997231,forward_lean_error
83.79355281111735,96.26158898401647,91.59973645031711,12.468036172899119,forward_lean_error
79.87917276875395,92.2081322262776,89.42832237025533,12.328959457523652,forward_lean_error
78.59625906931143,93.30968372204147,88.46407196000816,14.71342465273004,forward_lean_error
82.4611761534419,97.4804700654253,87.57339835183673,15.019293911983397,forward_lean_error
79.37046894368162,102.36561376712582,78.71489423475512,22.995144823444207,forward_lean_error
72.73450867510746,92.51529274408195,75.43371338196093,19.780784068974484,forward_lean_error
68.03041436970643,88.1883818060383,72.36915462869514,20.15796743633186,forward_lean_error
66.19892941517273,85.8268128132576,70.63804026601284,19.627883398084876,forward_lean_error
65.23739715423127,83.58901235644191,69.08914304728683,18.35161520221064,forward_lean_error
63.13744024330767,79.3535676458169,66.97504377733499,16.216127402509223,forward_lean_error
63.90464710894453,79.96159770237043,67.97481180623609,16.056950593425896,forward_lean_error
62.037642720992125,77.57741392324172,66.22851264549612,15.539771202249597,forward_lean_error
61.20955059356453,76.7318910261748,65.8773281872582,15.522340432610264,forward_lean_error
60.954034354005096,75.09598893321044,66.55543434761407,14.14195457920534,forward_lean_error
59.01698345610636,73.81857943384632,69.59013094383111,14.801595977739964,forward_lean_error
64.42753081249354,78.62416448240094,76.1892011502481,14.1966336699074,forward_lean_error
70.31453287265211,95.6342439118206,77.61056305577394,25.319711039168496,forward_lean_error
73.18259374923716,95.48954814816429,78.03806026893253,22.306954398927132,forward_lean_error
79.64251758071634,96.85698014129953,84.87127033735585,17.214462560583186,forward_lean_error
85.01695463103432,97.27301725364005,93.22592159005717,12.256062622605725,forward_lean_error
85.52780901718819,94.63008358007022,93.8673979323588,9.10227456288203,forward_lean_error
90.07786299842422,99.47504770963236,96.71941412573456,9.39718471120814,forward_lean_error
94.76551845915769,106.88066598894785,98.81328779924468,12.115147529790164,forward_lean_error
99.7586061794698,110.4071491930848,102.36781197902961,10.648543013615011,forward_lean_error
106.21963400347849,122.78736322353356,106.59863999261114,16.56772922005507,forward_lean_error
113.39605136039981,130.2980169611546,112.73927010097964,16.901965600754778,forward_lean_error
127.58102689409417,144.8023857607572,128.01964599257659,17.22135886666304,forward_lean_error
129.24269027095872,146.74596711726934,134.186741403366,17.503276846310627,forward_lean_error
137.27408117053025,154.16727769659246,139.44437432982028,16.893196526062212,forward_lean_error
149.14742846147536,157.6966907996707,149.81980342251933,8.549262338195348,forward_lean_error
149.38294567892993,159.27657411621988,149.86295299073458,9.893628437289948,forward_lean_error
153.4640007185879,159.86443167657106,156.00074708186267,6.400430957983161,forward_lean_error
154.79187490823927,159.66821536916848,159.80593601004793,4.876340460929214,forward_lean_error
161.80876366676728,161.69240748788368,168.27425631965193,0.11635617888359207,forward_lean_error
163.06193525907818,162.45388452861553,168.85597349421968,0.6080507304626508,forward_lean_error
164.1935376642715,163.37021628047557,171.61624005689475,0.8233213837959283,forward_lean_error
163.82243808626617,163.48073534340412,172.34702048681933,0.34170274286205427,forward_lean_error
163.2630554697444,163.4399002239074,171.0515557233018,0.1768447541629996,forward_lean_error
156.463121128378,165.10900950015585,167.93253337539898,8.645888371777858,forward_lean_error
153.99312286488092,163.7946124163409,166.16807475610807,9.80148955145998,forward_lean_error
154.97773172978773,162.84421620131351,167.55664651490915,7.86648447152578,forward_lean_error
154.81417664137965,165.11026612554338,167.79652400687172,10.29608948416373,forward_lean_error
156.13543412406472,164.79498294030552,167.816120185228,8.6595488162408,forward_lean_error
161.53778556751465,165.16531889380005,170.08885239939823,3.627533326285402,forward_lean_error
163.30459738471632,164.96017501844807,170.61190535255585,1.6555776337317525,forward_lean_error
164.41413683609682,164.8023594329781,171.05975081055288,0.3882225968812918,forward_lean_error
163.55531328610593,164.9475572209081,172.4030362939592,1.392243934802167,forward_lean_error
163.85365226716007,165.22019278500628,172.65125385366048,1.3665405178462038,forward_lean_error
164.3995590685722,165.35593184257314,172.36674925850016,0.956372774000954,forward_lean_error
163.85917758895133,164.96359067309666,172.3168434005813,1.1044130841453352,forward_lean_error
163.51409317759007,164.94592546473126,171.5936954670446,1.4318322871411908,forward_lean_error
163.2144995432756,164.7988244392774,170.91864065576254,1.5843248960018173,forward_lean_error
163.44263038399444,165.24754165940104,169.29194336511907,1.804911275406596,forward_lean_error
162.93160682824964,165.23841827412957,168.16874110954058,2.30681144587993,forward_lean_error
162.37863331688578,165.0841774521668,168.25613975300675,2.7055441352810305,forward_lean_error
161.93379444406156,165.21251318824466,166.37279930799497,3.278718744183095,forward_lean_error
161.5070840302973,165.22034900157539,165.38483567075104,3.713264971278079,forward_lean_error
146.52896537469638,162.37820591997632,153.7735712384743,15.84924054527994,forward_lean_error
144.93138506758467,162.43564547366537,151.18033748826247,17.504260406080704,forward_lean_error
145.06951596805814,162.29109398797493,150.55183322121104,17.22157801991679,forward_lean_error
129.37563507667846,155.08372757983713,140.55774864402753,25.708092503158667,forward_lean_error
118.27250043175674,143.38699431067045,133.4361680135876,25.114493878913706,forward_lean_error
116.80037099914787,142.70424444433115,131.92767622182873,25.90387344518328,forward_lean_error
113.88044694510943,140.94625368993175,130.79070299706734,27.065806744822325,forward_lean_error
100.69682402654888,125.6170081062195,122.94918622734112,24.92018407967062,forward_lean_error
97.20873757875471,118.96607592860643,116.78654243240868,21.75733834985172,forward_lean_error
94.09729802689482,114.01782288432392,108.78743499825374,19.9205248574291,forward_lean_error
91.56759066031857,107.42305843576845,104.24238332438607,15.855467775449881,forward_lean_error
89.80022172577051,104.70868798683615,100.17920577977257,14.90846626106564,forward_lean_error
88.64276448534564,101.27390667474408,94.72240572191109,12.631142189398446,forward_lean_error
86.696399690706,100.26866666694018,91.81761961142273,13.572266976234175,forward_lean_error
86.4995138735915,100.68514348437348,89.21772410930443,14.185629610781987,forward_lean_error
83.53535477598497,99.49113030403264,85.36265538763627,15.955775528047667,forward_lean_error
86.91967603669313,102.25066797410534,82.66122602902847,15.330991937412207,forward_lean_error
84.5187284166552,102.74322926806683,70.89241714107234,18.224500851411634,forward_lean_error
82.10496807748389,100.59052553060849,71.53429487823384,18.4855574531246,forward_lean_error
81.72412566160558,106.73206059752239,72.31344919569788,25.007934935916808,forward_lean_error
78.54053574046802,101.75144783825901,69.88960432838519,23.210912097790995,forward_lean_error
73.74958823895945,96.50650421407936,72.44822131310846,22.75691597511991,forward_lean_error
76.79568627739653,99.28926981252194,75.50946072934163,22.49358353512541,forward_lean_error
68.35214118907692,89.010058278484,73.3315692021624,20.65791708940708,forward_lean_error
45.46958770239142,57.40711109810755,42.31710369846573,11.937523395716127,forward_lean_error
44.94026709438597,55.225706003866314,43.83848813079029,10.285438909480341,forward_lean_error
45.17803611259843,51.66712907196005,46.90598960087762,6.489092959361621,forward_lean_error
39.59316183179593,47.482165410159546,48.968217497329576,7.889003578363614,forward_lean_error
40.87850874381461,47.92610353977773,46.33198572837586,7.047594795963114,forward_lean_error
40.25807311374568,46.62929027996012,47.033242359053,6.371217166214436,forward_lean_error
41.29957047488939,48.225213960835184,48.799180455062576,6.925643485945791,forward_lean_error
41.26671565994405,49.92266712499745,52.45327929182003,8.655951465053406,forward_lean_error
39.86806434456633,51.56571418951194,58.07589893082934,11.697649844945609,forward_lean_error
42.718108906576354,62.39458296877308,57.06839754767996,19.676474062196725,forward_lean_error
55.76323043553404,75.11901693701334,65.44798764909046,19.3557865014793,forward_lean_error
78.33342583326554,120.15021662061945,79.59359177224728,41.81679078735391,forward_lean_error
74.42839177649275,98.53958052316068,74.2258084338883,24.111188746667935,forward_lean_error
77.24224079919377,112.90220992113328,87.04024754726089,35.65996912193951,forward_lean_error
101.06443807924525,139.3498833209648,82.06614900871216,38.28544524171956,forward_lean_error
98.27352574251317,117.05047354840649,81.39814749765715,18.776947805893315,forward_lean_error
98.43068958443547,114.16211526605765,83.26501805560835,15.731425681622184,forward_lean_error
99.77713948066221,115.28782822131409,82.25107877324375,15.510688740651872,forward_lean_error
99.38742992052286,116.38432989437872,85.03440899402395,16.99689997385586,forward_lean_error
99.42731989474284,121.01800612993188,86.73471289255355,21.59068623518904,forward_lean_error
103.92691509909353,124.47711461105087,89.83698780550722,20.55019951195733,forward_lean_error
121.83613098631312,135.82904627323992,105.74310101584834,13.992915286926802,forward_lean_error
123.81753875019267,137.76104538808772,108.66731674559502,13.943506637895055,forward_lean_error
133.5413238936092,145.55828939538313,112.89955070228858,12.016965501773939,forward_lean_error
137.1155319175215,153.30163412626763,120.21352545282906,16.18610220874612,forward_lean_error
141.9109079838058,158.83921631921353,126.17558151797597,16.928308335407735,forward_lean_error
151.79562718589227,161.47686382654692,138.0846140731641,9.681236640654646,forward_lean_error
153.1507601929868,162.62780456406077,141.29373639721112,9.477044371073958,forward_lean_error
154.22712878655088,163.66681999367003,145.79824996075726,9.439691207119154,forward_lean_error
154.53064565845162,163.08026437304494,152.14894051165984,8.549618714593322,forward_lean_error
153.57454738779984,161.77361846866955,158.40677835818624,8.199071080869714,forward_lean_error
154.21086688711767,161.8199495402907,159.81888450354464,7.609082653173033,forward_lean_error
154.08369429045226,162.13347358397695,163.2223095838308,8.049779293524693,forward_lean_error
153.36993302518624,162.28857528942626,164.45534343540564,8.91864226424002,forward_lean_error
151.27427688829368,160.80340845700314,164.39683261314215,9.52913156870946,forward_lean_error
153.48949025542046,161.45192244156203,164.455326868365,7.9624321861415694,forward_lean_error
154.79704875143213,161.94234568845962,164.89313122150028,7.145296937027496,forward_lean_error
155.05649084503125,162.52847130092525,165.69797339801895,7.471980455893998,forward_lean_error
156.65409425053141,163.16926915206193,166.22498484526605,6.515174901530514,forward_lean_error
155.05350530714935,162.66815175083676,168.58161711635006,7.6146464436874055,forward_lean_error
154.64847970857812,162.33905894478724,169.29695969797532,7.690579236209118,forward_lean_error
152.48295861633983,161.81734595696292,168.5067450558769,9.334387340623095,forward_lean_error
151.81491601818007,161.5233204026853,168.32815336739495,9.70840438450523,forward_lean_error
151.2611054535607,160.39103603524214,167.95562071635584,9.129930581681435,forward_lean_error
151.9833688724342,161.2145637312326,168.86411514190684,9.231194858798403,forward_lean_error
154.62972248257267,161.5218337141872,170.36637885051266,6.892111231614535,forward_lean_error
156.97700728969565,161.82502374413073,171.27284918722313,4.848016454435083,forward_lean_error
157.15394036748555,162.93793379943713,171.2102400568675,5.783993431951586,forward_lean_error
156.9367371016548,162.8846116695789,171.23406517028303,5.947874567924089,forward_lean_error
156.83656130531872,162.93238452682405,171.84592764883507,6.095823221505327,forward_lean_error
157.14817863587953,162.9471005329149,172.27931614250136,5.79892189703537,forward_lean_error
156.61201687274186,163.3945143999856,172.2344933384431,6.782497527243748,forward_lean_error
155.28850847500863,163.25430685341365,172.18489197435596,7.965798378405026,forward_lean_error
155.82295932368098,163.3812338035356,171.87560040863332,7.558274479854617,forward_lean_error
156.7256113052373,165.51243652895937,171.91685323878053,8.786825223722076,forward_lean_error
157.32548483906328,166.0466985421403,171.9196377659415,8.721213703077012,forward_lean_error
157.3147534236994,165.72805067892213,171.74137500103257,8.413297255222744,forward_lean_error
158.38754159143616,166.22756345896093,170.85845569440212,7.840021867524769,forward_lean_error
159.67514093107303,167.0824447851966,168.32989315572175,7.407303854123569,forward_lean_error
136.51749647321418,156.8691776417822,131.32242697913722,20.351681168568007,forward_lean_error
127.04264710949528,150.98461333435034,121.95516525900166,23.941966224855065,forward_lean_error
124.04710819745954,149.45096026034952,118.98241709453092,25.40385206288998,forward_lean_error
118.5125481552857,143.82315268279868,116.01767101190381,25.31060452751298,forward_lean_error
112.24108021407828,137.3543754902751,110.24216826238725,25.11329527619681,forward_lean_error
106.72918792348962,130.98794460701305,105.4801877291792,24.25875668352343,forward_lean_error
102.15432384940003,126.09623911830245,102.44880996684833,23.94191526890242,forward_lean_error
99.9874885366871,121.69255495881133,98.56834247903284,21.705066422124233,forward_lean_error
89.66454960245024,103.73439893379799,89.56650537026206,14.069849331347754,forward_lean_error
82.25527994717513,95.33539778336237,86.23701158549513,13.080117836187242,forward_lean_error
79.15487435670566,92.40851242287422,84.34442396596891,13.253638066168563,forward_lean_error
80.19247980452805,92.21805069214773,84.36280490336539,12.02557088761968,forward_lean_error
81.43907226341832,91.88470025021785,82.239146323359,10.445627986799522,forward_lean_error
79.73309481806231,90.46992550549027,78.97841299772773,10.736830687427954,forward_lean_error
74.04405343238783,80.45996657769537,74.76903436143857,6.415913145307542,forward_lean_error
66.24298211677406,75.93392003700629,71.41460752730437,9.69093792023223,forward_lean_error
62.36333428522058,75.43503958916847,67.19044291419358,13.071705303947887,forward_lean_error
61.91776550235183,74.20713949807234,68.00859003570841,12.28937399572051,forward_lean_error
58.13575966672082,73.57658568249734,66.94007370735787,15.440826015776516,forward_lean_error
57.60539418021893,72.4246808615219,67.37494476356751,14.819286681302977,forward_lean_error
57.56648729085628,68.13798757008304,66.77567859069742,10.571500279226761,forward_lean_error
54.93783678485876,67.99750382106876,66.01412620347185,13.059667036210001,forward_lean_error
52.60491630425317,64.9397406822393,64.96334311504745,12.33482437798613,forward_lean_error
56.70297636404211,59.72336118906541,64.00113569202142,3.0203848250232994,forward_lean_error
57.72291504442133,58.478175105153205,64.37638762135688,0.755260060731878,forward_lean_error
55.35799325836814,56.74300702428578,63.75968129651408,1.3850137659176411,forward_lean_error
54.136281073135244,56.948024552782286,62.022677255691164,2.811743479647042,forward_lean_error
53.87062529611472,57.371314570853855,61.84777664461992,3.5006892747391376,forward_lean_error
53.9780449112337,57.317507888478,61.84822497942807,3.3394629772442954,forward_lean_error
54.35934357489017,58.23720663581063,62.26685106342524,3.877863060920461,forward_lean_error
54.86279955473797,60.140692852509424,61.933581781089096,5.277893297771456,forward_lean_error
56.51529149821537,62.779055882739584,64.39461140516063,6.263764384524215,forward_lean_error
60.197099007637476,66.71019423873587,67.00982831714701,6.51309523109839,forward_lean_error
60.423261182877624,72.71595778549118,68.20740879263403,12.29269660261356,forward_lean_error
62.85540424386831,76.05661018511029,70.43452049776131,13.20120594124198,forward_lean_error
66.32485485526121,82.40013460476563,73.12787793038198,16.075279749504418,forward_lean_error
72.37087320285937,89.68763821941947,79.1113204478484,17.316765016560097,forward_lean_error
87.55898782501029,103.30371390453826,85.9698620330939,15.744726079527965,forward_lean_error
97.44376293887635,109.69061595852163,90.20437749124392,12.246853019645286,forward_lean_error
99.73354800875921,110.9557309408197,92.25014903539521,11.222182932060491,forward_lean_error
104.63149833992941,119.99705214900786,94.30637200167595,15.365553809078449,forward_lean_error
107.80274692493818,121.79484113414469,94.74211542466914,13.992094209206513,forward_lean_error
112.72256490750789,131.21677684100482,97.65768970186217,18.494211933496928,forward_lean_error
110.8491124335061,133.95589827567332,97.73635930083258,23.106785842167227,forward_lean_error
111.71761984325582,131.87348810645724,99.91254680424777,20.155868263201427,forward_lean_error
125.46671021709926,143.00064929618048,110.59356954195862,17.53393907908122,forward_lean_error
130.67648399820536,152.87631931349972,118.49960848127758,22.199835315294365,forward_lean_error
140.00959101883615,160.9458512081283,126.68170257259528,20.936260189292142,forward_lean_error
150.4389194719509,162.0812154469167,136.89774143554106,11.642295974965805,forward_lean_error
157.43843541223697,163.19887590645388,147.87906707390675,5.760440494216908,forward_lean_error
159.07561066050272,164.61547162273348,152.83578535798594,5.539860962230762,forward_lean_error
159.12754292484217,164.33112995470387,155.54888169772317,5.203587029861694,forward_lean_error
159.63391207150428,164.13974418506507,157.9423491562094,4.5058321135607855,forward_lean_error
161.47132309187157,164.73969221393213,166.1917348802431,3.2683691220605624,forward_lean_error
161.9990348574366,164.82374135849966,169.30249237440418,2.824706501063048,forward_lean_error
161.99223379517994,165.0242213957848,170.74477940003402,3.0319876006048503,forward_lean_error
161.73313430718153,165.42770610296435,170.28930133804363,3.694571795782821,forward_lean_error
161.66951345855404,165.006729380305,170.8340806161364,3.3372159217509534,forward_lean_error
159.71259404535056,164.12698833817026,171.33748736570732,4.414394292819708,forward_lean_error
160.05570027782002,164.50824152089652,170.74512222160743,4.452541243076496,forward_lean_error
160.55383749476252,165.3857081022427,170.32768364569367,4.83187060748017,forward_lean_error
160.48844983113136,164.89472105913026,171.09211621902693,4.4062712279989,forward_lean_error
160.72981322765386,164.89025674565175,171.00395395530543,4.160443517997891,forward_lean_error
160.29031059239375,164.8878472714851,171.67075252306984,4.597536679091348,forward_lean_error
160.68706487430967,164.8207825315849,171.56170597607525,4.133717657275241,forward_lean_error
160.7127799670366,165.22364892957006,171.45398649822138,4.510868962533465,forward_lean_error
160.63668879771384,165.23448279085557,171.50127888220604,4.597793993141721,forward_lean_error
160.81868133693993,165.28697656010223,171.4788083441929,4.4682952231623005,forward_lean_error
160.94198979457093,165.31349119049943,170.98682826562717,4.3715013959285045,forward_lean_error
160.90028858694828,165.1816720043404,171.16296078822415,4.281383417392135,forward_lean_error
160.91083846681147,165.14391500003296,171.09928706117756,4.233076533221492,forward_lean_error
160.9538263456077,165.1263465488756,170.48236018149112,4.172520203267908,forward_lean_error
161.0069346062316,165.1165865277811,170.46182928975162,4.109651921549499,forward_lean_error
161.03333470058402,165.0940820471027,170.4309168390426,4.060747346518667,forward_lean_error
159.5622112527654,164.7005879360442,170.20957931724186,5.138376683278807,forward_lean_error
159.04344285861313,164.47682611500585,169.45898730679554,5.433383256392716,forward_lean_error
159.1259063257747,165.03429285157878,169.12562165054302,5.908386525804076,forward_lean_error
159.5554516441298,166.02415765695355,169.2632286080207,6.468706012823759,forward_lean_error
160.54755652809104,166.61319053734084,168.91834139409437,6.065634009249806,forward_lean_error
160.26310549032894,165.86927828230773,167.06879346792505,5.606172791978793,forward_lean_error
158.488401822103,163.450770005683,164.561783124497,4.9623681835800255,forward_lean_error
154.55268451318506,161.39188379168758,162.03127056167423,6.8391992785025195,forward_lean_error
133.75289422986182,157.33643060370346,143.21557478389374,23.58353637384164,forward_lean_error
122.23164091365263,149.66499082006482,130.8244939907569,27.43334990641219,forward_lean_error
116.83347139448114,145.9184395359996,120.87799915317271,29.08496814151846,forward_lean_error
112.44893463338964,139.67544769472173,115.74448135339864,27.226513061332085,forward_lean_error
109.36133888241181,135.6925290073475,111.26933352992383,26.331190124935688,forward_lean_error
93.69419594533501,116.15093858509822,95.5991012021353,22.456742639763206,forward_lean_error
92.78466705464506,116.02887175679133,92.65727285009481,23.244204702146277,forward_lean_error
94.79233004146305,119.44813881548296,91.85125178636181,24.655808774019917,forward_lean_error
95.01884607678885,115.21168948681877,90.31952900410016,20.192843410029923,forward_lean_error
92.49876986663945,109.94306304089817,89.66525064084937,17.444293174258718,forward_lean_error
88.75463162619683,107.15371510729055,89.15091652795661,18.399083481093726,forward_lean_error
85.55330935469829,105.15676575509629,86.77202595630148,19.603456400398002,forward_lean_error
73.94444846887367,94.76146446959963,77.68127670803064,20.817016000725957,forward_lean_error
66.02490846241204,82.63417560028952,71.75860405838387,16.60926713787748,forward_lean_error
65.49298719996919,80.8863631444974,71.02452259297208,15.393375944528202,forward_lean_error
63.26009625766342,78.35191074167136,70.44742528050753,15.09181448400794,forward_lean_error
62.542637282270206,78.3241952571453,68.20869049700671,15.7815579748751,forward_lean_error
61.694790613441626,75.71505045437573,66.66112893325123,14.020259840934102,forward_lean_error
61.28139325647356,76.53387985090882,66.44112314870492,15.252486594435261,forward_lean_error
61.452310288930995,74.72945595411846,66.56384616768881,13.277145665187469,forward_lean_error
63.9391026088802,73.7315853573043,67.44677583618375,9.7924827484241,forward_lean_error
63.532766380994296,72.76283764591197,67.14417723189625,9.230071264917676,forward_lean_error
64.19042205066417,72.9269012822613,67.35117319627564,8.73647923159713,forward_lean_error
63.87226535444032,74.11390626099374,66.53953454096984,10.241640906553421,forward_lean_error
63.17523458942856,73.58889787756156,66.5448308998098,10.413663288133002,forward_lean_error
62.83075052946583,73.48547358960424,64.71042331880231,10.654723060138409,forward_lean_error
62.813518951123875,74.29845372443278,64.43581409726849,11.4849347733089,forward_lean_error
63.140712137407185,74.52357689655366,64.07318105497399,11.382864759146479,forward_lean_error
64.89157479242128,78.5861975106156,68.07125916009412,13.694622718194324,forward_lean_error
66.90217318822978,80.75536455647185,70.56883612729462,13.853191368242065,forward_lean_error
71.4491227659266,87.0332238916694,73.71405149452191,15.58410112574279,forward_lean_error
73.9009812939743,89.64178921729145,74.8683966638569,15.74080792331715,forward_lean_error
75.61716622717638,94.8014942398094,77.46443426733042,19.184328012633017,forward_lean_error
78.87385672451317,96.32943166463114,79.66202794789201,17.45557494011797,forward_lean_error
78.76614052127871,97.30683100229157,79.1098567142388,18.54069048101286,forward_lean_error
81.2392858066858,101.18799382617965,80.45855011027184,19.94870801949385,forward_lean_error
93.84533099228133,113.88540057342315,89.77867704423102,20.04006958114182,forward_lean_error
103.01774429965397,117.56932162748181,94.95616422203204,14.551577327827843,forward_lean_error
111.73999874294161,124.27702190760897,101.09307382605257,12.53702316466736,forward_lean_error
113.05731575266255,126.34965013657703,102.26332887037925,13.29233438391448,forward_lean_error
114.39110444005944,129.92023589574532,104.40844403312367,15.529131455685885,forward_lean_error
125.04604300326012,140.6662535809432,112.91626041309176,15.620210577683068,forward_lean_error
142.65090854535563,159.4864867231273,125.06819651277398,16.83557817777168,forward_lean_error
150.4957729078443,164.68804183500112,134.72745232696937,14.192268927156817,forward_lean_error
151.8464611109191,163.9532993201347,138.88431874912087,12.106838209215596,forward_lean_error
154.8566992744151,164.70616432207973,143.36388336816333,9.849465047664637,forward_lean_error
156.1286578166935,165.63165235031454,147.76763776008698,9.502994533621035,forward_lean_error
155.85271814707957,167.69988501920176,150.4798951612483,11.847166872122187,forward_lean_error
157.59365423435173,166.63048482738319,156.70742223216467,9.036830593031453,forward_lean_error
160.38035764675607,164.83124919002705,165.42580571699776,4.450891543270984,forward_lean_error
159.45807026206097,163.39673388229974,168.6578560352998,3.9386636202387706,forward_lean_error
160.02754239450422,163.39154005455552,172.19789622741035,3.3639976600512966,forward_lean_error
158.8773071793987,163.23836990483093,171.71897052684002,4.36106272543222,forward_lean_error
159.93142377993135,165.03983217822162,174.21740503757115,5.1084083982902655,forward_lean_error
160.4065297661188,164.43392740278802,173.61320687228994,4.027397636669207,forward_lean_error
157.30843652739222,163.97774094286677,173.4244668621575,6.669304415474556,forward_lean_error
158.59842910195243,164.29502618867272,174.16110080654425,5.696597086720288,forward_lean_error
158.5456142862979,164.06752364703786,173.717770473585,5.521909360739954,forward_lean_error
158.18158750078297,163.95670620581447,173.76648014126692,5.7751187050315025,forward_lean_error
158.6590258160499,164.04427003929757,174.3563045930076,5.385244223247668,forward_lean_error
158.1322516253609,163.91885027185916,174.2249757559165,5.786598646498248,forward_lean_error
159.36532124099497,164.32194774927504,173.8870749227532,4.956626508280067,forward_lean_error
159.05829726831297,164.00794831290384,173.39570160570253,4.9496510445908655,forward_lean_error
158.3557532681209,164.27143994529828,171.8111159560199,5.915686677177376,forward_lean_error
157.51041619554977,164.0181605026182,170.67058817117103,6.507744307068435,forward_lean_error
157.32940475206797,164.23254460677308,170.16504461792988,6.903139854705103,forward_lean_error
157.22105561920216,163.86886088264885,170.0454848186426,6.647805263446685,forward_lean_error
158.90302925755984,163.92634278784806,169.93113408009978,5.02331353028822,forward_lean_error
159.5445400102784,163.91805441461642,169.95094493550602,4.37351440433801,forward_lean_error
158.0542102602308,164.1514524879508,168.23078640075502,6.097242227719988,forward_lean_error
158.67180084668894,165.81934656311066,168.62176561847713,7.1475457164217175,forward_lean_error
159.2210240832797,166.9394187978757,167.8357852534247,7.718394714596002,forward_lean_error
159.7636970661723,166.5926402985273,166.07376244592868,6.8289432323549875,forward_lean_error
159.32884056050742,166.17895803738577,166.2590391200235,6.850117476878353,forward_lean_error
158.23780732314043,167.95861536525138,161.12140969618213,9.720808042110946,forward_lean_error
154.61827462468827,166.95000605550678,152.42629921423986,12.331731430818508,forward_lean_error
117.05076403493571,144.892795373248,123.85946785580079,27.84203133831228,forward_lean_error
107.81966267235516,135.36988471307984,111.47389344370974,27.550222040724677,forward_lean_error
103.76350476847229,133.13013444581122,107.36424605851683,29.366629677338935,forward_lean_error
102.61656929678843,130.64626708793872,105.3983011086347,28.029697791150298,forward_lean_error
98.357465916989,125.00028051253405,99.54065141335751,26.642814595545047,forward_lean_error
94.3519896257897,117.73196233091188,94.76301178075052,23.379972705122185,forward_lean_error
90.30603801211072,113.65041979794707,91.76989950848673,23.344381785836347,forward_lean_error
89.5646453460473,113.29476544313773,90.16021868380292,23.730120097090435,forward_lean_error
87.12114819622397,108.42456531596471,84.69294700834679,21.303417119740743,forward_lean_error
84.29506272038516,101.89360435945987,83.49924845897515,17.59854163907471,forward_lean_error
85.00696880501232,98.1066493259528,78.4086794467713,13.099680520940481,forward_lean_error
84.47754036917908,94.7440917728577,77.94147868786123,10.26655140367862,forward_lean_error
79.63941506352913,87.91172671649737,73.27814374025844,8.272311652968241,forward_lean_error
76.70035018745281,88.11934787291659,69.16022942632735,11.41899768546378,forward_lean_error
74.48213978765438,85.7617714733977,69.0948679277716,11.279631685743325,forward_lean_error
71.20959718163694,84.18586696507295,66.5367281609648,12.97626978343601,forward_lean_error
64.0163461381126,73.8115368941073,60.50447714279321,9.79519075599471,forward_lean_error
61.991268727618724,73.52776659381796,61.084798089089354,11.536497866199234,forward_lean_error
60.13807622067056,70.49823501786373,62.356420528223474,10.360158797193172,forward_lean_error
59.54443899847455,69.27828155035156,62.18048117965981,9.733842551877018,forward_lean_error
55.33517318068388,64.93463795791116,58.644969963487306,9.599464777227283,forward_lean_error
53.32491522583536,63.35753399245091,56.495375575950106,10.032618766615549,forward_lean_error
54.080855905356664,64.53618328996964,56.701390077571624,10.455327384612978,forward_lean_error
53.003644247721795,63.27417470773865,55.83084017208453,10.270530460016857,forward_lean_error
53.73175557844187,63.42548318215848,56.06258466542645,9.69372760371661,forward_lean_error
52.1037843496428,64.18493704170143,55.44864687940002,12.08115269205863,forward_lean_error
52.22709379162604,64.02413970100388,54.781708583411,11.797045909377836,forward_lean_error
51.963229532373376,66.80154932405101,55.21886513559225,14.838319791677634,forward_lean_error
57.00902700395097,77.43356234007759,58.375297474990674,20.424535336126617,forward_lean_error
63.88167676761502,79.69458747852275,64.03933220541627,15.81291071090773,forward_lean_error
70.4702245412431,88.02043877926386,70.53357236699303,17.550214238020757,forward_lean_error
78.59027556578152,95.04493139943108,78.87702121719329,16.454655833649554,forward_lean_error
81.6385065752096,99.79052762227278,81.78761673370407,18.152021047063172,forward_lean_error
83.97203215002057,101.14654014987784,83.62849132351178,17.17450799985727,forward_lean_error
88.90970194357861,105.32793932067827,86.90797182311854,16.418237377099658,forward_lean_error
97.5595592568998,115.70618741088144,93.16770582316502,18.146628153981638,forward_lean_error
98.37043806247651,116.0414152114988,94.05282833711222,17.670977149022292,forward_lean_error
102.31559278400093,122.95949539422932,96.83727506289546,20.643902610228395,forward_lean_error
107.4151452580674,126.95043357227058,99.83059873972998,19.535288314203186,forward_lean_error
109.99946930075068,129.92504150821858,102.37455866781144,19.92557220746791,forward_lean_error
127.16680200745311,144.91484629969236,113.9568297226853,17.748044292239243,forward_lean_error
129.55451000699327,154.14590799730135,117.29640649003426,24.59139799030808,forward_lean_error
132.75846478038187,155.55862065912618,119.60318362225973,22.800155878744306,forward_lean_error
138.95801566003487,161.1560910971297,126.54491348718425,22.198075437094815,forward_lean_error
146.3616055698715,162.12381973925608,133.6591865570692,15.762214169384578,forward_lean_error
156.43739090629305,164.81410303517137,143.0453508185103,8.376712128878324,forward_lean_error
157.3210267466727,165.29160470770282,145.521751623686,7.970577961030131,forward_lean_error
159.25680881005428,164.19719786509293,151.87820814100877,4.940389055038651,forward_lean_error
160.07928426391538,163.92221164619113,158.1763633848623,3.8429273822757466,forward_lean_error
160.72190728799086,162.9085228565948,162.53495022539462,2.1866155686039406,forward_lean_error
161.12256735985986,164.0392480028487,163.71965876744065,2.916680642988837,forward_lean_error
160.08952049410163,163.76427406092222,165.19088281818438,3.674753566820584,forward_lean_error
160.3508480147528,164.87717295504055,165.35386276266453,4.526324940287736,forward_lean_error
160.85511485210728,164.81815710095245,167.07468249393511,3.96304224884517,forward_lean_error
161.31799061824643,164.77768892966654,168.26880716611825,3.4596983114201123,forward_lean_error
161.04609868876773,164.9220866538053,168.78245565522485,3.875987965037581,forward_lean_error
161.07695659324366,164.8597474293378,169.055598624102,3.7827908360941365,forward_lean_error
161.14445624518962,164.79402134725498,170.02632101193853,3.6495651020653668,forward_lean_error
160.84639549490615,164.7804420250123,169.82658722341722,3.9340465301061442,forward_lean_error
161.1701005363757,164.84526931225903,169.72347106736453,3.6751687758833214,forward_lean_error
161.33445545920378,164.90811646378518,169.62831547480172,3.573661004581396,forward_lean_error
161.261148322993,164.87945436002903,169.1813490196764,3.618306037036035,forward_lean_error
161.1823947649653,164.94152968946116,168.89148099622386,3.759134924495868,forward_lean_error
161.25452016537028,165.04677132260093,168.58120744492848,3.792251157230652,forward_lean_error
161.8423802111708,165.14181577682976,168.81232896315055,3.2994355656589676,forward_lean_error
161.66303323526895,165.06944640622538,168.91276456540797,3.4064131709564265,forward_lean_error
161.7190445744916,165.07586448192328,168.72799280487425,3.356819907431685,forward_lean_error
161.66564495405854,164.99701525474583,168.61482457677224,3.331370300687297,forward_lean_error
161.5975501628255,164.96898197537317,168.61946290523554,3.3714318125476552,forward_lean_error
159.94722602200633,165.63798655434596,166.53218700203448,5.690760532339624,forward_lean_error
160.0425681272225,167.45913110390973,166.27359652053806,7.416562976687231,forward_lean_error
158.514770377828,167.1830689376021,162.1438577955236,8.668298559774087,forward_lean_error
152.35454999616599,165.89951472736035,154.61158223961317,13.54496473119437,forward_lean_error
142.3824079091526,160.89856028359273,149.3348288699622,18.51615237444014,forward_lean_error
136.37296561999602,160.26801234889254,140.51803764158646,23.895046728896517,forward_lean_error
122.83683228888862,156.20335282191317,133.92887078970801,33.366520533024556,forward_lean_error
115.00862416666318,153.34627122492785,127.24038754952504,38.337647058264665,forward_lean_error
107.30378118356414,141.19192871539275,118.25500250519134,33.88814753182861,forward_lean_error
105.44048485485767,136.17852892166334,112.64531161064883,30.73804406680567,forward_lean_error
106.95200479457512,134.8899529803757,109.08121845724624,27.937948185800593,forward_lean_error
103.71917453430153,131.6948119628707,104.43866791749474,27.975637428569158,forward_lean_error
102.4179235445668,129.6499596149131,101.53452008028178,27.232036070346282,forward_lean_error
100.46488267659375,125.71288191906665,99.22896910172264,25.2479992424729,forward_lean_error
92.88174466145453,116.83983571102002,95.27781297220506,23.958091049565482,forward_lean_error
90.01665609380349,110.70061900999393,93.46594619780309,20.68396291619044,forward_lean_error
77.97355927611157,96.02785031940378,83.10665387354577,18.05429104329221,forward_lean_error
74.04513806708593,92.90903370262663,81.07741195943504,18.8638956355407,forward_lean_error
71.46858996388674,87.59394362000775,78.69290046745016,16.125353656121007,forward_lean_error
68.08015333013425,83.30084177091696,74.64790907416545,15.220688440782709,forward_lean_error
68.5727658915284,82.11413117195642,73.33817575125099,13.54136528042801,forward_lean_error
66.72030483057911,78.22902221200945,72.08297744545624,11.508717381430344,forward_lean_error
65.41792796465121,75.92426896845454,69.21262806108143,10.506341003803328,forward_lean_error
63.21040884479097,74.5219705498318,66.9871324971316,11.311561705040837,forward_lean_error
61.82378112961369,76.74365712864527,64.57298804828551,14.919875999031575,forward_lean_error
60.67717910652096,73.69276856869882,64.02675056713719,13.015589462177864,forward_lean_error
60.59278202655519,73.5544589907339,62.830534726857415,12.961676964178714,forward_lean_error
57.655186772581565,67.58680526858427,60.91934121773005,9.931618496002706,forward_lean_error
57.146062043487085,69.24979112108048,60.027769163563576,12.103729077593393,forward_lean_error
57.904979624137745,68.46653628399432,60.343329445863404,10.56155665985657,forward_lean_error
58.52929224722702,67.3672203925091,60.850869153528386,8.837928145282078,forward_lean_error
57.772875644991785,67.4040353230362,61.26371541143117,9.631159678044412,forward_lean_error
56.986410082352485,67.70830352094784,60.74433905002808,10.721893438595352,forward_lean_error
57.286096200075136,68.50484013604229,61.50319289146863,11.218743935967154,forward_lean_error
59.27324571636542,70.35793900052202,62.608131154941724,11.0846932841566,forward_lean_error
61.73393935893083,70.82216465043984,64.29862029916775,9.088225291509012,forward_lean_error
66.98243854602619,75.47389682911748,66.24137200324274,8.49145828309129,forward_lean_error
69.80034961664487,77.79579150284671,68.60347043766103,7.995441886201846,forward_lean_error
77.36989271342223,87.80101008435295,75.27260159983886,10.431117370930721,forward_lean_error
83.56475069862948,91.14991906878498,80.64833423298833,7.5851683701555,forward_lean_error
85.78928552883818,96.20651653521406,85.40567448708566,10.417231006375886,forward_lean_error
86.33363541660098,103.61836862614308,87.32871845303498,17.284733209542097,forward_lean_error
88.27792592462298,106.37437354013912,89.78808274830543,18.09644761551614,forward_lean_error
87.86829101848107,107.65827240307023,91.82231739642458,19.789981384589154,forward_lean_error
89.99747873371646,112.80112083549531,95.50060600286723,22.80364210177885,forward_lean_error
94.45077218073294,117.65837313372046,98.91286231005598,23.20760095298752,forward_lean_error
101.50155189898618,130.3023877358728,110.04844989031422,28.80083583688662,forward_lean_error
108.4391161534543,133.34599330390296,115.34080497195355,24.906877150448665,forward_lean_error
111.83011306245025,134.63427842772876,119.43127116559822,22.804165365278507,forward_lean_error
123.47095136563178,144.71097829756863,121.98550569563761,21.240026931936853,forward_lean_error
137.71294029505611,155.64872363834166,136.71239922413253,17.93578334328555,forward_lean_error
152.762194657783,161.17829354827876,149.4957537624867,8.41609889049576,forward_lean_error
155.57546312029336,162.5914614972546,151.1944146664739,7.0159983769612495,forward_lean_error
158.59038411607608,162.94991042335408,154.96400857658108,4.359526307278003,forward_lean_error
158.4766260230804,162.3124121427669,158.446852013714,3.835786119686503,forward_lean_error
160.05548978031547,163.37184741065113,159.87999898912742,3.3163576303356592,forward_lean_error
162.50855723566295,164.76300186663548,161.71319467962056,2.254444630972529,forward_lean_error
161.98380772652098,165.10666393631212,160.50814600846726,3.122856209791138,forward_lean_error
158.46063047371283,163.76866905584245,159.3514701316701,5.308038582129626,forward_lean_error
156.0230604199706,162.80238792423114,158.92700750094556,6.77932750426055,forward_lean_error
156.5346806395171,162.89756423457266,158.65933166149094,6.362883595055564,forward_lean_error
156.5376767827921,162.62114444957876,159.22736135605936,6.0834676667866745,forward_lean_error
154.91643411629903,162.249971819128,158.1505454231538,7.333537702828977,forward_lean_error
154.51273386169763,162.04949918130916,157.38737109789574,7.536765319611533,forward_lean_error
158.91383430007912,162.3773895967071,162.39707163350744,3.4635552966279874,forward_lean_error
160.96355491083378,162.87791514664332,164.48158359636787,1.9143602358095393,forward_lean_error
161.44498365721475,164.82067066400674,166.47102178556273,3.375687006791992,forward_lean_error
164.58685568954587,165.29901630385817,167.3675051095573,0.712160614312296,forward_lean_error
164.50756116269048,165.13970916978312,167.555173924689,0.6321480070926384,forward_lean_error
164.745037590272,164.88116492990386,167.73057518073884,0.1361273396318552,forward_lean_error
165.14354163128073,164.7144707406865,168.16092189322507,0.4290708905942324,forward_lean_error
164.90122549357167,164.3926237015819,167.8773360481436,0.5086017919897756,forward_lean_error
164.45312170148057,163.61755490757602,168.30738703082764,0.8355667939045475,forward_lean_error
164.78426790627833,163.8640442462626,168.47798633844158,0.9202236600157221,forward_lean_error
164.75585446849414,164.30009525198415,168.19828363410855,0.4557592165099891,forward_lean_error
164.35669336497043,165.24445608213736,168.25635931732464,0.887762717166936,forward_lean_error
163.79953088568874,165.43656444478322,168.24800347667934,1.6370335590944762,forward_lean_error
163.3074559481973,165.38763129961845,167.88987508581454,2.080175351421161,forward_lean_error
163.0770130618634,165.41913328122763,167.80360936268264,2.342120219364233,forward_lean_error
162.51204787899988,165.12333125022658,168.23452968594736,2.6112833712267047,forward_lean_error
160.95828853300557,164.72582998973098,168.6198630990916,3.767541456725411,forward_lean_error
160.2676570593214,163.16363764594306,169.95707527851567,2.895980586621647,forward_lean_error
158.95848400363963,162.60201105698934,170.99930959829214,3.6435270533497146,forward_lean_error
158.12870639878443,162.3415541461985,172.0449442821041,4.2128477474140595,forward_lean_error
158.7812233303656,163.4052739230812,172.6198898313643,4.624050592715605,forward_lean_error
158.97539604701186,164.2407230500099,173.00630968408854,5.265327002998049,forward_lean_error
160.00317674254975,163.984909586479,174.57389932499214,3.981732843929251,forward_lean_error
160.2374217734861,163.7281178336802,174.0623176647207,3.4906960601940966,forward_lean_error
160.00665989057484,163.65644280705934,172.94090054661066,3.6497829164844973,forward_lean_error
159.40487441707216,162.92486377074687,170.42202554576065,3.5199893536747027,forward_lean_error
157.76950707343693,162.66201462562495,170.1599991121154,4.892507552188022,forward_lean_error
156.8687585245654,162.5481921879136,170.44041576557066,5.679433663348192,forward_lean_error
156.9613657581573,162.07438398017896,169.41559081308102,5.113018222021651,forward_lean_error
158.03225215947305,162.18729881611083,169.57258036565113,4.155046656637779,forward_lean_error
157.19501766423332,160.5382175928933,171.4813518941531,3.3431999286599705,forward_lean_error
158.56818170479073,161.4656347732243,172.00877012729225,2.8974530684335775,forward_lean_error
159.72720138746897,161.8151182366536,172.8099913823388,2.087916849184637,forward_lean_error
159.7448727488501,161.5621113789673,174.64786061326126,1.8172386301172025,forward_lean_error
159.9173182273305,161.70166758814364,174.81232997631835,1.7843493608131382,forward_lean_error
159.72859772982525,161.72973152381022,174.82882280143528,2.0011337939849625,forward_lean_error
159.6784578027205,161.38677696720296,174.83310854999803,1.7083191644824751,forward_lean_error
159.9614006541379,161.74149990002735,175.4087356420036,1.7800992458894598,forward_lean_error
160.20385693868403,162.53894452639014,173.4012841833994,2.335087587706113,forward_lean_error
161.40799483735475,164.11073800831196,172.4622508514259,2.7027431709572056,forward_lean_error
161.7556388138961,164.4047268928837,171.9227000582096,2.649088078987603,forward_lean_error
161.60755496347463,164.88628942766917,171.5859901226978,3.2787344641945424,forward_lean_error
161.7374303519729,165.30168582328167,170.73689693260496,3.564255471308769,forward_lean_error
161.67493012370255,165.19516421098905,170.64186787476788,3.5202340872864966,forward_lean_error
159.56829870515014,164.14564763917028,168.75160507173254,4.5773489340201365,forward_lean_error
156.03025763388197,163.25751154368876,164.35207123234727,7.227253909806791,forward_lean_error
139.82596069622383,152.1417347721214,151.08639926165066,12.315774075897565,forward_lean_error
128.03192580630724,145.29563728899282,139.00210783501578,17.26371148268558,forward_lean_error
119.15410545419594,138.44012803462132,130.73323650732456,19.28602258042538,forward_lean_error
116.22279928972173,133.66890723637533,126.20928729945697,17.446107946653598,forward_lean_error
114.1878932433768,132.28838034657807,123.79485856890028,18.10048710320126,forward_lean_error
102.31792265371053,115.83322391155131,112.40785529865192,13.51530125784079,forward_lean_error
98.25608435258326,110.30178842975818,108.04639511419386,12.045704077174918,forward_lean_error
95.5651099148024,104.2516455036811,106.30993015294074,8.686535588878698,forward_lean_error
91.60622480844027,102.14735918720291,102.51402514493233,10.541134378762635,forward_lean_error
89.60671260427144,99.87392473105714,100.21746334348798,10.267212126785708,forward_lean_error
86.52339774574696,95.8587810905032,98.47570341513634,9.335383344756238,forward_lean_error
83.1927170630628,96.73556913254531,96.92730378998318,13.542852069482507,forward_lean_error
72.74800807980665,83.76310933857607,86.51443977521458,11.01510125876942,forward_lean_error
70.38312593414395,80.98117672822626,84.34710868472116,10.598050794082312,forward_lean_error
67.69194395851441,77.17751512422285,79.86425745179608,9.485571165708436,forward_lean_error
66.65270374380394,76.33793399650106,78.41151820545262,9.685230252697124,forward_lean_error
63.869273324468075,73.32793473209705,77.37236028954594,9.458661407628973,forward_lean_error
61.439992086994366,70.49128422578254,73.738267666251,9.05129213878817,forward_lean_error
62.31461314140376,69.39381385682695,72.5829705467551,7.079200715423191,forward_lean_error
57.343016908591444,63.100499824309885,66.85869195486919,5.757482915718441,forward_lean_error
56.75109945684038,62.66750095487265,64.68671917485987,5.916401498032272,forward_lean_error
57.48690148892876,63.928982130915664,62.13307922329411,6.442080641986905,forward_lean_error
56.74345339933108,62.63922210016271,61.9548093201831,5.895768700831631,forward_lean_error
53.02970430189385,59.86425791688705,59.787807870156875,6.834553614993197,forward_lean_error
53.81069799663213,60.159725110432326,59.71216195781583,6.349027113800197,forward_lean_error
55.147399608260876,61.789581508201806,60.21387770639186,6.64218189994093,forward_lean_error
55.724874506158834,62.414747298682954,60.372490021200825,6.68987279252412,forward_lean_error
56.38712249506612,67.27292607258065,62.66216332740831,10.885803577514523,forward_lean_error
57.9779784943661,73.13529159392525,65.32531226027535,15.157313099559147,forward_lean_error
60.5395915322473,76.22089167817782,66.39413018331217,15.681300145930521,forward_lean_error
68.25678187284932,84.65825722960791,73.0174290360945,16.401475356758596,forward_lean_error
72.70210466483168,86.32931570473588,76.90084852932851,13.627211039904196,forward_lean_error
75.15318812196185,92.25310208771083,80.87671024805564,17.099913965748982,forward_lean_error
79.35218402971205,95.03219023533757,85.89488833689909,15.680006205625517,forward_lean_error
83.12384762572378,102.6059323925827,89.31376261038825,19.482084766858918,forward_lean_error
93.77057039997392,118.4261481474069,95.37667803169413,24.655577747432986,forward_lean_error
94.3990446826946,117.4209594361661,96.01659329636483,23.021914753471506,forward_lean_error
101.47550939150054,120.8495546812833,95.34808587766872,19.374045289782757,forward_lean_error
107.63758920316211,127.9301016036287,97.99635315715268,20.29251240046659,forward_lean_error
114.48948783471624,129.98455329852573,111.36723900083459,15.495065463809482,forward_lean_error
114.40661339807997,131.1964071747616,116.14557341715204,16.78979377668162,forward_lean_error
121.58184898181884,138.15489102281754,121.2765507719729,16.5730420409987,forward_lean_error
129.45838362952162,142.8117965895415,126.2468469200167,13.353412960019881,forward_lean_error
152.39975910720554,157.6279350124452,146.96403344668454,5.228175905239652,forward_lean_error
157.33811131808568,161.32545871010763,152.68972262709113,3.9873473920219453,forward_lean_error
158.05091237466715,163.68884204188774,155.4125936922983,5.63792966722059,forward_lean_error
159.21738288375354,163.5943075800717,158.98683054667353,4.376924696318156,forward_lean_error
158.8209908751857,163.51503559363232,158.99850804619516,4.694044718446634,forward_lean_error
158.7496223440336,164.27993233527812,159.9436895106572,5.530309991244508,forward_lean_error
159.63812658459895,163.69716075592652,161.62505463120036,4.059034171327568,forward_lean_error
161.30011723154792,163.0652808615551,168.50945758715432,1.76516363000718,forward_lean_error
162.0771603970321,162.82877924798794,169.77392340657207,0.7516188509558503,forward_lean_error
162.19033785136637,163.00282097526576,170.77243684593725,0.8124831238993977,forward_lean_error
161.5932707422011,163.39778200283084,169.18500920724097,1.804511260629738,forward_lean_error
161.5297766078625,163.4157073407946,170.60712218877612,1.8859307329321098,forward_lean_error
161.9812924213994,163.45031904880855,173.85071175905873,1.4690266274091641,forward_lean_error
160.30837068178212,162.97243374392747,173.1006196804002,2.6640630621453454,forward_lean_error
160.51087807590997,163.0528307929717,172.49909822601748,2.5419527170617187,forward_lean_error
160.83245535792366,163.13432461725276,172.09435656654387,2.301869259329095,forward_lean_error
160.6615557753202,163.14030079891506,171.70030991957543,2.478745023594854,forward_lean_error
160.63066528366,162.89324688405503,171.80328081165774,2.2625816003950376,forward_lean_error
160.5006896099538,163.23901571074506,171.42357799851905,2.738326100791255,forward_lean_error
160.57810352458094,163.21657332294242,171.55164253344287,2.638469798361484,forward_lean_error
160.51957839638908,163.1672280349188,171.4375793717887,2.647649638529714,forward_lean_error
160.27463000604192,162.97416504979978,171.29862205616868,2.6995350437578622,forward_lean_error
160.0244416771902,163.02252471721528,172.14836001190812,2.9980830400250795,forward_lean_error
159.53026760618076,163.2499456700483,172.5553031221791,3.7196780638675477,forward_lean_error
158.07819035863525,162.95221680599042,171.78047289605973,4.874026447355163,forward_lean_error
156.90212286491592,163.1324886601339,172.11341667634036,6.230365795217978,forward_lean_error
155.67095449932154,163.04042472695838,172.4062695566986,7.369470227636839,forward_lean_error
155.9573178531529,163.47270735894716,173.22360895794617,7.515389505794275,forward_lean_error
156.614761040851,163.8369132843506,173.1270689119645,7.2221522434996075,forward_lean_error
157.46844902813734,164.95902565129518,171.52156688622014,7.4905766231578355,forward_lean_error
158.84864659584184,165.42722714493388,170.32633137015466,6.578580549092038,forward_lean_error
158.08899920430315,165.51955155989626,165.4674540197727,7.4305523555931074,forward_lean_error
156.64791527102,165.38705825596,157.75975433176131,8.739142984940003,forward_lean_error
156.6216764667752,166.10218402215418,148.9479893983561,9.480507555378978,forward_lean_error
154.35013566289823,167.89856823972863,142.00136074301108,13.548432576830407,forward_lean_error
133.42130958523865,154.88702088921644,118.39170701586117,21.4657113039778,forward_lean_error
127.38878182712313,148.86804827753676,111.29440118454883,21.479266450413633,forward_lean_error
121.0462312621932,141.76140832870172,102.80837199619558,20.715177066508517,forward_lean_error
111.01074261373559,133.75133421280358,92.04764687055984,22.740591599067997,forward_lean_error
106.99799920026243,130.65548922453885,89.31638724744683,23.657490024276427,forward_lean_error
107.59418760725242,130.58591186290508,89.78730119060346,22.991724255652656,forward_lean_error
100.64193391323555,126.21528668697295,85.46263446096464,25.573352773737398,forward_lean_error
99.17963028638154,122.11372018617084,84.96860226534481,22.9340898997893,forward_lean_error
94.67006639349995,110.60310889974538,83.22643667713464,15.933042506245428,forward_lean_error
91.29120706108844,104.4415491741586,80.13370110738909,13.150342113070153,forward_lean_error
87.95016459260988,97.74561979518342,71.95042867738421,9.795455202573535,forward_lean_error
87.05707688565433,95.63704310347755,70.88571425248615,8.579966217823227,forward_lean_error
81.07092345111461,91.74994481133251,67.7972669659671,10.679021360217902,forward_lean_error
76.36741967184915,86.24152463065646,63.96167647569218,9.874104958807308,forward_lean_error
72.52141264470507,81.70407482376362,59.83590580144488,9.182662179058553,forward_lean_error
74.07659708726456,80.4911772855354,58.90725512268755,6.414580198270841,forward_lean_error
69.96476454162647,75.46727165584755,53.7935404000766,5.502507114221089,forward_lean_error
67.90868458797745,77.76391726246456,54.265525522118594,9.855232674487112,forward_lean_error
70.27842313754817,76.2041414131721,55.57477651244548,5.925718275623922,forward_lean_error
68.65532488653798,75.20924233325103,54.55653703323364,6.553917446713044,forward_lean_error
68.32073486834423,74.90629625998852,54.94992767748594,6.5855613916442906,forward_lean_error
69.29426757970461,76.06381764443671,56.37517429630519,6.769550064732101,forward_lean_error
69.70344776351513,75.75994898954413,56.896467122853565,6.056501226028999,forward_lean_error
70.17909745820876,77.12202232605918,57.38599693811701,6.942924867850422,forward_lean_error
77.56441228249535,90.32539085478109,64.50016622561748,12.760978572285737,forward_lean_error
81.59500007205878,94.983183861722,66.34258270225506,13.388183789663216,forward_lean_error
85.32523893098256,97.16751106677593,68.41956016111034,11.842272135793365,forward_lean_error
87.02429564228102,99.12104270305618,69.52572203858911,12.096747060775158,forward_lean_error
87.58445867892803,100.11715824733687,70.33574707468819,12.532699568408844,forward_lean_error
88.20405398983769,101.04583181421056,71.60769343459312,12.841777824372869,forward_lean_error
93.50764442984615,106.7197358435293,72.59092991302452,13.212091413683154,forward_lean_error
96.38752837599534,110.31689089403685,75.80409056047512,13.9293625180415,forward_lean_error
102.71163291478199,130.9226187082889,82.65210388937318,28.210985793506907,forward_lean_error
111.21514555147694,137.02911653962622,92.56028643570855,25.81397098814928,forward_lean_error
113.74436016083688,142.52025261877145,97.54390170253124,28.775892457934575,forward_lean_error
115.46919474488887,144.43633103533452,98.5079770532168,28.96713629044565,forward_lean_error
120.74657131409474,147.43388118948394,102.75459976802118,26.687309875389204,forward_lean_error
126.37156221426783,149.4286932405628,105.05657302128478,23.057131026294982,forward_lean_error
145.3930860055766,161.54513808182998,122.82961213116283,16.15205207625337,forward_lean_error
151.8811279555043,164.30782825020017,132.4674330283047,12.426700294695877,forward_lean_error
152.51650243352313,165.53465173897763,135.21036436131402,13.0181493054545,forward_lean_error
152.8882143382581,165.73804759994533,137.63325653386974,12.849833261687223,forward_lean_error
153.32801623710594,165.43398990407889,139.71218580244627,12.105973666972943,forward_lean_error
153.79357119769196,164.25939510560335,141.0518267419273,10.465823907911386,forward_lean_error
155.9152963091638,163.27245648446782,145.7219144483348,7.357160175304017,forward_lean_error
155.53340255238368,163.74852497520524,146.68558238821564,8.215122422821565,forward_lean_error
156.08546164263694,163.1950071373919,148.63054688194035,7.109545494754968,forward_lean_error
156.09602743415388,163.74803321722646,150.36707192754915,7.652005783072582,forward_lean_error
156.68287209305134,163.50307404588796,151.31675056826194,6.820201952836612,forward_lean_error
156.37605775216292,164.10544830706033,150.45573401114802,7.729390554897407,forward_lean_error
156.84029859643945,164.0730952665372,152.53602581221165,7.232796670097741,forward_lean_error
156.69093454501586,164.11033676020594,152.60675015538075,7.419402215190075,forward_lean_error
156.95094106225497,164.2608603356826,152.9731167896149,7.309919273427624,forward_lean_error
156.95724174778786,164.5394357136753,153.469107288709,7.582193965887427,forward_lean_error
156.84909518129626,164.56291035726787,154.3824791864844,7.713815175971604,forward_lean_error
157.17236148079462,164.47059127874755,154.7970423414167,7.298229797952928,forward_lean_error
156.96676511534187,164.29870026279337,155.13705969415483,7.331935147451503,forward_lean_error
156.64216387165817,164.43639402035046,155.73764070350617,7.794230148692293,forward_lean_error
156.38835144222546,164.5919619248431,156.3223974756827,8.203610482617648,forward_lean_error
156.47748407016326,164.37713033305013,156.47687585151786,7.8996462628868755,forward_lean_error
157.18266931704255,165.4959173773602,156.17422341831085,8.313248060317648,forward_lean_error
158.18106416936556,165.63914569549038,154.96163114629275,7.458081526124829,forward_lean_error
158.26053918204883,165.49752877493708,155.24543576486386,7.23698959288825,forward_lean_error
158.0735870332918,165.19599533441027,155.0571208039649,7.122408301118469,forward_lean_error
158.07147703644725,164.7182010949674,154.99896997741163,6.646724058520164,forward_lean_error
157.86336312726257,164.82470915511666,155.05173340040423,6.961346027854091,forward_lean_error
157.95795336550862,165.11164743480185,155.27863178186433,7.153694069293238,forward_lean_error
158.64286900966633,165.49732398889202,154.4357335291136,6.854454979225693,forward_lean_error
159.3039005367787,165.58471001816804,157.90841036988775,6.280809481389326,forward_lean_error
158.59901518643406,166.48715699597074,155.9491565344731,7.888141809536677,forward_lean_error
158.41191257557577,166.84012854646588,153.91054390114505,8.428215970890108,forward_lean_error
157.92708083211176,166.2082351534388,153.45953692939682,8.281154321327051,forward_lean_error
132.9244751302864,154.76417956643598,126.6096057054708,21.83970443614959,forward_lean_error
122.99872801270358,147.78287060443262,116.40865095782159,24.784142591729037,forward_lean_error
116.02633331237445,143.39134861873424,110.10119947006055,27.365015306359794,forward_lean_error
109.70626384191942,134.9103983333657,101.01915788030777,25.20413449144627,forward_lean_error
104.97887546790982,128.21227594431704,96.16966541901822,23.233400476407226,forward_lean_error
97.38322139982617,117.90011084636781,91.64009048907727,20.51688944654164,forward_lean_error
95.4410710689503,114.42820700737317,90.59774033623128,18.98713593842288,forward_lean_error
94.88948365458472,112.00603653901123,88.45146309541683,17.11655288442651,forward_lean_error
93.73295030990523,107.90393757846161,86.50402928184289,14.170987268556374,forward_lean_error
88.5615792971311,101.94709705629683,82.95372271721672,13.385517759165722,forward_lean_error
85.55196858007014,95.98116873060039,79.78691203010855,10.42920015053025,forward_lean_error
84.56853348724606,94.6021717066818,76.14175382233094,10.033638219435744,forward_lean_error
75.80992989880647,86.6830978789063,67.71680959768118,10.873167980099822,forward_lean_error
74.54528100632939,82.57483374108693,62.8213479098128,8.029552734757544,forward_lean_error
72.30498494141555,79.66140241741546,60.17544837890781,7.356417475999905,forward_lean_error
73.8259529429629,80.05788059954158,61.9988847393901,6.2319276565786765,forward_lean_error
70.4352050327204,79.95819366871379,59.595186566729915,9.522988635993386,forward_lean_error
68.89054444899324,78.48495309224185,59.39619518468424,9.594408643248613,forward_lean_error
64.16194937307299,73.00854548506709,55.83629729073935,8.846596111994103,forward_lean_error
64.0023341211084,70.7046799648772,57.09084061045406,6.702345843768796,forward_lean_error
64.35551639489533,69.48189122898903,57.947650510671316,5.126374834093696,forward_lean_error
65.51694499521345,71.9233761596184,58.79139428855326,6.40643116440495,forward_lean_error
66.22191031067891,72.93350871969687,60.249299998970514,6.711598409017967,forward_lean_error
67.7701984641982,75.16645946259065,59.86797116128389,7.396260998392449,forward_lean_error
68.75742793024831,77.57062323690444,60.68705433436144,8.813195306656127,forward_lean_error
69.39330545025625,80.1682890632183,60.8097350102635,10.774983612962046,forward_lean_error
71.43645783287711,86.03798757457686,61.82971618740162,14.60152974169975,forward_lean_error
80.62666841284414,93.98861497343492,69.6939148429518,13.36194656059078,forward_lean_error
82.01443447831994,94.68974718063059,70.57551691843213,12.675312702310649,forward_lean_error
83.55326729058179,95.78457963435743,72.07196685828114,12.231312343775642,forward_lean_error
86.79318149825514,97.51432610906173,74.2109204132062,10.72114461080659,forward_lean_error
89.40934360280556,101.90385430030915,76.43154656714232,12.494510697503586,forward_lean_error
91.50468465733987,104.77971222142729,79.26791038734926,13.275027564087424,forward_lean_error
91.72957434738319,106.01083265227102,80.16930151589315,14.281258304887828,forward_lean_error
97.00990131987648,116.7338311435903,87.31727561455152,19.723929823713817,forward_lean_error
103.44250327350699,126.7093615454462,95.8656307588421,23.266858271939213,forward_lean_error
106.49370205823818,127.97306663460398,99.08084265644167,21.479364576365796,forward_lean_error
109.75222922923217,131.18537934149086,99.87994323783968,21.433150112258687,forward_lean_error
111.55400558682719,133.94015644657895,104.70710854356685,22.386150859751766,forward_lean_error
118.62632433260023,139.99230640746904,108.09800024732874,21.36598207486881,forward_lean_error
125.88036418766266,138.9754826601142,112.23141050315942,13.095118472451546,forward_lean_error
137.96854003963657,151.59856867897244,119.05707090454,13.630028639335876,forward_lean_error
155.10630339678877,162.1816384138376,142.2605661529613,7.075335017048815,forward_lean_error
156.28149460958804,163.09140164714123,147.61895486639088,6.809907037553188,forward_lean_error
156.17369010017543,162.7951316214753,148.6206171373155,6.621441521299857,forward_lean_error
156.41371934162376,162.21335589071077,152.54954514810848,5.799636549087012,forward_lean_error
156.74800409168472,163.9509959819267,154.1090952765629,7.202991890241975,forward_lean_error
157.2778525823213,163.13215046899285,153.54696044685312,5.85429788667156,forward_lean_error
159.47040073685116,162.64221704541637,161.7363289879099,3.1718163085652122,forward_lean_error
160.79692797292319,162.5442602057021,165.7378515467067,1.7473322327789163,forward_lean_error
161.08695877625087,162.78208001490438,168.43718486624115,1.6951212386535133,forward_lean_error
161.25302778552154,162.5520692519366,168.1619787487906,1.2990414664150478,forward_lean_error
161.30202381897996,162.92238109385949,169.00211658995806,1.6203572748795239,forward_lean_error
160.9388415245521,163.28615330453428,169.5351932485178,2.347311779982192,forward_lean_error
161.00795744769795,163.27687004641712,169.74199380452055,2.2689125987191687,forward_lean_error
161.16145548442395,163.3253750592808,171.31719779999065,2.163919574856834,forward_lean_error
161.2726233774049,163.47194522944588,171.77577453688386,2.199321852040981,forward_lean_error
161.4816848959472,163.71080393088374,173.7152132418096,2.229119034936531,forward_lean_error
160.96373113324398,164.04683935970777,172.92802334979663,3.083108226463793,forward_lean_error
161.41675901815708,164.0178916081549,172.58581903577843,2.6011325899978317,forward_lean_error
161.54833529983978,164.0020739299539,172.29569146931723,2.453738630114117,forward_lean_error
161.45318219462644,163.98701674949132,173.3948831916212,2.5338345548648817,forward_lean_error
161.41696406166696,164.00047369978137,173.72388364739265,2.583509638114407,forward_lean_error
160.95008640081525,164.01737582463332,173.5961337785111,3.0672894238180675,forward_lean_error
160.9207108080489,164.12091645301925,173.5441599849974,3.200205644970339,forward_lean_error
161.08287905817627,164.11608175888875,173.24124062022378,3.0332027007124793,forward_lean_error
161.44753560361355,163.84892353037853,173.42677837707697,2.4013879267649827,forward_lean_error
161.30695502690907,164.0286434309288,173.39496554619666,2.721688404019744,forward_lean_error
160.90243728739327,164.09023226263588,173.56112483181775,3.1877949752426105,forward_lean_error
159.23271293046554,163.92951134538762,173.82079113937533,4.696798414922085,forward_lean_error
159.09963751981826,163.79336177143966,173.53006200115155,4.693724251621404,forward_lean_error
158.9202860757812,163.99281779850065,173.6369381175748,5.072531722719447,forward_lean_error
156.8098129037082,163.46820893056037,172.81577328470982,6.658396026852159,forward_lean_error
159.29736952422044,165.73691205821163,170.4472647073078,6.439542533991187,forward_lean_error
159.33525136155353,165.557968482255,168.9305499229459,6.222717120701475,forward_lean_error
159.38806621155206,164.66996605475506,166.64762536542716,5.281899843203007,forward_lean_error
158.61963570713422,165.22537581468222,162.18709720398292,6.605740107548002,forward_lean_error
149.38391283516097,165.66877218097395,147.0760770685006,16.284859345812976,forward_lean_error
149.9999333950047,166.89326757055727,138.42056496137153,16.89333417555258,forward_lean_error
139.8275801873552,161.9015858221225,127.93390438596744,22.074005634767303,forward_lean_error
117.23775622135781,140.39971491890765,107.3821480167101,23.161958697549835,forward_lean_error
114.11259555777413,137.5826104925509,102.59249327527054,23.470014934776785,forward_lean_error
109.60424688073806,131.85663658396277,96.56886257611201,22.252389703224708,forward_lean_error
103.6480571446404,127.62898343501125,91.94241122220276,23.980926290370846,forward_lean_error
102.88733443243748,126.49344811572342,90.21184731342646,23.60611368328594,forward_lean_error
102.15085723990252,122.93235768415613,90.29886293761787,20.78150044425361,forward_lean_error
100.89689616377402,120.16754916043578,89.09779384361573,19.270652996661767,forward_lean_error
87.24823072711193,99.49440198570716,79.59368156144718,12.246171258595226,forward_lean_error
82.50912829867184,94.29739595921768,73.0928873369831,11.788267660545841,forward_lean_error
78.45210637468432,86.84553166137195,68.992963721183,8.39342528668763,forward_lean_error
79.38203142322509,86.52879623830798,67.8144224285359,7.146764815082889,forward_lean_error
77.84661558646755,86.85069733155615,65.20822532052154,9.004081745088598,forward_lean_error
74.30159486719444,85.23199902204881,62.61661504408463,10.930404154854372,forward_lean_error
73.04913164026587,84.5889416171086,62.161288425623006,11.539809976842733,forward_lean_error
64.64021978071159,71.99782139669023,54.55508001283322,7.357601615978638,forward_lean_error
62.033820226188645,70.2673002299159,51.39226688099602,8.233480003727259,forward_lean_error
62.79631922916657,70.6421623189441,55.43949262115146,7.8458430897775315,forward_lean_error
60.22712287350408,69.10524625986385,55.88579877833392,8.878123386359768,forward_lean_error
58.60809904861732,70.00082053326904,53.03395374420805,11.392721484651716,forward_lean_error
58.770891869259685,72.18819017980128,56.024933948826074,13.417298310541597,forward_lean_error
55.48964899051885,67.35814291761022,52.2966611588417,11.868493927091372,forward_lean_error
48.57334798824869,62.443347067464714,51.16422950498019,13.869999079216022,forward_lean_error
48.86758176571435,58.68846886496589,49.19378523638158,9.820887099251543,forward_lean_error
47.83281152912768,56.476402409826754,46.650664391292054,8.643590880699072,forward_lean_error
46.61329616623752,56.685650578895476,43.70098671976863,10.072354412657958,forward_lean_error
46.330024716441756,55.34446453646878,42.67192910643323,9.014439820027022,forward_lean_error
46.03626240869308,55.98129729559837,40.53797462976758,9.94503488690529,forward_lean_error
46.38857414269952,56.60010369269402,42.868192475593375,10.211529549994502,forward_lean_error
47.81631310461492,56.984302052495565,43.685790360286056,9.167988947880644,forward_lean_error
57.07582004423634,65.21517032612977,46.310755875633824,8.139350281893428,forward_lean_error
61.26980719662496,70.21211245053752,51.68879217110101,8.942305253912558,forward_lean_error
69.54584223244966,73.64225097638416,60.65084534228608,4.096408743934504,forward_lean_error
75.33021896481183,74.87944240348804,66.88419098551795,0.4507765613237922,forward_lean_error
73.26204755650313,76.21642184584728,64.06491978382971,2.9543742893441447,forward_lean_error
71.6788006969292,76.1792946529685,60.55691946964417,4.500493956039293,forward_lean_error
71.93290632190431,83.15375919259452,66.24967375637372,11.220852870690209,forward_lean_error
78.11551606981543,89.03558384553617,71.15172752079556,10.920067775720739,forward_lean_error
78.72202678419671,86.88834891515205,74.52061067397469,8.166322130955336,forward_lean_error
81.70474386697087,89.85590930601867,82.88103169324908,8.151165439047801,forward_lean_error
84.80448806961647,93.09717146141648,87.87012138862411,8.292683391800011,forward_lean_error
85.2681239257097,94.97377770960316,94.06141257613436,9.705653783893453,forward_lean_error
85.83601760151745,96.39209843936045,95.1282838988691,10.556080837842998,forward_lean_error
88.02615150043678,100.98514963779434,97.77635548914745,12.958998137357554,forward_lean_error
96.83829867755124,117.39546291434712,110.35730897834911,20.557164236795884,forward_lean_error
103.73098598325163,126.52027761300745,115.5716660610274,22.789291629755823,forward_lean_error
106.86468027811172,128.45080015831877,120.25583635322953,21.58611988020705,forward_lean_error
112.30622415802684,130.33950997506597,122.68299674849415,18.03328581703913,forward_lean_error
117.59477084545978,139.25562226654162,125.21707104781106,21.660851421081844,forward_lean_error
122.93823842472571,140.9958188313288,127.2436794328895,18.05758040660308,forward_lean_error
131.69802968976936,152.36208310948223,132.68016292272677,20.66405341971287,forward_lean_error
145.96583224464652,159.16087844238203,143.13048655786605,13.195046197735508,forward_lean_error
147.7605908865665,159.09346724985687,146.04705644392112,11.332876363290382,forward_lean_error
156.13196909355364,161.4112985910641,152.34044896830108,5.279329497510474,forward_lean_error
159.73726819104175,162.51893511450223,157.50908133440979,2.7816669234604774,forward_lean_error
159.32479932542063,164.26681514862167,156.990273898172,4.9420158232010465,forward_lean_error
160.67421058685548,164.716749733866,159.8003478783477,4.04253914701053,forward_lean_error
161.44777963892798,164.9167873277463,161.71350196548977,3.4690076888183228,forward_lean_error
161.3599525075226,164.48663693421238,164.809729022689,3.126684426689792,forward_lean_error
162.41721135682087,164.61619800173017,168.17478706401073,2.198986644909297,forward_lean_error
162.98534410663663,164.24594544453907,172.2995117893678,1.2606013379024432,forward_lean_error
161.7456892940843,163.91639863845208,174.855059834557,2.1707093443677934,forward_lean_error
162.70405674020628,164.2572436253527,175.45862075974387,1.5531868851464026,forward_lean_error
163.08546099394002,164.21089138711633,174.63038777611433,1.125430393176316,forward_lean_error
163.378151533554,164.25665704477592,175.91596712405104,0.8785055112219311,forward_lean_error
163.5041138076476,164.371033053672,176.69777009847567,0.8669192460243949,forward_lean_error
163.13411648857323,164.12228966791358,176.50429450866093,0.9881731793403503,forward_lean_error
163.23592768455148,164.2308955034977,176.6487470522393,0.9949678189462077,forward_lean_error
162.908072240782,165.27794513274253,177.28205523813148,2.36987289196054,forward_lean_error
162.75177282460493,165.4948067816411,177.62455387753937,2.7430339570361753,forward_lean_error
162.63611878606235,165.58279698363984,177.71554105166373,2.9466781975774836,forward_lean_error
162.46329684377233,164.56108747073907,177.60920933134977,2.0977906269667415,forward_lean_error
163.16295290657652,164.54362824779992,177.1866524245725,1.3806753412233945,forward_lean_error
162.849615044214,164.78318716502326,177.3346519135582,1.9335721208092593,forward_lean_error
162.77358547260428,164.81944399365074,177.18077634104006,2.045858521046455,forward_lean_error
162.77431486998188,164.47934678281754,176.97856982089237,1.7050319128356648,forward_lean_error
162.87419494221757,164.47141257781854,177.10594335560546,1.5972176356009697,forward_lean_error
162.92972717685217,164.45998050659892,176.87726301642468,1.5302533297467562,forward_lean_error
162.74660182386364,164.27800216898723,176.8551372940288,1.5314003451235862,forward_lean_error
162.47766592637947,164.3573410698035,177.32774407987105,1.8796751434240377,forward_lean_error
162.14725020723773,164.30874842481632,177.1698996093485,2.1614982175785826,forward_lean_error
161.96682942140987,164.5056189449397,176.99102479561358,2.538789523529829,forward_lean_error
162.03665059983308,164.99586325989017,175.40108912348455,2.9592126600570907,forward_lean_error
161.6568487065733,165.23723706570934,173.45337019110053,3.5803883591360375,forward_lean_error
161.4881995367117,165.12761212149346,173.39143820648405,3.639412584781752,forward_lean_error
160.5939119796939,165.30336990663227,172.4207265858722,4.70945792693837,forward_lean_error
160.79261455779258,165.21313863646964,169.13342485463406,4.420524078677062,forward_lean_error
160.5329025200542,165.25748173484286,166.68837336450787,4.724579214788662,forward_lean_error
155.17185207520956,164.81945752334815,159.35627532301584,9.647605448138592,forward_lean_error
145.48562707051684,164.3930398479446,148.7851978732223,18.907412777427766,forward_lean_error
125.10185768522994,157.3827507567957,126.96930431152056,32.28089307156576,forward_lean_error
123.84282589934021,154.95363793283607,121.98073339069141,31.11081203349586,forward_lean_error
123.78043250629793,151.89870481183405,122.67177342075081,28.118272305536124,forward_lean_error
124.38689285340399,149.77348123267723,118.86390548050483,25.386588379273235,forward_lean_error
123.40294164613687,149.38147017755966,118.34431366818657,25.978528531422796,forward_lean_error
121.85107890016371,142.6899120139429,113.9768938506536,20.838833113779174,forward_lean_error
119.31505627125226,138.7626394597709,111.09625420437662,19.447583188518635,forward_lean_error
107.00768603938762,119.89210762561356,101.99246465821629,12.88442158622594,forward_lean_error
103.5024585385023,107.57639235786225,99.88744535184469,4.073933819359951,forward_lean_error
102.76093924711303,105.51995600134994,98.44724313711403,2.75901675423691,forward_lean_error
99.92096074581684,102.61704855092962,93.67360623310262,2.696087805112782,forward_lean_error
99.59121657449205,103.75473512433717,93.67812367182978,4.163518549845122,forward_lean_error
99.64444243515412,103.66910619707873,91.72198335548416,4.024663761924614,forward_lean_error
79.42585657484288,84.57239965068771,81.23381343381868,5.146543075844832,forward_lean_error
78.90538679706938,83.85362094939306,78.0699139937555,4.948234152323678,forward_lean_error
78.59058661218016,83.71665171857566,79.99246735090301,5.126065106395501,forward_lean_error
78.4899561704113,85.64781318219441,80.21723216625017,7.157857011783108,forward_lean_error
76.32384337352326,84.74728426789464,78.46601722554294,8.423440894371382,forward_lean_error
73.36021979743393,82.0222638982253,76.28942581211213,8.662044100791377,forward_lean_error
69.34764891102931,79.08976177778516,73.47542455040336,9.742112866755846,forward_lean_error
69.85902003173993,80.89852033145687,73.84138635061767,11.039500299716934,forward_lean_error
68.1903945180899,79.1561764306232,71.29437531891912,10.965781912533302,forward_lean_error
68.43485278302866,79.80093471644908,70.63649750285308,11.366081933420418,forward_lean_error
67.6013981067692,78.91314306893594,69.93163680429417,11.311744962166742,forward_lean_error
66.11801440363868,77.44907334060885,69.48601466760974,11.331058936970166,forward_lean_error
66.71996156390254,77.41389123658294,69.65719299343756,10.693929672680397,forward_lean_error
67.46112477950459,77.56704011606524,70.18468722183117,10.105915336560656,forward_lean_error
67.49998747941947,77.59697399362854,69.48639988743614,10.096986514209064,forward_lean_error
69.62802910657743,78.38891637249225,69.05653956911134,8.760887265914818,forward_lean_error
73.13593833286008,83.9569858531554,69.11369424956375,10.821047520295323,forward_lean_error
76.29152326995312,86.30259966575674,70.06343242580337,10.011076395803627,forward_lean_error
77.94266836737678,87.34182308808282,71.57694394224438,9.399154720706036,forward_lean_error
80.14996429547082,91.34097260290578,72.39675613408355,11.191008307434956,forward_lean_error
84.69178436487908,98.05452604121287,75.25402950284098,13.362741676333783,forward_lean_error
90.96769084179091,104.26153520890882,81.41163732218693,13.293844367117913,forward_lean_error
100.30046348082277,117.13126164832944,89.23174898628831,16.83079816750667,forward_lean_error
107.6429151721327,126.04474612977525,95.89485233930142,18.401830957642545,forward_lean_error
114.51091004099294,130.97345492885663,100.98633417815743,16.462544887863686,forward_lean_error
120.34096677484104,136.27441522558365,106.96385046676131,15.933448450742617,forward_lean_error
119.60080415539346,136.4406921393328,108.03054004589966,16.83988798393935,forward_lean_error
121.77235255604823,137.40422306570744,111.49796931499935,15.631870509659208,forward_lean_error
125.18059829512526,140.44734027579298,115.91488779574,15.266741980667717,forward_lean_error
135.20671580024032,152.91562833529724,124.37894753848764,17.708912535056925,forward_lean_error
142.4986432053458,158.37151948332703,141.72222109305804,15.872876277981248,forward_lean_error
146.76958015645343,160.43765197570414,152.93698814485742,13.668071819250713,forward_lean_error
153.28451806816528,163.08457029927328,160.6519673986269,9.800052231107998,forward_lean_error
155.68713317054025,165.3866105025867,163.35542591020027,9.699477332046456,forward_lean_error
157.36176718368637,166.4862671455681,167.70318949764297,9.124499961881725,forward_lean_error
156.63594561558335,165.49880871959408,170.54823461216273,8.862863104010728,forward_lean_error
157.84593026041094,165.32675651252652,172.56996652315837,7.480826252115577,forward_lean_error
158.90487616363959,164.95898643984427,174.02800762885235,6.054110276204682,forward_lean_error
159.6084865032692,164.37084768196817,175.9080730127188,4.762361178698967,forward_lean_error
159.34330328902146,163.6915027409228,178.2288592630674,4.348199451901337,forward_lean_error
159.51216380831661,165.16771757614578,177.92403813782954,5.655553767829161,forward_lean_error
160.48583689225907,165.91960277984091,178.11530432107256,5.433765887581842,forward_lean_error
160.93803633335287,166.3907515255583,177.96818451380304,5.4527151922054315,forward_lean_error
161.0863374927652,165.95988532302886,177.87268181713702,4.873547830263647,forward_lean_error
160.1136957976476,165.39700302050034,177.85077364356144,5.283307222852727,forward_lean_error
159.02895980166784,164.82257188528368,177.2468498922541,5.793612083615841,forward_lean_error
160.00542572837665,165.16416084200816,176.50064104081446,5.158735113631508,forward_lean_error
160.71444825659555,165.67985882217096,174.75603230378533,4.965410565575411,forward_lean_error
161.38906323447657,165.67540760010542,173.50867270699325,4.28634436562885,forward_lean_error
161.4548987848902,165.55545208282052,173.15256555386225,4.1005532979303325,forward_lean_error
161.77794377836568,165.60714698583936,172.9398401043908,3.8292032074736824,forward_lean_error
161.808403951363,165.3279534676833,172.1933741242441,3.5195495163202963,forward_lean_error
161.55241917766557,165.20605174658755,172.1621046413869,3.653632568921978,forward_lean_error
160.55777286968294,165.08774813166895,172.34773132332649,4.52997526198601,forward_lean_error
160.72603928246048,164.96525156588717,172.1989267672078,4.239212283426696,forward_lean_error
160.65814398621143,164.59990468714392,171.62187367099378,3.941760700932491,forward_lean_error
160.71737143290719,164.58488772566506,170.218965355626,3.8675162927578697,forward_lean_error
160.56282650700302,164.62793368373258,169.84318287385696,4.065107176729555,forward_lean_error
160.6010065043303,164.4061334256398,168.81550794510713,3.8051269213095225,forward_lean_error
161.10203447901895,164.56848305474816,168.4897210761549,3.4664485757292027,forward_lean_error
161.07551240120418,164.69818385907377,167.21920615503007,3.622671457869586,forward_lean_error
161.0719058140731,164.81801995431874,167.2004732485755,3.746114140245652,forward_lean_error
161.08144670018402,164.74690984710062,167.16637380038176,3.6654631469166077,forward_lean_error
160.79716481607164,164.659296060575,165.58963985497147,3.8621312445033595,forward_lean_error
160.7685910442952,164.62831363883842,164.77872849407098,3.8597225945432285,forward_lean_error
160.77129270597783,165.17114334287248,164.29192489622932,4.399850636894655,forward_lean_error
160.67064382401463,164.98576032387365,162.8292090646299,4.315116499859016,forward_lean_error
160.21171667666172,164.9830478166652,160.7720386445567,4.771331140003468,forward_lean_error
159.91822327214936,164.95335511504496,160.70668676895662,5.035131842895595,forward_lean_error
159.756187804819,164.9156436589537,159.92678376401767,5.1594558541347055,forward_lean_error
159.6716563702583,165.35027889792008,159.26604010074942,5.678622527661787,forward_lean_error
159.70526381348057,165.58763706990896,159.1077992652407,5.882373256428394,forward_lean_error
159.48349227514765,165.50491852319874,158.0582867471823,6.021426248051085,forward_lean_error
159.34509354645851,165.69697044336505,157.95178683085172,6.351876896906532,forward_lean_error
159.37086299179057,165.61317471151392,158.32094476907207,6.242311719723347,forward_lean_error
159.2187485459727,165.32803726785696,158.65771816440298,6.109288721884269,forward_lean_error
159.35081405801384,165.46618938579334,158.89581947052983,6.115375327779503,forward_lean_error
159.4349093089489,165.58182310420096,158.9998686294804,6.146913795252061,forward_lean_error
159.12179548565973,165.70350489049326,159.25324879355588,6.581709404833532,forward_lean_error
157.68256493133,165.61766830822495,160.39644176303364,7.9351033768949435,forward_lean_error
157.66249583135811,165.70410502090803,162.64002379881165,8.041609189549916,forward_lean_error
157.3556283920676,165.8495557216732,158.89968208888047,8.493927329605611,forward_lean_error
154.81101563655082,165.7514497337839,151.00817514244233,10.940434097233066,forward_lean_error
141.48129290927483,162.48481006768733,127.30998722799444,21.003517158412507,forward_lean_error
127.71269963876347,151.9498725377584,115.04560669039309,24.23717289899494,forward_lean_error
130.30687033716734,150.21543564568884,111.5383099661493,19.908565308521503,forward_lean_error
123.08358712235679,142.54324824120366,105.56961610433835,19.459661118846867,forward_lean_error
120.63512971328002,140.45237411911475,103.58408383348932,19.817244405834728,forward_lean_error
118.78173238580054,138.40590189527097,99.19389392901793,19.624169509470434,forward_lean_error
107.03623451368153,130.2446881942995,92.69850258783373,23.208453680617964,forward_lean_error
104.76565860850344,120.91980034241591,86.54869904475431,16.154141733912468,forward_lean_error
105.09598689058315,118.93014373265869,85.12614912657384,13.834156842075544,forward_lean_error
103.74809567012672,117.39590227764714,81.1271672706531,13.647806607520423,forward_lean_error
102.81144471279732,115.92612583446513,76.74638380605593,13.1146811216678,forward_lean_error
100.03687057641537,112.44021765858757,74.54169662083119,12.403347082172203,forward_lean_error
98.66250408750994,105.0598469496833,70.18391735817598,6.39734286217336,forward_lean_error
93.55355263732193,100.70361924253136,65.7711118061933,7.150066605209432,forward_lean_error
92.62902432957809,97.08746206698784,64.61618266523237,4.458437737409753,forward_lean_error
84.63589789173608,92.74789300650622,59.06114302876672,8.111995114770139,forward_lean_error
84.78626553144223,94.59697458668435,59.283980578157745,9.810709055242128,forward_lean_error
80.12433379861076,88.77350855587504,56.11334390885162,8.649174757264277,forward_lean_error
78.18195669722039,87.51869271659385,53.30714285633992,9.336736019373461,forward_lean_error
75.98870019321218,87.47999661021181,52.20624075122278,11.491296416999631,forward_lean_error
75.1054645794945,87.06396481520996,50.38989928051462,11.958500235715462,forward_lean_error
74.93508543155616,85.50697815210184,50.377884419037215,10.571892720545677,forward_lean_error
75.69350707409657,86.02284465332039,54.17244742898293,10.329337579223818,forward_lean_error
77.70206034601306,85.93622027833689,56.77823447987772,8.234159932323834,forward_lean_error
78.49897478717976,85.94047730771065,56.92787555354911,7.441502520530889,forward_lean_error
79.21623226146968,87.24338435505946,57.37373992241482,8.027152093589777,forward_lean_error
84.53369823106534,91.22577123386617,62.612415187206246,6.692073002800825,forward_lean_error
88.4192344088282,97.60034880925441,66.95861930486136,9.18111440042621,forward_lean_error
91.48595472697899,101.22050376676043,70.62406324340537,9.734549039781442,forward_lean_error
96.0260243268138,109.55492982807758,73.43694407949268,13.528905501263779,forward_lean_error
103.21085567002169,123.94806649655304,81.010634486576,20.737210826531353,forward_lean_error
110.5652907067192,129.2925971391043,87.8541251715606,18.72730643238509,forward_lean_error
112.06382056124731,130.14889914623987,93.36870285720826,18.08507858499256,forward_lean_error
115.09685811008829,132.905382553407,96.8397780738461,17.808524443318717,forward_lean_error
117.2779770454369,136.0171660892638,99.16068371617818,18.73918904382691,forward_lean_error
119.2364879963693,138.02799648200298,99.34381850882698,18.79150848563367,forward_lean_error
119.42863880304508,139.9095141937621,99.6695682398789,20.48087539071703,forward_lean_error
147.50577613165132,161.00252297393726,129.25820447034206,13.496746842285944,forward_lean_error
151.30627853715208,163.7265893891962,139.26738091988497,12.42031085204411,forward_lean_error
154.97016023543168,164.1259851354581,149.57907496571622,9.155824900026431,forward_lean_error
152.70226203387364,163.33744844467427,158.62930224596775,10.635186410800628,forward_lean_error
152.2508758320228,166.11695968179754,151.20169487493368,13.866083849774725,forward_lean_error
155.02155844748052,166.60146396527153,152.38982998672486,11.579905517791019,forward_lean_error
157.23941127975922,167.6893684801994,156.97430647957316,10.449957200440167,forward_lean_error
157.71832360554987,164.46555985531722,162.00650752555933,6.747236249767354,forward_lean_error
158.78451161207997,165.3127462702092,162.11171258108877,6.528234658129236,forward_lean_error
159.50271458253306,164.93556537502522,161.9430633227361,5.432850792492161,forward_lean_error
160.2080099296566,165.21119520088706,162.6331993675433,5.00318527123045,forward_lean_error
161.01385101665036,165.0437276017052,164.00761060418245,4.029876585054836,forward_lean_error
161.86933662030015,164.8089703517383,165.34086829659077,2.939633731438164,forward_lean_error
162.6002034074798,164.93444921021992,167.51597047086526,2.334245802740128,forward_lean_error
162.1901228785309,164.29348957226665,170.43277384882393,2.103366693735751,forward_lean_error
162.3680247888461,164.77582027663792,170.5382017061732,2.407795487791816,forward_lean_error
160.6768365958469,164.9841954830937,171.34461366293544,4.3073588872468065,forward_lean_error
160.54679361714648,165.3123565030623,170.65894275604626,4.765562885915813,forward_lean_error
161.61447407571399,164.51595597836157,171.0704506463024,2.901481902647589,forward_lean_error
162.17005289619715,164.74216243815306,171.39825734077473,2.5721095419559106,forward_lean_error
162.46053509786196,165.1873784515077,171.24568765184725,2.7268433536457337,forward_lean_error
161.83960047364104,165.2957379625517,169.1698529681165,3.456137488910656,forward_lean_error
161.18695178035313,164.79483401916644,168.99837117047093,3.6078822388133176,forward_lean_error
161.27532766050052,165.07044611432278,168.7218798946964,3.795118453822255,forward_lean_error
160.91720370491197,165.66419000938183,168.7266305083222,4.746986304469857,forward_lean_error
160.8038301906054,165.73128776358465,168.29125578587494,4.92745757297925,forward_lean_error
161.27550619208364,166.42968161567217,169.63889536219605,5.154175423588526,forward_lean_error
160.52939168722295,166.2232433833975,169.2322424018781,5.693851696174534,forward_lean_error
160.16267792986784,166.10078460924538,169.09511368797322,5.93810667937754,forward_lean_error
160.4548991429723,166.4681418470619,166.04960002674062,6.013242704089606,forward_lean_error
160.80917826011756,166.3091619197613,162.9965004330206,5.499983659643732,forward_lean_error
158.64492019616725,167.25661589689682,156.35482357636158,8.61169570072957,forward_lean_error
138.19258494178763,159.95561115836784,130.49159411341032,21.763026216580215,forward_lean_error
132.88140810989051,159.36546196749188,120.0855189151803,26.484053857601367,forward_lean_error
125.11423073143958,153.80651677797098,115.52241354269835,28.692286046531407,forward_lean_error
118.28586661168205,145.10567381725036,108.87462307571792,26.81980720556831,forward_lean_error
114.90066117538906,139.751309128784,104.36755368815534,24.850647953394926,forward_lean_error
111.07403312637899,136.71857409868176,100.00055092684458,25.644540972302764,forward_lean_error
110.63345799355132,134.69541975854605,98.40678419548975,24.061961764994734,forward_lean_error
103.2949441896436,127.68374006589632,91.39105885258864,24.388795876252715,forward_lean_error
101.29589110659923,126.85419624180938,89.83198521797928,25.558305135210148,forward_lean_error
96.17920108267495,120.47534841835486,86.49718963502187,24.296147335679905,forward_lean_error
94.94198520345346,115.70282918658411,83.43621187086579,20.760843983130655,forward_lean_error
89.42213356990423,109.77662347510102,79.58681628313637,20.354489905196786,forward_lean_error
87.99774202963401,103.66897633071672,77.35523573236816,15.671234301082706,forward_lean_error
78.80619217443115,100.72594543832976,69.99714409803596,21.919753263898613,forward_lean_error
74.00893443387461,93.99682056750834,65.73936353015782,19.987886133633722,forward_lean_error
69.93271861104364,86.16635186174388,61.08126329125058,16.233633250700237,forward_lean_error
73.72676597305316,84.98699844717218,62.54233053199107,11.260232474119022,forward_lean_error
70.1365888330167,84.61609731826532,58.6102825227535,14.479508485248616,forward_lean_error
71.86574621194731,85.70653525621402,58.389401104780845,13.840789044266714,forward_lean_error
71.03664162826713,86.52794200814816,57.421521536691515,15.491300379881025,forward_lean_error
71.60420781532346,84.7315355982854,56.21967939806111,13.127327782961942,forward_lean_error
70.20745028820845,83.40215062904664,53.36671991092222,13.194700340838196,forward_lean_error
71.45311054530428,83.55273135742188,54.90349277524611,12.099620812117593,forward_lean_error
71.7486188550262,85.28753091887211,54.60316694058192,13.538912063845913,forward_lean_error
72.2200733660296,85.9519911948418,53.73522252041691,13.7319178288122,forward_lean_error
73.05583633726327,86.47094222727065,54.62588390619568,13.415105890007382,forward_lean_error
72.98690123083826,86.61228638184431,54.94359237758182,13.625385151006057,forward_lean_error
85.23591549657002,96.08013058377998,61.922135341517134,10.84421508720996,forward_lean_error
90.36825713574034,97.54335980361815,65.24968372310384,7.175102667877809,forward_lean_error
90.07769357227312,98.45654881030522,66.49815018031748,8.378855238032102,forward_lean_error
90.44930174161067,101.69951912154109,67.42351657303044,11.250217379930419,forward_lean_error
89.36510022200643,102.55514864476766,70.34293548320314,13.190048422761222,forward_lean_error
94.96695036262471,109.30140853370631,74.82615655344874,14.334458171081593,forward_lean_error
101.20096241091031,116.65248039540079,77.73946053175104,15.45151798449048,forward_lean_error
101.44857697636402,121.02008868224083,79.39030574684864,19.5715117058768,forward_lean_error
118.78544730722102,144.1841074684544,90.05905080037486,25.398660161233394,forward_lean_error
123.05714566837304,146.00465739110518,92.98147892677103,22.947511722732145,forward_lean_error
129.23064413765576,153.0543719744167,94.58690142245025,23.823727836760952,forward_lean_error
131.4753502792286,154.79355130270397,93.90333110707037,23.318201023475382,forward_lean_error
130.74821282586993,154.08476008505812,93.58232289771814,23.336547259188194,forward_lean_error
130.12762792617625,154.11080786410466,93.62628170879238,23.983179937928412,forward_lean_error
134.7562967244523,158.13695001389408,97.07577923440539,23.380653289441767,forward_lean_error
135.4672083098541,155.28885529080694,100.15428620659233,19.821646980952835,forward_lean_error
141.68039293018708,160.38149776420096,116.91884007964605,18.701104834013876,forward_lean_error
146.46680981382357,162.44236869865773,127.3045661266118,15.975558884834157,forward_lean_error
152.88447309050875,164.89527147896925,132.45728563284726,12.0107983884605,forward_lean_error
155.35496838348163,164.25085650362885,137.81432732855828,8.89588812014722,forward_lean_error
155.96489873178953,163.94998680077703,139.78981019655203,7.985088068987494,forward_lean_error
156.68179921089063,164.09202492885012,141.6270331829721,7.4102257179594915,forward_lean_error
158.63497400607383,163.63470451655206,150.3709174447998,4.99973051047823,forward_lean_error
158.68289150095782,163.85347621592263,154.84623214314922,5.170584714964804,forward_lean_error
159.65085907539503,163.79574656194515,160.34854581383968,4.144887486550118,forward_lean_error
159.50874804441594,164.1176976423101,160.29594115990523,4.608949597894167,forward_lean_error
159.56930422705545,164.42162073040905,160.36200894034147,4.852316503353592,forward_lean_error
159.51267096771878,164.5629044463916,160.10289280173876,5.050233478672823,forward_lean_error
159.2420358773759,164.47532610997416,158.50882268246912,5.23329023259825,forward_lean_error
159.58358183207523,164.6582247158526,159.21248308569517,5.074642883777386,forward_lean_error
160.83413704607787,165.0588554278337,161.89295943517294,4.224718381755821,forward_lean_error
161.0093543732125,165.28772298735706,162.63056432487303,4.2783686141445685,forward_lean_error
161.43493815163524,165.48836951376842,163.7129894486815,4.053431362133182,forward_lean_error
160.75379684676204,165.49211414172632,162.6986640913042,4.738317294964276,forward_lean_error
161.20047906983396,165.6792432699429,163.61478648544644,4.478764200108941,forward_lean_error
160.9251482700071,165.60157319838652,163.62938179672318,4.676424928379419,forward_lean_error
160.48223790707024,165.56295634938496,164.1377760597225,5.080718442314719,forward_lean_error
161.9637120892884,165.8997557046828,167.53030454183565,3.9360436153943965,forward_lean_error
162.29925722945976,165.71386482368064,169.49737309872495,3.4146075942208824,forward_lean_error
162.76423099008088,165.25117374126197,170.12705560524088,2.4869427511810898,forward_lean_error
162.91605210028374,165.04271604220878,169.88784548942274,2.1266639419250453,forward_lean_error
162.94575740504405,164.68385209377553,169.5342707110826,1.7380946887314792,forward_lean_error
163.04458913380762,164.88102642705533,169.31777588468762,1.8364372932477124,forward_lean_error
162.87307462279904,165.0623130378032,169.36844269146164,2.189238415004155,forward_lean_error
163.19201490379422,165.23568152395364,168.80754604018702,2.043666620159428,forward_lean_error
162.98359383005538,165.1913249012306,168.61829273805438,2.2077310711752034,forward_lean_error
161.90585780105081,165.5361397923867,165.74805030309307,3.6302819913358917,forward_lean_error
161.6975030208124,165.58229304912345,164.69249580425304,3.884790028311045,forward_lean_error
161.45337255715683,165.68202634818164,164.17320189783678,4.228653791024811,forward_lean_error
161.3812741007685,165.69568947910886,163.44585978922987,4.314415378340357,forward_lean_error
161.3124439548365,165.715185704653,163.05293119404647,4.402741749816499,forward_lean_error
161.22488309748994,166.49615548467747,162.7280561626665,5.271272387187537,forward_lean_error
161.16007827793499,166.2185308437533,162.7071008476125,5.058452565818328,forward_lean_error
161.0943706466698,166.1406319105701,162.71597613159028,5.0462612639003055,forward_lean_error
161.3356894720156,166.32525837148856,162.52623246597526,4.989568899472971,forward_lean_error
160.9278664965213,166.38169747809414,164.76237760168206,5.45383098157285,forward_lean_error
161.11632238216012,166.2062711476154,168.23084550189498,5.08994876545529,forward_lean_error
161.0209941323102,166.40383323681903,169.0490669954329,5.382839104508832,forward_lean_error
160.97286140254792,166.2347624105741,170.96729656208913,5.261901008026172,forward_lean_error
160.9639723366335,166.09858916983063,171.67119272396252,5.1346168331971285,forward_lean_error
160.67071749318413,166.06008387621267,170.9012517635352,5.389366383028545,forward_lean_error
159.67336678172023,165.88156022311605,171.25031601227445,6.208193441395821,forward_lean_error
158.66722829519958,165.56403751029433,170.6077637864593,6.896809215094748,forward_lean_error
158.3884506968729,165.57215588920099,169.59520221181754,7.183705192328091,forward_lean_error
157.51113546123457,165.63349378505777,164.06385129616822,8.122358323823192,forward_lean_error
152.92556471281821,165.17321135166517,150.71624933432358,12.247646638846959,forward_lean_error
148.36562871683304,162.52915477877156,139.9660339243737,14.163526061938512,forward_lean_error
139.2107405382472,159.75780813453417,128.45187887225867,20.54706759628698,forward_lean_error
119.6750693062592,143.66861204285158,107.78373553448183,23.993542736592374,forward_lean_error
112.51370838795553,134.40375485326294,98.97517841005245,21.890046465307407,forward_lean_error
109.04891646938319,128.68514896008705,94.16054137319837,19.63623249070386,forward_lean_error
106.92615365403911,130.2285941679291,91.00994018323725,23.302440513889977,forward_lean_error
103.51302684951995,124.2241913133705,89.26340840045722,20.71116446385055,forward_lean_error
101.42743009521152,120.7664562514489,86.18435806071209,19.33902615623738,forward_lean_error
99.67886080472034,117.84933364927991,87.27726126916286,18.17047284455957,forward_lean_error
98.65219166013127,114.96079978715464,85.53864133494092,16.308608127023376,forward_lean_error
94.30294054340982,104.59457849471093,79.6254693453962,10.291637951301112,forward_lean_error
89.0406280525165,95.91858152464165,75.35395909022873,6.8779534721251565,forward_lean_error
83.87331829310224,91.69475148968901,70.15372545098067,7.821433196586767,forward_lean_error
81.94314481085267,88.15072785762906,66.90706067664837,6.207583046776392,forward_lean_error
78.76871003173119,85.46754129257454,62.920398724006326,6.698831260843349,forward_lean_error
74.88455803424563,85.0229869160184,60.51022780457365,10.138428881772768,forward_lean_error
72.16255210609901,84.29950639856658,59.36260905945516,12.136954292467564,forward_lean_error
68.23793034264219,75.42275274414938,56.16147519821846,7.184822401507191,forward_lean_error
66.24110679565216,77.48245414931507,57.58463857256793,11.241347353662917,forward_lean_error
66.99099261531805,79.03825768550946,57.342533810857084,12.047265070191415,forward_lean_error
68.06701325378671,82.01066047945842,57.6858798774024,13.943647225671711,forward_lean_error
69.23096755275127,80.14187514946921,57.401166440002946,10.910907596717948,forward_lean_error
63.88969242974618,79.5734391576073,55.356151793543155,15.68374672786112,forward_lean_error
65.12984650702812,83.15822973211318,55.112381723327886,18.028383225085065,forward_lean_error
67.21964757512077,84.75018055324365,56.006339380620254,17.530532978122878,forward_lean_error
71.84081612139359,87.73534480957316,56.05386058989268,15.894528688179577,forward_lean_error
77.45699901222861,88.0590263075042,61.48110901350175,10.60202729527559,forward_lean_error
86.162967387706,94.91091648633979,67.22425376351886,8.747949098633782,forward_lean_error
90.4948794579805,97.88608358403005,69.91255507291847,7.391204126049544,forward_lean_error
93.09818739610226,98.88487891013375,70.74217643335191,5.786691514031489,forward_lean_error
95.60061731603274,104.21173140553127,72.7773528568246,8.611114089498528,forward_lean_error
99.23331948191496,117.2121184963707,77.31254753937799,17.978799014455745,forward_lean_error
102.91708222507371,119.39970074836123,81.4814453167714,16.482618523287513,forward_lean_error
103.05634221161272,120.46789046603679,84.54838177434591,17.411548254424076,forward_lean_error
101.10237401258436,118.85088960381206,86.72828187921768,17.7485155912277,forward_lean_error
101.29933196541064,118.36162438506113,90.88817026692026,17.06229241965049,forward_lean_error
110.54331254196642,132.56188667029588,99.00936070685599,22.018574128329462,forward_lean_error
117.16607611088259,137.96555564244863,102.13989777091479,20.79947953156605,forward_lean_error
127.9256570202652,147.3816608107533,110.14085341272096,19.456003790488083,forward_lean_error
135.29162076844088,149.56553912120026,118.32901549941829,14.273918352759381,forward_lean_error
148.96639055901204,162.27446784518904,127.21062109437788,13.308077286176996,forward_lean_error
150.36043041937575,165.72046245442178,130.26336321324325,15.360032035046032,forward_lean_error
153.90472223406616,166.46006146413498,139.21340163528663,12.555339230068824,forward_lean_error
151.81097044595202,166.35126154544412,138.54604477910522,14.540291099492094,forward_lean_error
153.41387158120196,166.63557353755817,142.18840691373788,13.221701956356213,forward_lean_error
156.07960154880055,166.94682235801213,152.12790786603873,10.867220809211574,forward_lean_error
158.0784583152523,165.3167418689261,157.92653473744542,7.238283553673796,forward_lean_error
161.3522081843296,163.95667434595833,169.8838094151935,2.6044661616287215,forward_lean_error
161.97709397972878,163.80269094353886,170.6559876983635,1.825596963810085,forward_lean_error
162.0682951473917,163.94997076903738,169.42548637974036,1.8816756216456838,forward_lean_error
161.66876399785457,163.44206599352904,168.40722059427748,1.7733019956744727,forward_lean_error
161.73172080161058,163.31940056435397,168.89294914098934,1.5876797627433916,forward_lean_error
162.09793585863812,163.65316721715905,170.1234712251125,1.5552313585209276,forward_lean_error
162.05038058674998,163.86002754442507,170.40479405082743,1.8096469576750849,forward_lean_error
161.77252332950286,163.91981689741704,168.99478707936115,2.1472935679141756,forward_lean_error
161.59860032112064,164.05899504212687,168.6585315517357,2.4603947210062245,forward_lean_error
161.7314466108858,164.08599041245685,169.042512967221,2.3545438015710545,forward_lean_error
161.78589671537662,164.21207596406677,169.38264529453915,2.426179248690147,forward_lean_error
161.82839817649196,164.44219837343513,169.77021033705023,2.613800196943174,forward_lean_error
161.62032706907036,164.38877874618547,169.7401604893778,2.7684516771151095,forward_lean_error
161.53624176385776,164.54366682523184,169.96274636297088,3.0074250613740787,forward_lean_error
161.6702269984848,164.96689532752737,170.79183251463485,3.296668329042575,forward_lean_error
161.9892919219225,165.21275847815,171.94923917438405,3.2234665562274927,forward_lean_error
162.47783062946257,165.6678790199806,172.91515892922308,3.1900483905180295,forward_lean_error
162.57032165490682,165.75743653934842,172.74829191892852,3.1871148844415984,forward_lean_error
162.43162556187855,166.2453428637913,172.10409400909495,3.81371730191276,forward_lean_error
161.96271492031772,165.949011487826,171.2630673468814,3.986296567508276,forward_lean_error
161.14181999125955,164.67214390338273,169.83497272842138,3.5303239121231798,forward_lean_error
151.79890549396842,160.2835522354444,160.40319409697116,8.484646741475984,forward_lean_error
110.6269050603798,136.2247975917743,124.2626409557856,25.597892531394493,forward_lean_error
101.49441257032733,122.75019625776437,116.5138242743571,21.255783687437045,forward_lean_error
96.10095833175448,112.51387727970277,111.26339787104004,16.412918947948285,forward_lean_error
91.54704098808583,111.09822490026126,106.99390181431895,19.551183912175432,forward_lean_error
86.74515434439454,104.77948281612191,102.32027760790697,18.034328471727378,forward_lean_error
86.10082827098385,99.78165117212006,100.21605574233266,13.68082290113621,forward_lean_error
80.04758049714259,90.90958336785994,88.1409228765845,10.862002870717347,forward_lean_error
75.52503507564116,86.16294228031445,86.05042381833549,10.637907204673297,forward_lean_error
70.8328187966273,83.80672929740287,83.54844324148839,12.973910500775574,forward_lean_error
67.96713382332821,80.32554836383282,81.41818519932517,12.358414540504612,forward_lean_error
66.6868636041705,76.61193969831368,79.60424260658,9.92507609414318,forward_lean_error
66.53838690717721,76.1041912520908,75.40595110445295,9.565804344913587,forward_lean_error
65.93322568790452,75.1273338028966,71.19707444550939,9.194108114992076,forward_lean_error
65.26713820172182,72.88170827516349,67.62661671304198,7.614570073441669,forward_lean_error
64.5335475239916,71.38140500876229,59.02856858737861,6.847857484770685,forward_lean_error
65.91895804189373,71.63203964238426,53.975487274723946,5.713081600490526,forward_lean_error
70.30615515721918,70.74437928878636,53.68512989880411,0.438224131567182,forward_lean_error
68.03881418433926,70.45392712126,51.0627213954853,2.4151129369207354,forward_lean_error
66.5908955015076,68.37071134094572,47.60400407762035,1.7798158394381147,forward_lean_error
62.84530383556307,67.77602007910276,44.82459339211992,4.930716243539692,forward_lean_error
60.76999415208969,65.22193905053415,43.8394599783496,4.451944898444459,forward_lean_error
60.347010304832565,64.22111877883606,45.63018940195239,3.874108474003492,forward_lean_error
58.31514105503671,61.0309799167827,44.856196910781705,2.7158388617459863,forward_lean_error
56.46046974708326,60.36748018236079,42.74423252178246,3.9070104352775274,forward_lean_error
53.39035596325351,56.7684099379711,44.112311838460116,3.378053974717588,forward_lean_error
53.04135077128668,57.271226700207094,44.11560988984622,4.229875928920414,forward_lean_error
53.51784015087289,57.09241961899211,44.473898369517705,3.574579468119218,forward_lean_error
56.812123023505066,62.19097141848989,45.35012452316637,5.378848394984821,forward_lean_error
62.42672127166805,69.14071925183367,46.3353499869408,6.713997980165622,forward_lean_error
66.65713051626362,71.08267755947536,47.16669770608583,4.425547043211736,forward_lean_error
69.59764659136195,73.29373913599804,46.15434905164412,3.6960925446360875,forward_lean_error
72.47959289256794,80.78785608370865,51.00986395865915,8.30826319114071,forward_lean_error
77.13595734579842,85.56958344837612,54.40451785321995,8.433626102577705,forward_lean_error
82.97200424220406,93.6115524036629,59.93645925935831,10.639548161458833,forward_lean_error
85.46795032839326,95.4972764106645,62.39025839151569,10.02932608227124,forward_lean_error
85.17442508541828,96.36376645382715,66.72481535335451,11.189341368408876,forward_lean_error
87.60804574311348,102.57354158486125,72.96551042888638,14.965495841747767,forward_lean_error
92.29665818709775,110.12518212926199,80.04393084800304,17.82852394216424,forward_lean_error
95.91468145207811,111.57605316798966,86.1053772777635,15.661371715911542,forward_lean_error
107.7074282906133,124.9248856039802,101.46533807947893,17.217457313366907,forward_lean_error
110.87913603546666,124.4647232955927,103.1783526730667,13.585587260126047,forward_lean_error
117.23900820403223,128.20580306871028,104.63226226780179,10.96679486467805,forward_lean_error
132.1143565273313,142.52433334555056,112.5807896810115,10.409976818219263,forward_lean_error
137.32626789397534,147.99903270711,118.84499105613781,10.672764813134648,forward_lean_error
133.6155057429366,145.40119065097724,116.71431616225651,11.78568490804065,forward_lean_error
141.76605519850884,151.80163494713588,124.61806555950146,10.035579748627043,forward_lean_error
156.00857114283878,161.32828619864284,140.06668564717873,5.319715055804068,forward_lean_error
155.8920010005793,163.49024774600215,142.1390351277716,7.598246745422841,forward_lean_error
156.37707722117213,164.25441469289422,143.68279289848982,7.877337471722086,forward_lean_error
157.14240378572865,164.69440179035513,146.0670997399545,7.551998004626483,forward_lean_error
158.35304626817629,163.49434396563754,150.89471059542058,5.141297697461255,forward_lean_error
159.17059662745785,164.01444253489498,154.76135760665292,4.843845907437128,forward_lean_error
160.20979051709207,164.2770424887977,157.76687454430186,4.067251971705616,forward_lean_error
161.95887265694867,164.29194153978995,165.01608833639824,2.3330688828412747,forward_lean_error
162.1646457392376,164.15992141296312,164.6881382120641,1.9952756737255015,forward_lean_error
162.0158017980739,163.80845997780824,165.61279102128992,1.7926581797343317,forward_lean_error
161.96229817014316,163.89984048938948,167.04784826510001,1.9375423192463188,forward_lean_error
161.84484169835363,164.45629803382502,167.406644774914,2.611456335471388,forward_lean_error
161.38280544480278,165.00855605466364,166.73360329355813,3.6257506098608587,forward_lean_error
160.92703903826268,165.59237417314725,165.62461016704316,4.665335134884572,forward_lean_error
160.81223624664094,165.22852921561312,165.09784877311503,4.416292968972186,forward_lean_error
160.64112323411064,164.94181677870984,164.74959131011303,4.3006935445991985,forward_lean_error
160.33303224014142,164.8034114980397,164.08610984422467,4.470379257898287,forward_lean_error
160.45848558920073,164.77261038843858,164.20536731154658,4.314124799237845,forward_lean_error
160.6480375349696,164.70062292410202,164.45510768086447,4.0525853891324175,forward_lean_error
160.985296402064,164.63617198026512,164.73186385393697,3.6508755782011235,forward_lean_error
160.75774130786243,164.83116416221736,164.71007100666202,4.073422854354931,forward_lean_error
160.53928943783094,164.9853797884249,164.57281981311002,4.446090350593948,forward_lean_error
160.69166670903363,165.82271033753352,165.74670227491458,5.131043628499896,forward_lean_error
160.66401394618865,166.47398709057498,165.0636203723641,5.809973144386333,forward_lean_error
160.3582493773251,166.58816719396276,162.61875937573865,6.229917816637652,forward_lean_error
158.7869823384933,167.59733018305835,158.20336754336503,8.810347844565058,forward_lean_error
150.82664764230142,165.85903835320215,147.7598560130027,15.032390710900728,forward_lean_error
132.1206130225709,154.45446709580833,130.65240576271546,22.333854073237433,forward_lean_error
117.19641203568496,142.13738382714737,115.85990693903206,24.940971791462417,forward_lean_error
97.05833721374026,115.8223759235958,96.30077456598485,18.76403870985554,forward_lean_error
90.06771735200995,107.15166578353174,88.13310953585581,17.08394843152179,forward_lean_error
83.85274473385466,100.08650580092342,83.0952688445777,16.233761067068755,forward_lean_error
78.40968632759481,92.81581360809345,74.63482451552895,14.406127280498637,forward_lean_error
79.20868772366386,88.32197656686343,73.72940918166405,9.11328884319957,forward_lean_error
77.57328492990804,86.8979524928075,70.8132911682144,9.324667562899464,forward_lean_error
75.64619550624403,85.3752056601405,69.86858190092418,9.729010153896468,forward_lean_error
72.81368264194752,84.34851083954545,67.27244289475533,11.534828197597932,forward_lean_error
69.2668495172355,83.90201128087666,64.84379707697956,14.635161763641165,forward_lean_error
70.87962863044126,84.16156990990052,60.56863288856602,13.28194127945926,forward_lean_error
71.79052664316328,82.90633785277615,55.05459142222181,11.115811209612872,forward_lean_error
71.54499046423182,82.27882434394824,53.204323922448516,10.733833879716428,forward_lean_error
65.33599320944542,70.2979543266409,46.654661833313625,4.961961117195486,forward_lean_error
63.410719843081466,66.66441519265179,46.676395106332905,3.2536953495703216,forward_lean_error
62.86769534081697,67.85514371793565,45.424319795251236,4.987448377118675,forward_lean_error
64.62267571147437,68.6602936210949,46.12666098563679,4.037617909620522,forward_lean_error
65.60256351067666,67.19774570973105,46.523391108770745,1.595182199054392,forward_lean_error
65.13676914563999,69.69702181300688,47.658707583728834,4.560252667366896,forward_lean_error
68.02887847328486,71.77094342639535,48.74510938905104,3.7420649531104857,forward_lean_error
71.08318254897561,76.12656407375016,50.74933842207062,5.043381524774546,forward_lean_error
72.68959655619227,79.58149763776538,52.405309040721725,6.89190108157311,forward_lean_error
71.84395363642513,80.42958607739511,53.888749664974064,8.585632440969988,forward_lean_error
76.97029838358074,84.97789510693542,58.31152538925482,8.00759672335468,forward_lean_error
79.97675013505862,87.91820341903416,58.96030772233607,7.941453283975534,forward_lean_error
84.35290957296424,95.6181312850663,64.2003541428705,11.265221712102061,forward_lean_error
89.27222437281648,100.78178565580447,67.3273058417796,11.509561282987988,forward_lean_error
88.48729942341306,102.28290652335195,70.9495067465051,13.795607099938891,forward_lean_error
93.46440273217773,110.82442241222967,77.39013097815223,17.360019680051934,forward_lean_error
99.91088307770312,119.0139276175161,87.04293128852117,19.103044539812984,forward_lean_error
100.47395858120579,119.84765168704381,95.03955737103547,19.373693105838015,forward_lean_error
105.32437733989666,119.00517818800787,102.17226996875524,13.680800848111218,forward_lean_error
110.72590295816643,121.66096589275487,108.43390025606622,10.935062934588444,forward_lean_error
133.95021413233167,146.71584940934537,127.62621725636978,12.7656352770137,forward_lean_error
144.1412511136046,156.24517945611112,132.31362006473532,12.10392834250652,forward_lean_error
150.86152942322389,163.65823140006344,140.1024730050191,12.796701976839557,forward_lean_error
155.29773251698003,165.37597792075766,145.87923964073562,10.078245403777629,forward_lean_error
155.85691332216993,165.97761722445176,153.55074196024677,10.120703902281832,forward_lean_error
155.7240305316507,165.21685959227244,159.4767746351553,9.492829060621744,forward_lean_error
157.21558573085963,164.65554269464016,165.91973408318353,7.439956963780531,forward_lean_error
159.79038272830866,166.552631334175,168.4097727080618,6.762248605866347,forward_lean_error
161.65319593929158,166.91871167637802,173.9604178097014,5.265515737086446,forward_lean_error
160.16663089489947,166.32693392098534,175.07207762132873,6.16030302608587,forward_lean_error
159.08131235702265,165.60734097824655,175.58496316293255,6.526028621223901,forward_lean_error
157.66675666811037,163.3263022714712,176.8559961554942,5.65954560336084,forward_lean_error
161.11999621642107,164.21793254416917,179.61833606479607,3.0979363277481013,forward_lean_error
159.83426722410277,164.32791636756647,178.68906928350333,4.493649143463699,forward_lean_error
158.58946581351321,164.1300632274087,176.1636260318222,5.540597413895483,forward_lean_error
157.2025062897685,164.41049240761132,174.77045759654916,7.2079861178428075,forward_lean_error
157.05979298673265,165.61848517335414,174.22548795453434,8.5586921866215,forward_lean_error
158.13332816319328,166.54847394934066,173.92305385660742,8.415145786147377,forward_lean_error
158.401294677835,166.09058333993931,173.9276137924391,7.689288662104303,forward_lean_error
159.57322627915835,165.37836493209528,172.30508171979434,5.805138652936932,forward_lean_error
159.56919498049953,165.09171056017752,172.07497321612078,5.522515579677986,forward_lean_error
156.3491636543436,161.8192335996948,169.53248565768482,5.4700699453511845,forward_lean_error
156.05270064257405,160.88940531762097,165.45593053268607,4.836704675046917,forward_lean_error
155.93509973632322,161.00029245573216,164.04415191853303,5.065192719408941,forward_lean_error
152.4808759303795,155.74959915044025,164.313838674976,3.2687232200607355,forward_lean_error
152.9716865196456,153.3823043199479,164.26096820233388,0.41061780030230466,forward_lean_error
152.3491539605528,153.43304651726828,167.4128263683261,1.0838925567154831,forward_lean_error
150.98273336292647,149.3343051462313,169.6362679125647,1.64842821669518,forward_lean_error
149.7375982239882,149.46974649981217,168.4933900842166,0.2678517241760119,forward_lean_error
153.675436221681,159.71130344297157,169.75648086420466,6.035867221290573,forward_lean_error
158.5889547874755,164.04466911197517,175.44580049436618,5.455714324499667,forward_lean_error
158.7817124895477,163.3148063081338,175.93219202532987,4.53309381858611,forward_lean_error
157.8043402330569,161.4068626351832,174.71027874990315,3.602522402126283,forward_lean_error
157.13220941537972,159.67389784332696,173.98780289050168,2.5416884279472356,forward_lean_error
158.80757984737,159.19370612901818,175.26800651494278,0.3861262816481883,forward_lean_error
156.04089745975685,159.93352814657405,168.519088610673,3.892630686817199,forward_lean_error
154.58220289645362,159.18307584416124,168.74919745771686,4.6008729477076145,forward_lean_error
143.11743518601932,159.38587955355447,154.53390642491118,16.268444367535153,forward_lean_error
132.59466334756453,115.31906132568723,164.99795915775672,17.275602021877305,forward_lean_error
142.73744482807084,129.51656094440105,153.21192050599552,13.220883883669785,forward_lean_error
138.88552161418403,124.03182336294134,142.71178668843555,14.85369825124269,forward_lean_error
142.58368909894523,135.57122488445486,133.37247391831986,7.012464214490365,forward_lean_error
